latitude,longitude,elevation_m,slope,curvature,tpi_7,tpi_31,tpi_121,roughness_7,roughness_31,relief_31
43.99375,42.00625,954.01013,0.14393833,-0.0013193275,15.230835,26.76587,-7.596863,24.927395,54.342087,210.35815
43.99375,42.01875,925.5877,0.19617487,0.00086223375,-3.7641602,-2.4310913,-35.8219,25.700195,58.97192,210.35815
43.99375,42.03125,877.0466,0.1319585,0.0006078436,-7.6951904,-32.34845,-90.63617,19.305117,52.309776,208.3031
43.99375,42.04375,834.81146,0.17192975,0.001405684,-10.298279,-47.09778,-135.67706,18.950594,43.754284,188.13062
43.99375,42.05625,889.691,0.11977428,0.0011835438,-15.220215,-16.395325,-82.805786,22.481937,47.488155,245.59045
43.99375,42.06875,1026.7391,0.19192746,0.0011639779,1.5844727,53.888977,50.69763,28.475866,51.67809,203.09583
43.99375,42.08125,1033.8931,0.16406828,-0.0004162929,7.183838,51.984985,48.96753,26.069618,51.08877,210.32733
43.99375,42.09375,909.5427,0.24311243,8.882057e-05,-3.8600464,-56.29724,-103.29346,18.354155,53.631847,218.89984
43.99375,42.10625,984.5547,0.1281228,0.0008075701,-5.575989,21.32959,-69.191895,37.580746,56.299976,218.89984
43.99375,42.11875,930.6481,0.1205164,0.000337164,-5.80896,-46.604736,-160.42053,18.146969,54.79222,229.99493
43.99375,42.13125,1044.8458,0.24688078,0.0019773685,-9.464478,-22.49707,-76.28076,39.319206,101.01052,408.47412
43.99375,42.14375,1265.9438,0.2538798,0.0021432617,-12.708618,48.48755,114.41394,45.782093,121.537544,468.16907
43.99375,42.15625,1436.7235,0.17773013,-0.0014878397,15.957031,126.65381,242.95471,23.782871,84.53328,384.83167
43.99375,42.16875,1269.5027,0.069906086,0.002164912,-27.228516,-35.133057,30.742676,28.68144,61.91123,329.75513
43.99375,42.18125,1255.087,0.24218607,-0.0003670234,3.7858887,-3.142456,-18.605835,22.624655,50.90064,215.13586
43.99375,42.19375,1265.8718,0.11112112,-0.0014832669,10.0177,-1.7940674,-29.322021,18.718307,63.147644,240.72217
43.99375,42.20625,1402.1891,0.1440064,-0.0019258409,19.759521,55.154785,102.097046,34.687893,64.611336,290.5681
43.99375,42.21875,1395.9539,0.23309806,-0.0014101958,5.2630615,9.70752,104.99536,26.65755,54.866886,225.26062
43.99375,42.23125,1382.6204,0.1271335,-0.00082005246,7.7574463,4.177368,107.53357,22.69912,61.930405,234.78479
43.99375,42.24375,1383.845,0.14268748,-0.00044399902,-1.3554688,33.681396,129.51514,17.446346,56.874863,275.1527
43.99375,42.25625,1268.6632,0.40090898,0.0017049233,-17.611328,-28.916748,52.896973,45.285206,72.13182,296.9192
43.99375,42.26875,1328.4281,0.15203285,-0.00080307777,10.06543,92.42639,157.51477,33.511192,79.10357,336.69446
43.99375,42.28125,1195.5363,0.267036,0.0010907516,-8.154663,34.50598,69.758545,49.55048,74.736206,354.51514
43.99375,42.29375,1027.4619,0.20325693,0.0014396651,-13.448608,-60.702393,-59.409668,15.700318,55.879333,301.2119
43.99375,42.30625,1133.179,0.08447561,-0.0008335524,11.630005,99.95276,74.31348,20.337772,59.204098,275.82037
43.99375,42.31875,995.4319,0.22378899,-0.0004976028,4.284546,33.770325,-59.22766,27.70379,65.682,272.1142
43.99375,42.33125,874.58295,0.11819464,0.0015234388,-12.0894165,-50.41217,-197.23749,18.758331,45.43608,197.32306
43.99375,42.34375,1024.9132,0.12108434,-0.00164142,15.3585205,56.29535,-70.884155,27.789387,66.7982,267.7343
43.99375,42.35625,1067.6044,0.27234018,-0.0019530762,12.442993,0.40576172,-61.277954,29.146183,100.43655,468.87555
43.99375,42.36875,1161.0161,0.4190542,0.00064330513,-17.618774,-37.377075,1.3945312,54.18256,103.67497,386.6939
43.99375,42.38125,1292.545,0.046705976,-0.00052789855,10.035522,23.6156,95.79736,14.543039,54.32886,272.6211
43.99375,42.39375,1281.6987,0.071247645,-0.0006877151,12.637573,5.182373,53.37805,22.110518,48.231213,235.75317
43.99375,42.40625,1230.5093,0.39841774,0.0011777717,-9.152344,-42.252686,-17.145264,30.407646,59.526257,242.08557
43.99375,42.41875,1233.5135,0.4212171,0.00058462244,-11.035522,-38.558105,-21.983154,31.750984,58.827076,242.08557
43.99375,42.43125,1242.717,0.100253046,0.0020323351,-16.310547,-26.614868,-2.4534912,10.89151,46.342476,245.70203
43.99375,42.44375,1211.628,0.16332863,-0.0015401857,6.936157,-38.497192,-24.093628,35.265068,51.7204,226.83679
43.99375,42.45625,1261.9004,0.051535264,-0.00016085217,3.4470215,14.233643,37.941772,9.1446705,51.54003,226.83679
43.99375,42.46875,1239.8805,0.06228854,1.0022081e-05,-0.48742676,-7.1417236,29.315674,10.535654,43.464066,172.5647
43.99375,42.48125,1243.3829,0.0684014,3.416261e-05,0.8153076,-0.40942383,49.426758,14.709691,43.72642,166.80212
43.99375,42.49375,1244.7466,0.06855906,1.5445774e-05,-0.26281738,-2.4628906,65.659546,12.796484,42.874817,146.57056
43.99375,42.50625,1239.7216,0.07136895,3.445892e-05,-0.32348633,0.068481445,72.397705,13.019217,39.273083,148.27795
43.99375,42.51875,1231.2861,0.07380018,1.6590582e-05,-0.19604492,0.10510254,78.560425,13.402425,36.8273,126.33411
43.99375,42.53125,1221.9098,0.061873876,4.9014983e-05,-0.44458008,-1.1713867,82.34497,11.407234,37.107952,116.26257
43.99375,42.54375,1211.6815,0.06365839,4.4493172e-05,-0.54003906,0.123291016,85.98804,11.736694,35.766605,119.73877
43.99375,42.55625,1199.9093,0.06557384,-2.8041958e-07,0.09472656,-2.022461,87.143555,12.139811,38.924606,124.48828
43.99375,42.56875,1188.176,0.06926789,2.184015e-05,-0.13171387,-5.635254,84.123535,12.990381,43.439613,128.40125
43.99375,42.58125,1184.5128,0.066608205,-2.6188369e-05,0.37426758,-1.3618164,88.49072,11.937336,41.362724,128.19507
43.99375,42.59375,1175.0122,0.050341025,-6.717009e-05,0.8996582,-1.0723877,88.51782,9.354143,37.604855,129.57593
43.99375,42.60625,1153.8568,0.050847273,-4.2114716e-05,0.25561523,-8.801147,75.51807,9.937304,37.166855,132.26172
43.99375,42.61875,1146.4154,0.060532346,-6.905643e-05,0.47875977,-2.729248,74.78137,10.828204,37.143303,142.87085
43.99375,42.63125,1137.4458,0.06474416,-0.00010465823,1.5906982,7.94812,72.27356,11.937336,40.41658,181.78857
43.99375,42.64375,1109.3944,0.09730597,-0.00057907327,11.341797,-0.7803955,48.873047,20.594296,41.824036,168.46179
43.99375,42.65625,1098.1195,0.055506624,1.1578599e-05,-0.20202637,-3.204712,41.193604,10.571187,43.930344,157.35193
43.99375,42.66875,1077.6627,0.10415272,-2.042613e-05,-0.5048828,-11.86377,28.010864,16.313337,49.545433,172.59088
43.99375,42.68125,1073.7615,0.079303354,-0.00012663672,1.3436279,2.3431396,35.87805,14.097872,49.353317,185.01123
43.99375,42.69375,1060.937,0.057691727,-0.00011009554,1.0097656,6.111328,39.366272,9.74038,38.71369,157.42493
43.99375,42.70625,1037.4424,0.039922692,-0.00021652303,3.072876,10.169922,37.230835,6.30476,31.144823,157.16956
43.99375,42.71875,1000.9186,0.094190925,-0.00095162273,12.50769,11.076416,27.289856,18.164183,29.208303,142.62262
43.99375,42.73125,921.8647,0.08072747,0.0015092394,-17.197083,-28.942749,-21.162598,16.460178,36.18615,178.0008
43.99375,42.74375,886.61127,0.014337554,0.0012093211,-10.238831,-35.337402,-19.623352,11.059498,39.042446,157.15509
43.99375,42.75625,905.8518,0.06837204,-2.781243e-05,1.1124268,9.506226,36.83905,10.627206,43.79355,191.90955
43.99375,42.76875,842.737,0.062324878,0.00045340374,-4.953125,-8.375366,-0.71099854,10.833974,48.549587,219.81622
43.99375,42.78125,771.3248,0.13776606,0.0014917125,-16.85498,-14.60321,-55.265686,14.974979,53.193043,277.30267
43.99375,42.79375,664.24036,0.23334652,0.0028270641,-15.689697,-60.624878,-150.27777,25.225855,47.12351,200.30261
43.99375,42.80625,755.978,0.13953681,-0.00093778974,14.750793,25.314697,-53.51935,15.562374,48.46842,179.39417
43.99375,42.81875,812.37946,0.019342972,-0.0014309833,12.708618,31.545715,4.4243774,9.705025,34.60491,140.30286
43.99375,42.83125,752.284,0.14753267,0.002833731,-15.431702,-34.61743,-57.038574,14.32873,36.605156,148.01654
43.99375,42.84375,767.8098,0.12793519,0.00053119817,-2.1843872,-16.650696,-44.252625,17.100803,35.951355,150.20813
43.99375,42.85625,796.4079,0.042536795,-0.00031885787,1.4387817,4.9015503,-18.689758,5.9581876,35.34473,123.15546
43.99375,42.86875,779.0997,0.05034004,-4.647484e-06,-0.0791626,-3.7247314,-33.535522,8.667468,35.96787,139.6576
43.99375,42.88125,751.3012,0.05427772,-2.0689064e-05,0.4802246,-8.774963,-56.270935,8.605957,38.53894,162.22632
43.99375,42.89375,727.43207,0.045323923,0.00013578606,-0.96936035,-16.481262,-73.14581,9.23986,43.796406,166.28833
43.99375,42.90625,718.4106,0.037356284,0.00012363328,-1.6491699,-31.865967,-70.89911,5.720031,40.545498,166.28833
43.99375,42.91875,806.6333,0.05741041,-0.0010084718,9.125061,33.16748,26.86493,10.191909,29.449108,126.65631
43.99375,42.93125,798.4321,0.06761717,-6.590369e-05,1.1583862,19.105774,29.600525,11.968709,28.798872,109.56482
43.99375,42.94375,755.6045,0.076722205,-1.2951645e-05,0.65008545,2.1342773,-2.9418335,14.173038,35.48415,124.06073
43.99375,42.95625,727.61096,0.041594066,2.2741466e-05,-0.64556885,-8.695496,-120.78589,7.079901,22.362078,104.04205
43.99375,42.96875,740.10706,0.037100337,3.6169367e-05,0.5402832,13.088318,-263.4724,4.4860897,14.465476,74.04083
43.99375,42.98125,728.7318,0.019165225,-0.00013915158,2.2526245,22.435547,-429.28687,3.4550688,20.593536,96.41089
43.99375,42.99375,707.8617,0.032529604,-0.00027462444,3.8439941,-374.91077,-607.6958,6.356591,615.3447,1406.9661
43.98125,42.00625,981.6453,0.050924875,0.0013146715,-14.168335,-27.777649,-21.74945,11.805719,55.574276,227.05005
43.98125,42.01875,997.9206,0.112604365,0.00083758525,-10.213989,-5.038147,-2.451355,15.431299,51.45872,238.39899
43.98125,42.03125,962.3537,0.10279922,0.0002988384,-2.7907104,4.4956055,-41.3078,15.433324,53.20068,239.06708
43.98125,42.04375,860.88074,0.03734115,0.00179057,-16.809387,-72.234924,-143.9223,21.097986,50.464714,240.32025
43.98125,42.05625,916.0743,0.27228513,-0.0007021304,-2.2663574,-29.259827,-89.770935,23.640537,48.178703,215.3382
43.98125,42.06875,949.8446,0.106989756,0.00043895375,-10.34436,-37.67267,-58.81128,14.941553,42.655598,185.66754
43.98125,42.08125,1003.41925,0.11583256,0.0013115164,-15.017151,-3.7288818,-12.939087,16.656456,44.127655,205.10571
43.98125,42.09375,934.4608,0.12047597,0.0022813408,-16.099731,-77.0614,-106.37073,15.064445,49.45958,223.14624
43.98125,42.10625,1095.1259,0.15823726,-0.0021898777,18.277588,64.867676,18.897583,20.548723,60.269188,268.77362
43.98125,42.11875,1019.3105,0.15928298,0.00039772515,-5.616272,-4.892273,-90.47858,25.357445,63.724014,268.77362
43.98125,42.13125,1017.0182,0.13984023,-0.0016070368,16.008423,-10.602417,-120.350464,24.320772,61.29641,351.20117
43.98125,42.14375,1121.5111,0.21117821,-0.0010520001,17.52832,13.296387,-43.833008,30.72255,111.665794,487.76843
43.98125,42.15625,1137.6827,0.32286775,-0.0012357816,1.9204102,-51.67334,-64.70349,38.85872,110.6639,442.9577
43.98125,42.16875,1209.1058,0.11676142,0.0035880518,-19.27478,-27.015747,-32.256958,24.947445,80.69774,397.83093
43.98125,42.18125,1273.1382,0.086084925,0.00016677748,-0.37023926,1.9377441,1.4871826,10.776131,50.410812,249.05823
43.98125,42.19375,1294.085,0.181653,5.5304263e-05,-3.2226562,-21.500244,3.2983398,24.917364,57.974133,318.96143
43.98125,42.20625,1395.0458,0.18583539,0.0020179937,-20.40332,4.496826,100.54114,28.8704,71.65106,280.95056
43.98125,42.21875,1497.7985,0.045576338,-0.0007442016,12.007202,62.775513,213.3446,13.190906,48.2014,236.22107
43.98125,42.23125,1392.0425,0.6500138,0.00047240753,-3.2225342,-13.497681,124.476074,59.472683,57.788406,245.969
43.98125,42.24375,1264.3286,0.16424742,0.0006719766,-15.718018,-77.323,18.97461,30.2345,69.67424,298.85486
43.98125,42.25625,1199.0552,0.20443709,0.0010438097,-16.846436,-86.267456,-9.112183,28.206825,69.775536,317.54822
43.98125,42.26875,1136.4025,0.070256785,0.0030449328,-33.287354,-86.07422,-28.983154,24.38237,84.74889,383.51123
43.98125,42.28125,1165.4868,0.24467623,-0.00058599387,13.360596,33.188965,40.69983,33.902435,81.70144,400.85126
43.98125,42.29375,1119.5758,0.20308688,-0.00024252094,-1.9505615,59.440186,27.316528,30.71441,68.77681,274.25635
43.98125,42.30625,950.22217,0.14465682,0.002209018,-16.676208,-46.783875,-121.50635,25.459526,74.996666,275.82037
43.98125,42.31875,897.64185,0.037218474,0.00013426594,-2.4224854,-50.951294,-175.40381,6.0,52.245216,267.12695
43.98125,42.33125,956.3638,0.13627738,-0.00019138992,-2.6485596,-22.98462,-135.81787,30.402508,72.2089,330.0775
43.98125,42.34375,1011.5161,0.4084093,0.000687333,0.27020264,-33.010986,-104.49182,23.051573,67.27648,327.87006
43.98125,42.35625,1126.3492,0.16021433,-0.00061194977,2.2371826,-15.616699,-20.072632,20.778595,96.4041,447.2965
43.98125,42.36875,1362.4169,0.18724461,0.00018817419,-2.1652832,79.417114,187.44958,24.680458,103.18006,408.18896
43.98125,42.38125,1358.6178,0.25475428,-0.0017725177,10.070557,1.1999512,151.73633,24.872173,69.507195,314.77722
43.98125,42.39375,1321.9856,0.15646137,0.003283652,-23.396973,-39.817627,90.665405,29.276697,69.950874,286.79578
43.98125,42.40625,1396.3878,0.1224846,-0.00061642635,11.383667,37.195557,152.8722,21.38925,58.396275,251.25745
43.98125,42.41875,1396.9082,0.09873929,-0.0003204496,5.3117676,56.591064,152.49426,17.811514,55.13166,247.99341
43.98125,42.43125,1350.451,0.1761843,0.00045733055,-9.493286,26.604126,120.48047,21.462175,58.425167,232.62854
43.98125,42.44375,1353.6447,0.074993365,-0.0004479145,6.710205,35.23401,135.9856,12.539936,56.845184,233.45813
43.98125,42.45625,1342.7665,0.07413683,-0.00018977415,0.9124756,22.375244,138.73767,14.508618,48.06376,215.06213
43.98125,42.46875,1337.0039,0.06718335,-9.363007e-05,0.5449219,21.030396,148.93933,13.842868,46.252026,179.21387
43.98125,42.48125,1307.9546,0.117827795,1.918172e-05,-2.8823242,-4.0889893,137.57703,12.830627,44.3396,178.62085
43.98125,42.49375,1316.7856,0.0903692,-0.0008627118,9.134399,22.000732,161.11829,13.019217,46.483868,251.78345
43.98125,42.50625,1233.2184,0.44503495,0.0020151963,-14.772095,-3.5506592,90.24072,38.006577,74.350525,329.34216
43.98125,42.51875,1253.334,0.16565377,-0.0014029755,9.179932,54.26245,125.518555,30.452833,82.9646,303.59796
43.98125,42.53125,1274.7158,0.09416534,-0.00073175645,10.968506,73.31995,160.02588,18.17622,79.33316,294.89032
43.98125,42.54375,1253.192,0.08240932,-0.0007908511,8.988403,58.04297,152.60742,15.354153,69.8391,275.604
43.98125,42.55625,1249.0791,0.13665567,-0.0011974272,11.93811,57.58838,162.04822,23.84848,67.147224,260.17383
43.98125,42.56875,1264.277,0.008171381,-0.00032396312,6.731079,66.07483,185.9469,8.724964,63.218864,247.91449
43.98125,42.58125,1252.7474,0.023085851,-0.00044449136,5.0115967,56.787476,182.6073,5.3851647,61.24949,247.70831
43.98125,42.59375,1242.2416,0.09884529,7.5473145e-05,0.70666504,58.338745,182.27246,11.396272,60.280594,252.72424
43.98125,42.60625,1233.531,0.081959106,1.6229891e-05,2.96521,54.45996,182.14453,10.105692,53.959476,249.40979
43.98125,42.61875,1212.6783,0.036203906,0.00010447334,-0.9291992,36.843872,168.53162,8.551315,46.181705,223.05176
43.98125,42.63125,1194.7128,0.05277326,-6.649534e-06,-0.20410156,29.06372,157.59766,10.931605,38.436638,207.65204
43.98125,42.64375,1179.0383,0.07056448,5.908373e-05,-0.2927246,20.166138,146.60974,12.354149,33.85447,194.28107
43.98125,42.65625,1183.3245,0.04354247,-7.813485e-05,0.73205566,26.243164,154.38562,8.070006,36.25431,162.97107
43.98125,42.66875,1171.9211,0.03834534,-5.751343e-05,0.5253906,17.970215,150.31769,7.28869,36.31804,146.90198
43.98125,42.68125,1144.3348,0.040474363,0.00012407659,-1.5300293,4.8460693,134.22552,6.78233,35.74388,143.78674
43.98125,42.69375,1114.3746,0.058177058,-8.4069425e-06,0.6105957,3.1281738,119.48456,9.810708,37.505,165.50903
43.98125,42.70625,1056.0702,0.09343997,0.0012973946,-10.272827,-16.372437,79.66632,11.274972,44.519657,205.30042
43.98125,42.71875,1035.0835,0.054115128,-0.00046814236,5.665161,4.9467773,79.96796,13.619839,46.658333,216.56
43.98125,42.73125,972.65094,0.07543109,0.0021471789,-10.851746,-27.168518,40.671875,14.469796,44.08089,218.05438
43.98125,42.74375,1011.79755,0.07401818,-0.00050035864,6.946167,36.653076,108.184814,10.662434,42.81355,206.75403
43.98125,42.75625,980.92755,0.020107279,-0.00055891386,8.291382,50.86841,104.51239,8.968696,54.151985,278.22076
43.98125,42.76875,936.92664,0.059607197,-0.0011937036,16.809631,72.707886,76.76373,18.17622,63.480804,287.54633
43.98125,42.78125,835.0316,0.400915,-0.0003718131,-0.8828125,54.204346,-16.212036,29.090376,71.3924,277.30267
43.98125,42.79375,670.7744,0.022477185,0.0004677315,-4.7625732,-61.357178,-175.24286,10.717976,50.456665,195.17896
43.98125,42.80625,752.6666,0.19887167,5.9946913e-05,-15.204285,-15.220581,-92.573364,25.850533,61.205086,236.16266
43.98125,42.81875,798.6638,0.12630771,0.00089842983,-9.93396,-30.722168,-47.971313,12.710724,44.011364,206.79407
43.98125,42.83125,863.3998,0.06054995,-7.1701616e-05,3.1253662,13.013977,15.165649,12.203996,45.192642,189.22638
43.98125,42.84375,840.76746,0.09159094,-0.0008737524,1.6819458,-15.680298,-9.4729,12.888948,53.16425,206.67511
43.98125,42.85625,866.0151,0.049854614,-5.8146732e-05,0.9269409,3.630188,15.283325,9.727538,51.49211,191.4784
43.98125,42.86875,850.06494,0.056419123,-3.9105213e-05,0.31958008,-3.8613892,4.882141,10.419333,52.447,204.91266
43.98125,42.88125,817.57355,0.14749596,0.0007087088,-5.475769,-19.142029,-19.79126,16.662083,57.95796,218.42468
43.98125,42.89375,857.682,0.08219766,-0.0006750942,5.138611,30.959656,29.810791,13.74318,59.99323,209.28674
43.98125,42.90625,836.4962,0.047809403,-0.00048711407,5.048462,20.03601,21.480774,15.710267,54.6403,186.8587
43.98125,42.91875,804.39905,0.047399353,-0.00017154535,2.2544556,-1.579773,2.0906982,10.204165,35.43039,171.36456
43.98125,42.93125,796.10156,0.02606408,-0.00013541237,0.9766846,3.5978394,7.647705,7.7821913,23.107088,123.528015
43.98125,42.94375,774.9461,0.059761055,-0.0001862452,1.9338379,8.9852295,-0.71728516,10.776131,27.184555,114.284546
43.98125,42.95625,749.00055,0.050854314,-0.00010077307,1.0559692,7.4959106,-113.189026,7.976528,22.836374,112.39569
43.98125,42.96875,718.4213,0.0631532,5.7371704e-05,-0.27294922,-3.4006348,-296.19165,9.005207,22.082233,125.35101
43.98125,42.98125,682.6688,0.05526855,-0.0004180902,3.7162476,-24.978699,-484.2445,8.437268,23.712471,111.677185
43.98125,42.99375,649.2877,0.057610072,0.00060662546,-8.010315,-441.05408,-672.9944,8.534855,610.7062,1406.9661
43.96875,42.00625,1072.9585,0.06894755,0.0011049198,-12.682129,-2.1297607,18.372314,12.12951,47.66419,222.68927
43.96875,42.01875,1059.6802,0.12512557,0.0016432466,-11.406372,-5.6481934,11.254883,20.955309,56.970387,239.81415
43.96875,42.03125,1067.1064,0.062248904,-0.0009568298,8.959717,65.92633,18.010254,10.717976,66.61738,286.9829
43.96875,42.04375,899.21454,0.12988164,0.00225695,-18.40448,-84.142334,-148.88898,26.184443,61.373344,259.16455
43.96875,42.05625,1042.0629,0.09298362,-0.00021897166,1.2694092,29.01654,-5.506714,16.30184,65.57915,274.5747
43.96875,42.06875,1000.8588,0.14322232,0.00061729306,-8.588684,-40.84198,-48.136536,19.626194,57.915886,261.42883
43.96875,42.08125,1066.998,0.09176711,-0.0005698818,7.1903076,8.759766,10.352173,11.129914,49.249367,234.73895
43.96875,42.09375,1083.5264,0.18088202,-0.0005007288,8.203125,26.555298,5.2235107,25.806976,47.56049,234.73895
43.96875,42.10625,1024.7493,0.15538351,0.00063522876,-9.568848,-49.578003,-82.70215,14.391838,50.835518,232.93787
43.96875,42.11875,1108.3092,0.13765635,0.00035149572,1.0212402,28.718994,-28.039062,22.090721,49.849773,225.6336
43.96875,42.13125,1016.99835,0.29968178,0.0010795632,-6.760193,-40.31537,-142.52411,20.178888,49.90992,224.89484
43.96875,42.14375,1016.51483,0.22592261,0.0006444206,-11.4783325,-49.14496,-167.79608,22.449944,45.278305,237.51196
43.96875,42.15625,1127.0223,0.15961927,-0.00018016007,0.69641113,15.643066,-88.091064,28.94607,59.709713,283.8753
43.96875,42.16875,1214.4594,0.33755153,0.0009963458,-1.3786621,34.395752,-32.840332,51.87485,70.736305,305.65247
43.96875,42.18125,1343.0347,0.17630428,-0.00093152985,10.705933,80.03735,69.951294,26.026428,74.793045,298.57214
43.96875,42.19375,1359.7162,0.046948634,0.00065470143,-3.8311768,17.516602,70.36389,9.082951,56.298313,364.95142
43.96875,42.20625,1354.5668,0.1389994,-5.481153e-05,-1.4562988,-26.699463,62.833862,30.469246,70.594795,313.65906
43.96875,42.21875,1377.8307,0.19770868,4.1769945e-05,-4.1488037,7.3170166,96.59961,51.89051,97.68252,380.17664
43.96875,42.23125,1473.0206,0.26441026,-0.0041173175,37.854248,138.50085,207.63733,35.39774,84.79313,349.46423
43.96875,42.24375,1341.5092,0.14915203,-0.00020544493,6.13855,57.43811,98.66406,16.583124,68.45619,374.60986
43.96875,42.25625,1243.7516,0.16466561,-0.0009082739,6.6849365,28.82898,34.413574,31.424513,66.389946,282.80078
43.96875,42.26875,1115.7734,0.13610637,0.002320451,-27.398682,-31.278564,-55.019653,26.706741,64.23395,270.43915
43.96875,42.28125,1096.1091,0.18528906,-0.0019931407,23.617065,18.250366,-38.90039,22.017038,59.865475,257.97235
43.96875,42.29375,970.43256,0.092009336,0.00046695716,-10.552124,-38.061768,-137.68695,13.28533,51.978962,244.20691
43.96875,42.30625,921.2799,0.0152586475,0.0012489227,-8.223389,-43.022217,-172.11536,7.8382077,40.967213,232.89264
43.96875,42.31875,968.84937,0.087115794,-0.00035250164,2.6314697,-8.174438,-129.61353,13.774978,51.07103,242.55255
43.96875,42.33125,1078.4827,0.33472633,-0.0010119962,10.869263,21.755371,-38.140625,26.568308,86.05158,383.96887
43.96875,42.34375,1202.453,0.09110097,-0.0013750525,9.872803,69.663086,63.858154,19.451864,84.51109,389.0241
43.96875,42.35625,1200.9102,0.3173648,-0.0031356164,20.007324,-9.434692,36.585083,37.561615,91.41321,423.40344
43.96875,42.36875,1324.513,0.22502612,0.003130225,-24.261963,1.5432129,135.94788,47.188454,87.65914,361.3766
43.96875,42.38125,1469.6514,0.15925755,-0.0022221832,26.698853,99.18286,255.80676,38.62318,72.19158,278.20532
43.96875,42.39375,1406.7157,0.50143963,0.00014703597,7.384033,50.828735,175.86243,61.310684,85.08672,302.69666
43.96875,42.40625,1453.6549,0.099337034,-0.002097865,21.762451,91.84717,216.5354,31.786396,78.677345,289.94043
43.96875,42.41875,1333.7784,0.2147944,0.001927585,-13.040039,-18.131714,100.36279,41.680332,65.72575,277.76587
43.96875,42.43125,1218.2649,0.07658194,0.001089621,-18.904907,-97.60535,0.95166016,21.491278,72.838005,300.48975
43.96875,42.44375,1280.969,0.48727125,-0.0016076708,9.063477,1.5198975,77.38965,58.369514,90.370766,322.17017
43.96875,42.45625,1240.3229,0.24766812,0.0049722968,-34.032227,-35.74817,51.961426,46.28985,95.59289,303.77417
43.96875,42.46875,1290.4491,0.64163345,-0.00089982996,5.8117676,14.234253,119.53088,53.81914,95.82145,311.5531
43.96875,42.48125,1368.8821,0.0120550925,-0.00054047164,12.932983,99.547485,215.99512,21.074274,100.22163,324.26514
43.96875,42.49375,1370.4365,0.037750356,-0.0003235651,5.2886963,125.91089,232.2749,6.344289,103.88094,395.32294
43.96875,42.50625,1200.8733,0.30600485,0.00065772113,1.2108154,48.017334,76.7561,34.380226,111.18734,437.8609
43.96875,42.51875,1051.6378,0.19939865,-0.0011698442,10.640503,-20.078125,-56.453125,28.073565,97.78867,360.33698
43.96875,42.53125,1057.4335,0.2249233,3.0662875e-05,-0.17651367,-0.43981934,-37.094727,34.536213,115.08095,375.2627
43.96875,42.54375,1059.1039,0.23774919,0.00026578252,-0.16027832,4.8216553,-21.045288,39.714607,115.81019,386.92682
43.96875,42.55625,1037.9276,0.3176793,-0.00085596275,2.527832,-13.329468,-29.407349,39.687843,118.49683,389.1093
43.96875,42.56875,1036.3367,0.24938989,-0.0002119883,-0.3572998,-21.677979,-22.92456,38.79594,129.6958,397.82074
43.96875,42.58125,1025.2935,0.14976585,0.0004092778,-5.5654297,-35.433105,-26.270142,34.067947,132.39241,397.61456
43.96875,42.59375,1029.6954,0.15916567,-0.00011359661,-0.016723633,-25.421875,-12.026855,30.828154,128.0039,388.44385
43.96875,42.60625,1039.5737,0.19876015,-0.0010471194,5.000366,-15.592529,6.189087,39.139175,130.58235,389.00995
43.96875,42.61875,1062.0182,0.27380556,0.0006334791,-7.371338,3.0305176,36.32776,53.896893,130.4976,376.30438
43.96875,42.63125,1023.4454,0.14711498,0.0022376794,-25.326843,-39.344055,5.5910034,43.85345,124.237175,362.54205
43.96875,42.64375,1093.9348,0.49552575,-0.00031453776,7.76001,18.529053,81.780396,45.25069,116.424866,349.17108
43.96875,42.65625,1128.8978,0.28731695,0.0010155767,0.5484619,39.268677,121.612,40.151276,105.80643,329.91534
43.96875,42.66875,1166.3071,0.24136358,-0.0037345889,23.454224,54.832886,167.2992,25.31304,89.63328,312.98016
43.96875,42.68125,1192.1284,0.019100573,-0.00035633324,5.4418945,53.617188,205.1278,5.87367,57.249454,259.20374
43.96875,42.69375,1162.5055,0.03279758,-6.0861203e-05,1.8774414,16.986938,189.77094,5.623611,30.72255,181.0174
43.96875,42.70625,1137.8757,0.045696083,-6.905358e-05,0.95654297,15.118774,180.11511,8.3666,39.39702,228.1123
43.96875,42.71875,1104.6656,0.08788443,-0.00026610823,2.7349854,21.708252,161.54077,13.397761,45.490383,224.8028
43.96875,42.73125,1067.3511,0.08359545,-0.00053116254,3.548706,32.070557,138.00958,12.634278,57.57712,310.4178
43.96875,42.74375,1033.0728,0.21704012,-0.0013418044,18.441284,68.31769,121.18652,21.579794,81.52914,350.81287
43.96875,42.75625,860.59705,0.2513644,0.0010532484,-19.910645,-13.7907715,-35.349182,44.476818,97.84363,343.87915
43.96875,42.76875,758.709,0.24127279,-9.396354e-05,0.07476807,-38.967102,-130.7594,19.509613,86.91986,294.87787
43.96875,42.78125,693.3812,0.08264179,-0.00014715796,-2.599121,-61.286682,-195.5426,12.562345,68.09782,266.15222
43.96875,42.79375,733.75476,0.124659725,-0.00012757978,1.9251099,-38.27832,-157.13544,20.677584,76.99066,315.81207
43.96875,42.80625,773.1154,0.19488397,0.0014297504,-25.381226,-59.67865,-120.48718,29.175117,75.44742,316.6607
43.96875,42.81875,882.9957,0.10735102,-0.0031452074,24.456055,0.82470703,-13.2803955,24.011717,54.627144,252.13684
43.96875,42.83125,886.8185,0.19747433,0.002287412,-11.218079,-18.503967,-9.801941,26.17728,43.30055,205.38422
43.96875,42.84375,929.9249,0.12138355,-5.2893996e-05,2.0422363,10.445374,34.019043,12.039,36.077175,172.11896
43.96875,42.85625,956.21387,0.03817316,-0.00015216185,2.5804443,25.650146,63.094116,7.905694,36.97212,146.67395
43.96875,42.86875,945.85675,0.04918202,-0.00015560737,2.0266113,22.329224,61.344788,10.482127,38.980766,160.89252
43.96875,42.88125,927.34937,0.033108965,-0.00019712756,2.4925537,28.07727,53.381287,7.9214897,36.390247,151.49506
43.96875,42.89375,904.9167,0.021107862,-5.897412e-05,0.6782837,29.508545,43.45807,4.408798,30.486677,140.55682
43.96875,42.90625,888.4861,0.031607438,-0.00029611617,4.4188843,34.671448,41.666626,7.2024302,30.214855,140.02936
43.96875,42.91875,831.5427,0.11551234,-1.8555565e-05,2.442749,6.3621216,0.44519043,17.975677,33.146454,142.99274
43.96875,42.93125,746.4298,0.051111404,0.00157464,-16.643555,-55.63434,-68.976135,14.441693,37.310352,159.63123
43.96875,42.94375,753.6,0.15067537,0.0004252826,-1.8041992,-35.12494,-49.10858,18.371174,46.944782,177.6101
43.96875,42.95625,789.1702,0.044655513,-0.00043024396,8.242676,12.430237,-96.96411,19.096792,51.265244,181.07574
43.96875,42.96875,756.44464,0.12018462,-2.6838845e-05,-0.76934814,-3.6641235,-278.33258,22.35509,52.987026,190.31659
43.96875,42.98125,736.0816,0.05187458,0.00040017313,-2.9291382,-4.609558,-447.82538,11.160757,45.20647,180.06879
43.96875,42.99375,742.15576,0.017213047,-0.00017272511,3.0625,-368.62854,-594.12036,4.085034,597.9979,1406.9661
43.95625,42.00625,1147.0999,0.09661167,0.00013427006,0.119628906,10.142334,36.90625,19.742086,59.365395,233.58032
43.95625,42.01875,1130.6661,0.19646202,-0.0015352917,9.80127,-5.2473145,27.870728,31.780497,59.38329,282.05908
43.95625,42.03125,1120.0453,0.0995147,-0.0004953855,6.628784,46.858154,19.55481,21.14533,78.02964,336.10004
43.95625,42.04375,932.40784,0.13101839,0.0029397209,-21.56665,-99.156494,-166.14722,21.034199,66.2467,293.596
43.95625,42.05625,1096.9093,0.23013991,0.00011842715,1.9980469,41.59314,-0.8704834,20.220657,62.261543,295.44513
43.95625,42.06875,1133.4192,0.05084413,-0.00044739444,6.032593,32.312622,33.252563,7.9293756,46.00951,202.12561
43.95625,42.08125,1149.7856,0.1625391,-0.0002455678,3.5549316,27.875,40.207153,21.988634,44.32832,199.60883
43.95625,42.09375,1166.8829,0.08792059,-0.00065741077,6.031616,43.73987,39.60254,15.394804,49.876095,213.193
43.95625,42.10625,1088.418,0.19062038,-0.00023975686,-0.9140625,-30.672852,-61.008423,15.692355,49.56183,213.79749
43.95625,42.11875,1166.6599,0.03162864,-0.0009914443,10.847656,47.039673,-5.911377,7.574629,45.587826,210.31293
43.95625,42.13125,1085.2241,0.21163085,-0.0006970089,2.8186035,-29.968506,-107.62195,18.634645,46.575207,209.76086
43.95625,42.14375,1158.2838,0.10168154,-0.0012741237,12.379028,42.289185,-55.87683,18.165901,50.403374,238.86816
43.95625,42.15625,1090.2805,0.19188443,0.00048796664,-0.71899414,-51.208374,-148.14233,24.90482,59.879044,283.8753
43.95625,42.16875,1183.8438,0.09360107,-0.0014027001,18.82959,-10.774292,-77.805786,20.460327,71.20481,334.53333
43.95625,42.18125,1196.3889,0.1520009,0.0005780031,-11.430908,-83.44092,-84.83557,32.301315,81.118744,322.00476
43.95625,42.19375,1399.0304,0.2092817,-0.0004474226,9.950928,49.94214,106.09656,32.334194,49.70664,271.56177
43.95625,42.20625,1336.5487,0.35220638,8.915938e-05,-5.119507,3.0151367,44.318726,34.260036,51.588516,242.48877
43.95625,42.21875,1224.6227,0.2518295,0.0003189985,-2.6972656,-41.11487,-57.668457,37.624794,69.86863,337.6173
43.95625,42.23125,1158.0798,0.056953285,-0.00020721216,-2.8737793,-68.3811,-108.91809,16.039015,84.66109,374.11218
43.95625,42.24375,1211.7186,0.3520619,-0.0011699117,7.8986816,13.770996,-32.687378,43.862,89.560036,405.51123
43.95625,42.25625,1135.4207,0.13710763,-0.00025742187,1.7839355,-15.507446,-79.104614,20.585188,65.8597,287.33215
43.95625,42.26875,1070.6825,0.1937887,0.001468368,-16.388306,-27.055054,-110.80725,22.819948,46.628853,262.4287
43.95625,42.28125,1020.1507,0.04168653,0.0014588669,-16.345886,-27.420593,-131.96588,11.863811,36.85953,196.7102
43.95625,42.29375,990.23987,0.06054621,0.0010926535,-10.954895,-17.172607,-142.7738,11.953033,37.987663,195.56628
43.95625,42.30625,980.64154,0.13557634,0.00017818138,-3.4118652,-22.33197,-144.93903,21.692453,47.347782,210.38757
43.95625,42.31875,1046.6592,0.14424922,-0.00015984837,7.1290283,-0.47351074,-86.67334,21.75431,64.504845,304.84558
43.95625,42.33125,1071.1519,0.087816395,-0.00019045208,-1.3068848,-55.003418,-79.42798,20.621592,79.58957,324.9945
43.95625,42.34375,1153.0269,0.2542705,0.0005512593,-18.037598,-53.60791,-16.620605,32.973473,72.59304,329.84607
43.95625,42.35625,1330.1648,0.27067202,-0.00045167308,7.841797,51.611694,140.33838,43.583252,70.428154,317.2661
43.95625,42.36875,1339.2344,0.0820474,-0.0011599802,9.171143,8.123779,129.18823,14.811314,56.699867,296.49756
43.95625,42.38125,1234.7297,0.1274309,0.0016512425,-21.321045,-82.583496,5.7666016,20.396078,62.721607,283.46423
43.95625,42.39375,1223.7012,0.12797408,-0.0006132668,1.1693115,-56.965576,-14.810425,19.157244,64.83247,315.03308
43.95625,42.40625,1184.4937,0.12930101,0.0007030971,-6.277832,-86.15857,-55.347534,24.794153,90.6194,348.3977
43.95625,42.41875,1263.1268,0.22162232,4.3450073e-05,0.12927246,8.534912,31.030884,40.00469,103.59416,387.31604
43.95625,42.43125,1257.6472,0.30697075,0.00050755445,-2.9589844,41.27417,43.014038,37.421585,86.132164,388.97705
43.95625,42.44375,1207.2897,0.0536242,-0.0010025618,9.882935,38.533325,7.9554443,12.649111,59.13438,264.45178
43.95625,42.45625,1098.9558,0.14012803,0.0005078159,-7.7401123,-48.32434,-84.46008,16.424068,76.55227,347.25586
43.95625,42.46875,1108.9628,0.021271586,0.00010575979,-1.6942139,-24.326416,-55.40857,14.895469,95.540565,386.32898
43.95625,42.48125,1075.3132,0.118756734,0.0005042622,-4.5825195,-41.8042,-70.42261,19.483967,108.96731,423.80322
43.95625,42.49375,1061.4244,0.19063622,-0.00084052194,5.0533447,-33.90808,-68.97363,27.948614,125.37045,439.18115
43.95625,42.50625,989.0861,0.09764632,0.0004264592,-3.7504272,-47.285706,-124.77826,19.527225,109.68933,439.85724
43.95625,42.51875,932.5756,0.031797215,0.00028903817,-4.3310547,-41.290405,-164.15192,9.307255,58.882298,285.38446
43.95625,42.53125,915.48883,0.012574753,0.0002644892,-3.6549072,-35.045654,-166.78119,4.007805,37.598206,164.05383
43.95625,42.54375,903.8036,0.019133512,-1.1870214e-05,0.8607788,-37.433716,-164.96973,2.236068,43.68495,180.29742
43.95625,42.55625,889.3925,0.015176888,6.9043774e-05,-3.2211914,-37.280518,-167.99017,6.88295,43.58397,192.71259
43.95625,42.56875,877.55914,0.010611005,-0.00014568506,-1.6816406,-38.75824,-172.72443,7.2197647,46.600697,187.37854
43.95625,42.58125,873.8026,0.12830552,0.00026645832,-5.539612,-36.11316,-169.05847,17.67767,50.41949,198.51074
43.95625,42.59375,883.6761,0.08391188,-0.00025347862,3.2331543,-19.751343,-149.45172,18.386477,53.762207,208.25238
43.95625,42.60625,872.11,0.07545059,0.000112960326,-0.26452637,-23.681519,-152.9668,14.796536,58.83292,238.33386
43.95625,42.61875,869.42053,0.06806975,-0.00013532063,1.3234253,-22.445923,-146.96277,15.0996685,66.20234,249.3811
43.95625,42.63125,875.3689,0.0815829,-6.929066e-05,0.40496826,-19.320007,-132.22766,15.06237,78.360146,342.04468
43.95625,42.64375,887.8111,0.0863433,-1.0426015e-05,0.07727051,-20.783813,-112.2204,15.860722,93.02419,369.21472
43.95625,42.65625,904.2768,0.08676476,9.225751e-06,-1.2732544,-24.03009,-88.66284,17.117243,97.6406,370.9245
43.95625,42.66875,945.52,0.17605177,0.00020429514,-0.49957275,-19.27771,-37.056458,30.818014,107.470924,394.5783
43.95625,42.68125,1019.41644,0.13298285,0.00040483446,-3.5650635,-15.125305,49.987915,29.962477,116.282524,376.86322
43.95625,42.69375,1179.5006,0.068789445,0.0011591681,-1.8547363,91.56604,223.79773,13.435029,101.62738,367.48633
43.95625,42.70625,1172.6906,0.14657713,-0.0015023025,15.060913,102.45825,229.19818,19.971855,108.74626,430.85504
43.95625,42.71875,972.4703,0.3554676,0.0024840063,-30.617554,-33.53308,38.53058,68.98143,127.412964,442.8105
43.95625,42.73125,947.88776,0.20235936,0.0010938682,-10.848389,17.065552,19.30835,32.601765,135.57701,423.95795
43.95625,42.74375,833.6556,0.18339851,-8.0818594e-05,4.3189697,-13.42572,-88.44568,34.902542,115.9585,387.25494
43.95625,42.75625,745.97424,0.11353786,-0.0010257999,7.4573364,-36.18628,-171.88446,19.681845,73.3357,343.87915
43.95625,42.76875,704.2941,0.1334524,0.0016464893,-11.683899,-66.60791,-217.30176,20.617044,68.95288,276.93646
43.95625,42.78125,760.5349,0.08475438,0.00185484,-13.521484,-39.578857,-169.3382,17.886797,81.32842,292.61865
43.95625,42.79375,916.78217,0.38044542,-0.0007254592,-0.58898926,46.677124,-21.841675,37.99095,98.48889,407.05103
43.95625,42.80625,971.15765,0.22096452,-3.9272945e-05,1.1054688,27.65216,25.85968,38.000824,93.56649,355.31653
43.95625,42.81875,957.2803,0.16647282,-0.00017377592,-5.4160767,-15.000061,6.190918,25.751213,80.86756,318.69824
43.95625,42.83125,1002.83344,0.049880233,-0.00027975382,5.984375,29.187927,51.884583,11.945188,61.029194,258.89722
43.95625,42.84375,979.79755,0.08064784,-0.00034493447,3.142456,14.791504,32.185425,15.55434,40.14116,190.84015
43.95625,42.85625,976.741,0.022346605,-0.00032952445,5.274353,23.956482,35.33966,6.590713,27.74099,146.88898
43.95625,42.86875,954.14777,0.07365536,-0.00068114756,11.171143,19.422363,25.088257,20.217567,31.326906,136.59998
43.95625,42.88125,856.0675,0.13996448,0.00020768447,-8.799866,-53.096252,-58.667236,19.530424,34.608524,151.62079
43.95625,42.89375,846.9806,0.1601946,-0.00018812854,2.5379639,-40.956665,-52.52356,18.217436,34.981243,155.33228
43.95625,42.90625,861.6535,0.060761116,0.0018614972,-16.491028,-16.480896,-21.44226,15.610494,41.909126,173.79797
43.95625,42.91875,879.28735,0.07251256,-0.00022890426,3.892212,15.33136,14.667175,15.548312,50.369263,196.21442
43.95625,42.93125,879.6725,0.02067892,-0.00013260944,2.737732,34.068787,33.026672,6.88295,45.33004,186.86517
43.95625,42.94375,865.0083,0.044807896,-0.0007247489,7.6410522,37.257324,32.79315,8.634958,32.621887,145.97534
43.95625,42.95625,854.1179,0.026097951,-0.0005453052,9.040039,42.419556,-57.127197,12.695964,27.035856,118.7298
43.95625,42.96875,823.8343,0.04890274,-0.00023176377,4.6531982,32.619568,-231.89581,10.5089245,30.893972,128.50244
43.95625,42.98125,791.64923,0.045966465,-0.00019415638,4.303711,29.220154,-410.10358,8.580502,28.473673,122.29474
43.95625,42.99375,736.3268,0.09194752,4.8408496e-05,0.6165161,-384.37085,-614.40283,13.899191,591.14246,1348.3134
43.94375,42.00625,1222.1213,0.15832095,0.0016449562,-7.7302246,8.319824,54.279297,22.124647,63.19909,260.74683
43.94375,42.01875,1232.7737,0.10200647,1.5175768e-06,3.291626,44.83899,71.22717,18.006943,53.58638,268.94116
43.94375,42.03125,1095.3138,0.21520439,0.0017599491,-17.503906,-27.686035,-63.137085,41.486443,71.46765,351.47522
43.94375,42.04375,981.3876,0.16315691,0.0029172946,-24.294312,-95.75342,-175.3097,30.356218,71.71994,339.04077
43.94375,42.05625,1024.299,0.387047,0.0045183743,-25.89856,-64.17322,-132.20178,31.368774,70.6815,339.04077
43.94375,42.06875,1194.6597,0.06661445,-0.00017318934,2.2645264,62.516968,32.7959,14.115594,51.92302,223.10944
43.94375,42.08125,1184.3727,0.12663227,-0.0006838958,4.911621,13.194824,10.992798,25.722073,40.367065,206.5304
43.94375,42.09375,1191.3097,0.20258473,-0.000327527,2.2941895,0.7423096,2.9332275,22.3467,45.731552,219.99951
43.94375,42.10625,1207.4971,0.11197249,-0.00047639984,6.029785,10.122314,4.902954,16.02732,57.908333,237.66565
43.94375,42.11875,1180.5731,0.09797006,0.00022046691,-5.772827,-14.601685,-38.574707,13.869931,61.74848,239.68176
43.94375,42.13125,1137.4525,0.21731411,0.0027106102,-15.454346,-49.28833,-98.69629,17.961765,55.188313,239.68176
43.94375,42.14375,1181.3827,0.11816578,0.00027903222,-1.9423828,-10.13623,-73.12537,22.486107,52.28886,229.41797
43.94375,42.15625,1231.0464,0.24375033,-0.00044886532,-2.8674316,8.022095,-42.30371,21.080204,68.57842,288.65063
43.94375,42.16875,1261.1863,0.17910889,-0.0012964826,4.27124,-1.9439697,-26.628906,32.553802,73.05135,304.89966
43.94375,42.18125,1307.373,0.17072897,0.0008555185,-8.105835,2.0168457,9.419922,15.775772,54.90446,281.43506
43.94375,42.19375,1343.5566,0.07542317,0.00032051772,-5.230835,15.836304,39.254883,13.910428,44.219624,226.0741
43.94375,42.20625,1334.9877,0.0351764,-0.00014132017,0.08569336,22.377563,32.82959,12.328828,46.234455,242.48877
43.94375,42.21875,1239.2728,0.16449498,0.0011541212,-10.129761,-13.438843,-52.48816,18.927494,58.386642,232.50598
43.94375,42.23125,1157.6106,0.03591751,0.0009674688,-14.576294,-29.865356,-118.75952,13.138683,43.847748,215.76062
43.94375,42.24375,1120.4847,0.14644688,0.00014171972,-3.5947266,-30.421387,-132.9469,21.86607,38.159206,175.52014
43.94375,42.25625,1067.5094,0.06293849,0.0025473675,-23.969238,-51.685425,-159.38464,16.194136,42.981102,225.63074
43.94375,42.26875,1075.8805,0.24891773,-0.004177508,22.874146,-15.42688,-123.37378,28.88555,46.538963,213.92981
43.94375,42.28125,1004.3729,0.1692338,0.004295217,-19.960083,-70.01697,-174.55554,32.960205,54.720882,221.89514
43.94375,42.29375,1091.3815,0.24467577,8.402884e-05,8.223633,29.825195,-76.87366,37.225662,59.055058,242.59058
43.94375,42.30625,1066.8617,0.11928104,0.00042457334,-1.6890869,-0.36621094,-99.53528,15.02498,51.645424,242.59058
43.94375,42.31875,1108.1398,0.19873884,-0.00021769917,4.0354004,7.9694824,-68.954834,22.524986,44.13332,246.20215
43.94375,42.33125,1133.7013,0.14421651,0.00032758,-7.512085,-18.596924,-58.798218,33.31666,53.932827,261.66187
43.94375,42.34375,1152.4387,0.14800139,0.00033420091,-9.196533,-71.961914,-55.143433,15.145131,68.99909,304.20667
43.94375,42.35625,1292.5413,0.35560524,-0.0027016024,15.325317,-6.600342,69.866455,37.932507,59.899918,260.5254
43.94375,42.36875,1392.8967,0.012610977,-0.0021106016,22.942383,72.93359,154.04395,15.157506,39.48734,178.77539
43.94375,42.38125,1309.8228,0.1919401,0.0002527282,-2.4187012,29.48816,58.35083,28.753262,47.6655,218.11353
43.94375,42.39375,1199.7618,0.24136193,0.0013201965,-11.551758,-29.81482,-54.632202,29.400255,50.973034,227.00085
43.94375,42.40625,1197.8142,0.11206926,-0.00024633028,3.232788,16.083008,-53.15088,26.976841,48.306313,232.42053
43.94375,42.41875,1169.5873,0.037880465,-0.00068447343,11.30542,22.27417,-70.179565,13.702189,47.844803,237.78015
43.94375,42.43125,1080.6442,0.1364476,0.0011969836,-11.937622,-42.841797,-139.7815,16.374523,59.204098,267.00513
43.94375,42.44375,1079.8488,0.09375236,-4.3823762e-05,-1.2349854,-14.621704,-125.11096,21.808828,57.37704,249.5
43.94375,42.45625,1064.8693,0.04937677,9.942722e-06,-0.14794922,2.2114258,-123.090454,9.578622,43.580387,213.11841
43.94375,42.46875,1051.1603,0.103493676,-0.0006577479,8.126343,14.904053,-115.7428,9.519716,34.43472,138.76764
43.94375,42.48125,995.1563,0.10200863,8.954877e-05,-1.28302,-22.46283,-151.9726,11.567736,34.13118,149.46057
43.94375,42.49375,960.60583,0.014094308,0.00019712317,-4.1610107,-39.678284,-170.12866,6.694214,34.10645,136.68579
43.94375,42.50625,952.06445,0.04848149,0.00065682887,-6.0151367,-22.001465,-160.27173,11.805719,31.789345,142.52301
43.94375,42.51875,946.58734,0.02028867,0.00016990246,-0.8535156,-9.62616,-147.7403,2.772634,21.621748,95.621216
43.94375,42.53125,965.89954,0.10922946,0.0010622392,-9.307312,1.2852783,-114.953125,20.935915,40.926765,186.3858
43.94375,42.54375,979.92004,0.19352454,-0.00056871807,12.246704,25.200806,-88.21912,26.303516,46.351913,198.9754
43.94375,42.55625,920.35956,0.072378606,0.000122019504,-0.9818115,-2.2877197,-136.6485,10.784827,32.318726,151.4187
43.94375,42.56875,893.47955,0.02688873,0.0005320603,-4.4438477,-16.424255,-156.24054,7.4456363,32.36993,131.77264
43.94375,42.58125,899.5933,0.07506126,-0.00021099218,0.9562378,-3.38208,-142.21588,14.57738,37.740067,144.39691
43.94375,42.59375,886.065,0.06861458,-0.00017018302,2.0926514,0.29852295,-145.28265,14.600942,32.617096,136.59216
43.94375,42.60625,863.16815,0.039947663,-0.00021375646,3.2958374,-7.312134,-159.0888,9.575359,29.13546,145.25256
43.94375,42.61875,850.1511,0.116420366,-0.0005180498,4.2925415,-11.507568,-161.25006,16.328655,31.737202,139.72656
43.94375,42.63125,814.246,0.038287856,0.0010059148,-11.043396,-39.518066,-186.09601,12.155246,34.308346,142.01599
43.94375,42.64375,809.15985,0.008016151,-0.0001461403,0.8991089,-33.466858,-181.68207,2.3717082,33.345726,154.81909
43.94375,42.65625,800.3317,0.017174281,3.609793e-05,-2.0596924,-33.15045,-182.13715,6.5812235,36.976345,165.72406
43.94375,42.66875,828.7301,0.08670333,-4.1481282e-05,1.9401245,-10.4661255,-141.61993,16.159363,56.3488,246.59113
43.94375,42.68125,836.9403,0.07674009,0.00010693028,-4.775757,-40.34265,-119.795044,16.757462,109.38435,443.05957
43.94375,42.69375,894.60016,0.30712953,-0.0021554085,6.745056,-17.673523,-49.429993,47.66747,140.7007,454.47498
43.94375,42.70625,840.15247,0.41063863,0.004792067,-31.870667,-50.871704,-94.7207,56.863873,138.92534,460.1753
43.94375,42.71875,769.32025,0.0587648,3.8474984e-05,-1.4771729,-66.91589,-162.133,15.856781,105.68822,446.50787
43.94375,42.73125,737.0002,0.060407046,-0.00019602533,-2.833435,-56.557983,-196.68762,7.9686885,66.6338,311.38898
43.94375,42.74375,720.6019,0.06294585,0.00081149326,-8.159668,-59.8042,-217.28064,11.723374,59.458492,292.1385
43.94375,42.75625,793.39606,0.14007221,-0.0014387165,6.49646,-18.233643,-151.41418,20.30394,90.52486,354.68164
43.94375,42.76875,901.396,0.20483305,9.689283e-05,-2.2745972,9.736755,-56.880676,33.345726,122.062485,522.1653
43.94375,42.78125,928.20184,0.12470299,0.0003742634,-3.34198,-28.166077,-45.644287,20.205198,124.13879,518.8803
43.94375,42.79375,961.40094,0.40257472,0.00070813607,-10.251282,-48.858826,-26.624512,57.528255,111.548195,462.63953
43.94375,42.80625,1085.8994,0.12219865,-0.0019572203,20.139648,24.302246,86.382385,23.310406,64.27869,325.76636
43.94375,42.81875,1071.213,0.048482914,0.0006727249,-4.321289,7.1221924,63.562378,7.4077663,42.933086,202.03174
43.94375,42.83125,1003.57526,0.06628479,0.0018046319,-20.186768,-37.846497,-4.170166,16.482946,35.677372,186.66046
43.94375,42.84375,1015.5459,0.041284315,-0.00021691508,8.636475,10.410278,13.698059,17.248188,39.041645,187.56427
43.94375,42.85625,911.1616,0.15677908,0.0028517232,-22.849792,-64.44751,-80.06659,23.432083,44.107822,214.20776
43.94375,42.86875,967.57184,0.0955189,-0.00044313743,4.402893,5.4432983,-8.595337,18.801596,54.188904,209.54285
43.94375,42.88125,948.1463,0.13107178,-0.0009676478,1.6318359,1.295105,-11.445679,12.616953,55.741592,220.96527
43.94375,42.89375,942.69025,0.09051753,-0.00084274466,4.2666016,7.0145264,-0.7675171,13.425721,46.169525,204.59796
43.94375,42.90625,938.3994,0.057045527,4.658839e-05,0.074401855,13.579712,13.084351,9.83298,31.27499,162.63489
43.94375,42.91875,926.11224,0.122059606,-0.0011187644,12.74408,18.104736,21.68689,23.452078,25.231428,129.54956
43.94375,42.93125,832.43536,0.066244625,0.0011335337,-15.987488,-48.816345,-52.046204,15.0789585,31.15285,155.36078
43.94375,42.94375,828.8451,0.1959959,-0.00017158422,2.8901978,-15.4776,-38.834106,19.735754,30.70627,144.51923
43.94375,42.95625,786.2962,0.08480444,0.00011986936,-1.5164795,-24.406006,-156.38983,9.585145,28.044607,136.6325
43.94375,42.96875,760.0433,0.08100225,2.1075353e-05,-0.2779541,-23.37561,-322.21454,7.110731,27.169605,128.48456
43.94375,42.98125,746.2648,0.03413208,4.6317036e-05,-0.22814941,-20.756165,-478.2279,8.154754,32.46344,156.98883
43.94375,42.99375,742.97363,0.045712523,4.300376e-05,-0.2689209,-390.62634,-625.82874,9.387491,583.5783,1348.3134
43.93125,42.00625,1242.6826,0.24904831,0.0020726495,-14.581787,-51.998657,16.258911,27.638288,62.939457,289.3429
43.93125,42.01875,1209.781,0.15895541,9.311554e-05,-2.932251,-13.145386,-12.960083,33.726845,80.63498,342.52734
43.93125,42.03125,1126.2427,0.5311538,-0.00064916996,-2.104248,-24.12378,-94.586426,64.97692,79.78565,352.46887
43.93125,42.04375,1219.3618,0.42465436,1.6817079e-05,7.7854004,67.63452,-1.2401123,47.61565,90.55937,356.65723
43.93125,42.05625,1162.944,0.33225644,-0.0024991953,14.8272705,-3.3320312,-59.29419,51.91098,79.87803,356.65723
43.93125,42.06875,1191.9269,0.15180084,-0.00043156045,8.390381,4.1590576,-39.09021,35.665108,77.853226,360.18225
43.93125,42.08125,1175.2523,0.20435737,-0.0009620718,7.574341,-52.39038,-70.64038,33.9356,65.454185,289.98596
43.93125,42.09375,1178.5464,0.33369797,0.0017969798,-20.83374,-64.60156,-82.20459,35.554535,59.208317,270.1172
43.93125,42.10625,1270.279,0.15341921,-0.00091517426,12.964478,7.222046,1.2727051,32.933647,52.784943,223.9674
43.93125,42.11875,1300.3715,0.06476086,-0.00049787946,8.514404,29.466553,22.499634,9.26013,49.43177,242.70422
43.93125,42.13125,1295.2426,0.16850096,-0.0009063805,7.856079,21.567993,6.7943115,25.300692,59.762028,252.59644
43.93125,42.14375,1282.7874,0.10856315,-0.0016928513,8.276733,2.7261963,-16.957642,24.078,60.17059,252.59644
43.93125,42.15625,1308.5049,0.09058313,-0.0006548372,3.444336,8.4539795,-1.5683594,16.147755,43.16538,202.50159
43.93125,42.16875,1307.4773,0.15101613,-0.00015954943,3.3294678,-5.541748,-6.1987305,22.223299,27.37243,157.4253
43.93125,42.18125,1304.3444,0.16600198,-0.00048295036,6.462158,-1.2133789,-9.24939,27.15465,28.887714,127.31055
43.93125,42.19375,1271.9104,0.13439885,-0.0018280933,14.021851,-18.879028,-40.630127,13.797645,30.497952,153.54773
43.93125,42.20625,1293.6218,0.19007249,0.0002744901,-1.9185791,3.578003,-15.02478,15.664451,28.259954,143.92957
43.93125,42.21875,1312.578,0.028668184,-0.000325712,5.762085,30.03064,15.14856,6.6049223,40.34848,183.51282
43.93125,42.23125,1241.7504,0.14102417,0.000490913,-4.3269043,-7.2703857,-42.227783,18.748333,52.591587,214.70789
43.93125,42.24375,1232.146,0.12937954,-0.00024192664,3.1763916,20.951782,-32.635986,23.221758,57.556496,263.72632
43.93125,42.25625,1196.8967,0.096380234,-0.00022488426,3.4714355,44.3407,-46.9104,17.262676,71.153885,273.92517
43.93125,42.26875,1097.4825,0.5532217,0.0015689897,-11.783325,-36.553467,-128.47278,56.290543,69.92317,282.60974
43.93125,42.28125,1164.1238,0.04166143,-0.0001478097,1.8945312,7.9313965,-51.314087,14.150971,65.71149,284.28516
43.93125,42.29375,1185.8918,0.06478707,-0.00073837955,7.4699707,28.936768,-26.237793,14.3178215,65.210236,278.8908
43.93125,42.30625,1145.3662,0.25546682,-0.0014268175,8.144653,-12.369141,-69.071655,36.61284,71.83488,290.549
43.93125,42.31875,1135.1818,0.116213165,-0.0002101936,-0.75341797,-27.810669,-91.48523,14.186261,66.27971,254.41699
43.93125,42.33125,1160.4344,0.13869847,-5.1296116e-05,-0.444458,-20.882446,-76.92041,10.822431,53.81798,240.10144
43.93125,42.34375,1234.421,0.07190536,-0.00021751583,3.1259766,9.622192,-12.692627,15.390744,53.77848,257.65527
43.93125,42.35625,1261.673,0.16674477,0.00014193042,-4.512329,-5.9298096,4.400635,30.182777,48.881233,240.45801
43.93125,42.36875,1241.767,0.10986297,0.0016928174,-12.279541,-27.662231,-25.237427,16.662083,52.12605,225.27625
43.93125,42.38125,1261.9862,0.10989573,-9.442819e-05,2.6262207,25.18628,-10.361694,13.973188,48.712166,251.81836
43.93125,42.39375,1196.223,0.0887158,-0.0009771461,11.5177,7.180542,-73.18054,13.5,39.520565,220.91187
43.93125,42.40625,1163.5713,0.08098996,-0.00028039806,4.293701,19.66394,-97.52734,8.796306,31.452345,153.28589
43.93125,42.41875,1118.5416,0.048863262,-0.00077907724,10.742798,2.0924072,-126.871216,11.1074295,30.385029,147.56091
43.93125,42.43125,1063.4033,0.10489754,0.0004528571,-3.7939453,-27.563599,-161.63513,9.473648,35.44538,145.9032
43.93125,42.44375,1029.4055,0.025408465,0.00033904993,-4.465332,-40.18445,-180.1261,4.3301272,37.04052,159.43323
43.93125,42.45625,1021.7136,0.06559379,0.0005926257,-7.977051,-38.64441,-169.92908,19.163769,44.22245,175.91882
43.93125,42.46875,1016.28564,0.16166583,-0.00041004628,-1.1522217,-31.62793,-152.9104,17.025717,47.039875,190.4837
43.93125,42.48125,1024.3389,0.06504109,0.00041621772,-4.194336,-11.064941,-123.570435,14.555926,44.603813,177.62012
43.93125,42.49375,1060.8386,0.17664124,-0.00028845618,0.7426758,42.188538,-69.365845,12.242345,40.14894,159.86237
43.93125,42.50625,981.4006,0.034620732,-0.00027357377,0.76171875,-18.143555,-129.6955,5.9947896,34.736507,139.28546
43.93125,42.51875,989.5949,0.075622484,-9.9930134e-05,-1.493042,-6.7643433,-104.903015,9.07951,34.097286,145.96643
43.93125,42.53125,1002.8544,0.049660597,0.00033592712,-2.8125,-6.06604,-79.58362,6.5574384,28.501097,148.46155
43.93125,42.54375,1012.8989,0.051811438,4.7384092e-05,0.2994995,16.484863,-55.512573,7.310096,30.182777,168.00836
43.93125,42.55625,961.88947,0.09779194,-0.0003168326,4.2678223,-2.2629395,-93.97186,10.176566,32.309055,142.69391
43.93125,42.56875,953.944,0.051704623,-0.0008531146,7.248596,-5.633423,-93.27258,10.452272,35.476223,163.44171
43.93125,42.58125,961.54395,0.22363323,0.0016322832,-13.841064,0.01586914,-76.302,19.982805,44.39665,199.93329
43.93125,42.59375,915.63336,0.03233024,-0.00012431019,-1.4307861,-34.260864,-109.70746,8.75,55.638905,231.78302
43.93125,42.60625,934.1583,0.1722481,0.003129151,-18.098267,-2.7131348,-80.21405,23.900837,59.01589,245.11328
43.93125,42.61875,915.4268,0.05661555,0.0011599447,-9.310486,-13.773132,-85.93048,13.7772455,57.68232,275.57947
43.93125,42.63125,916.9126,0.13073532,-0.0017692385,0.61260986,3.6610718,-72.71405,23.742104,52.744667,236.88812
43.93125,42.64375,907.22705,0.12797332,-0.00026541736,1.4464111,25.918457,-72.79834,21.373173,49.77512,179.04724
43.93125,42.65625,848.4123,0.15841548,-0.0003798924,2.0526733,4.1243286,-122.65875,11.543396,44.481037,162.04193
43.93125,42.66875,795.6649,0.063707545,0.00011708859,-2.4956055,-20.507507,-163.25934,11.011357,32.55188,136.294
43.93125,42.68125,773.9977,0.008544389,9.576307e-05,-1.1613159,-28.620361,-171.42993,2.0615528,27.216722,133.2331
43.93125,42.69375,764.03107,0.014927683,-0.00011257418,0.7953491,-29.22882,-170.18549,1.767767,29.838104,155.64014
43.93125,42.70625,759.784,0.040205453,0.00013478474,-0.73687744,-24.35907,-167.50574,6.077623,29.94161,165.5918
43.93125,42.71875,782.9042,0.1517468,-0.0019923777,11.489319,4.4767456,-146.66498,13.865424,26.70557,150.38135
43.93125,42.73125,791.8879,0.0398722,-7.561893e-06,-0.6165161,5.428894,-147.40088,8.584143,35.05353,165.05353
43.93125,42.74375,825.09344,0.22155206,0.0024765206,-16.833313,-12.582886,-128.53131,30.341803,77.39549,336.99408
43.93125,42.75625,1000.0122,0.21325499,-0.0014640132,9.4627075,64.296936,29.23468,34.196125,107.22144,508.2879
43.93125,42.76875,1054.2273,0.17412767,-0.000713734,2.3480225,-0.76989746,62.29065,25.303162,115.110275,478.12292
43.93125,42.78125,1221.7109,0.22105372,-0.0011706165,10.452881,89.11365,207.80536,36.67254,110.14593,374.60193
43.93125,42.79375,1211.9861,0.09188163,-0.00034422489,2.7415771,64.29358,177.48987,18.083141,92.25983,358.09503
43.93125,42.80625,1144.4988,0.23181964,-0.0020435639,10.31543,2.2077637,92.13623,18.758331,52.362915,280.8946
43.93125,42.81875,1115.5626,0.18102986,-0.0004289796,4.8813477,-8.444702,53.029785,27.287817,49.37231,225.4748
43.93125,42.83125,1062.7937,0.25641066,0.0021762806,-14.104614,-34.50403,0.5596924,19.79899,51.38458,225.75403
43.93125,42.84375,1084.6724,0.047248993,-0.0006551087,9.880859,31.463013,31.280396,16.852299,62.396915,289.3186
43.93125,42.85625,1008.0023,0.13139416,0.0009921512,-1.1038208,-18.084473,-32.085693,26.221413,43.978687,227.17749
43.93125,42.86875,1049.5237,0.049338683,-0.0002727171,2.8547363,20.460815,25.647522,9.293816,35.10698,183.97742
43.93125,42.88125,1033.1564,0.058681026,-7.942545e-05,2.2711182,16.246155,26.866455,9.027735,36.698944,157.5639
43.93125,42.89375,998.23615,0.19504991,-0.001168003,5.3132935,7.388977,9.386597,14.184058,33.347603,153.57916
43.93125,42.90625,959.8512,0.18394482,-0.001916934,12.026123,-5.8974,-8.169128,18.813227,35.523758,168.32751
43.93125,42.91875,955.47687,0.07424153,-0.00036012896,1.498291,11.022034,9.533447,13.148193,42.427143,194.02386
43.93125,42.93125,921.8414,0.08417985,-0.00010728229,0.32995605,5.5,-2.6843262,12.830627,43.31859,179.10712
43.93125,42.94375,888.08417,0.059354536,0.00012280897,-1.404419,9.342773,-18.336365,11.505433,40.945084,176.88495
43.93125,42.95625,847.55255,0.08154774,3.4868575e-05,-0.014038086,9.982056,-129.5423,13.301785,40.156723,173.7508
43.93125,42.96875,784.6368,0.14444287,0.001613529,-12.2890625,-42.443848,-326.73395,16.669582,60.757717,340.836
43.93125,42.98125,839.6888,0.1425496,0.0007859477,-7.057251,-24.74939,-409.64386,30.664515,108.24654,441.80133
43.93125,42.99375,853.13074,0.12463547,0.00010166879,-2.463562,-364.33765,-535.6731,24.928648,537.711,1301.5299
43.91875,42.00625,1388.6423,0.15202826,0.0004955095,-7.3875732,59.698486,96.79822,16.777962,76.13393,300.77307
43.91875,42.01875,1285.1736,0.42273057,-0.0014958646,10.486572,53.97229,-5.760742,55.83122,93.91419,375.03772
43.91875,42.03125,1162.2687,0.1567075,0.0010531988,-3.6207275,-41.62439,-129.5387,27.103966,92.09167,386.39465
43.91875,42.04375,1292.2628,0.17812589,0.00011038758,0.20507812,21.026611,-2.3693848,28.97197,100.96224,460.74707
43.91875,42.05625,1280.766,0.11942176,0.00030912223,-0.85498047,2.0952148,-18.507568,17.617462,92.69507,433.13403
43.91875,42.06875,1146.156,0.30801138,0.004558469,-34.05835,-114.0,-162.24792,43.709267,81.71597,380.16772
43.91875,42.08125,1370.1212,0.12573615,-0.000109473454,2.147705,86.7666,48.37976,23.7855,73.38596,286.98718
43.91875,42.09375,1357.1807,0.14991911,0.0012791549,-8.037109,46.562256,23.211914,22.110518,78.64795,329.70007
43.91875,42.10625,1380.1567,0.12796047,-0.00028371037,4.866577,42.898926,41.144897,17.482134,77.09491,308.49927
43.91875,42.11875,1369.2012,0.10355588,-2.2699262e-06,1.1676025,14.120972,26.771484,19.271091,67.71724,282.80005
43.91875,42.13125,1360.6539,0.07243146,-0.0016926861,10.698608,-4.4783936,15.937134,14.181854,55.46846,242.91626
43.91875,42.14375,1378.2131,0.09218105,-0.0009397545,7.753662,10.542603,31.369751,11.440062,47.737564,221.00171
43.91875,42.15625,1340.1039,0.13765135,0.00095254986,-9.212524,-19.258179,-7.613159,16.412647,45.656326,202.65808
43.91875,42.16875,1360.2,0.16314332,-0.0006175265,8.217773,11.160889,16.751343,17.716518,48.94257,202.61768
43.91875,42.18125,1346.6985,0.07561633,-0.000100796744,0.44177246,8.131226,9.172241,13.290034,49.709152,198.74707
43.91875,42.19375,1325.2932,0.08137896,-0.00071218587,7.9815674,6.0770264,-8.139893,14.173038,49.90491,224.35242
43.91875,42.20625,1212.6432,0.2835492,0.0045521967,-36.227295,-81.3042,-115.69751,33.50746,47.783367,213.99646
43.91875,42.21875,1305.6425,0.04762966,-0.00026849774,4.1500244,12.9609375,-11.555664,10.677078,44.565964,228.42505
43.91875,42.23125,1331.2357,0.0630416,-0.00027393422,3.4888916,51.663452,22.59668,8.767839,52.60228,257.96057
43.91875,42.24375,1281.3497,0.065635525,-1.6538102e-05,1.1000977,44.811646,-15.455811,11.062324,62.44097,280.94702
43.91875,42.25625,1122.5623,0.38514462,0.0007699265,-16.379395,-82.874756,-161.33789,50.068703,77.523384,338.12573
43.91875,42.26875,1163.1244,0.58909374,0.0023150272,-18.960327,-54.697388,-113.586426,44.014202,77.39186,327.95166
43.91875,42.28125,1273.98,0.05747746,-0.00069260085,7.1049805,32.713257,0.13696289,7.1326714,56.897934,260.78467
43.91875,42.29375,1233.004,0.3225667,-0.0009891635,1.6810303,-15.582642,-40.796753,28.420942,55.42901,277.2589
43.91875,42.30625,1258.0668,0.06990191,0.00020696675,0.9758301,3.4851074,-17.818604,9.340771,56.09367,263.594
43.91875,42.31875,1288.6348,0.024623787,-0.00034069072,7.4488525,33.69104,4.2753906,7.5828753,61.03585,254.57275
43.91875,42.33125,1299.8068,0.09491153,-0.00067855424,9.457153,37.7417,10.420532,16.937386,63.326534,236.07056
43.91875,42.34375,1311.952,0.18901499,-0.0010085691,15.0177,42.703857,20.578857,25.96151,53.40295,213.8031
43.91875,42.35625,1238.6533,0.21813564,9.288112e-05,-5.3723145,-30.695557,-54.71765,14.084566,41.056362,170.0719
43.91875,42.36875,1210.1964,0.17579386,-8.394558e-05,-4.1989746,-46.53369,-84.77734,18.761663,44.920765,186.43445
43.91875,42.38125,1178.2015,0.14422415,0.0005437642,-10.3376465,-49.67163,-114.890625,15.894181,44.33255,217.53699
43.91875,42.39375,1156.5211,0.18024078,0.00019498705,-8.644897,-31.03894,-126.70618,16.062378,44.36919,208.5907
43.91875,42.40625,1103.1173,0.3288438,0.0032048568,-22.2948,-58.648438,-166.52039,30.130964,45.764343,207.10815
43.91875,42.41875,1130.1716,0.1512159,0.0018353779,-10.777344,-28.825928,-119.73889,15.680402,58.541653,225.22583
43.91875,42.43125,1159.0325,0.11294042,-0.000102148064,3.0480957,12.371338,-68.579346,16.856009,64.42438,240.5072
43.91875,42.44375,1144.9941,0.119201355,-0.00034987793,3.4919434,3.2895508,-66.57263,20.784609,69.44872,241.78064
43.91875,42.45625,1167.9302,0.091881014,-0.0004195941,6.154175,25.663574,-26.95337,15.552331,68.89757,252.48834
43.91875,42.46875,1138.226,0.09860091,-0.0012072494,6.154541,11.346313,-36.25,9.75961,59.002117,244.0036
43.91875,42.48125,1111.3615,0.23550016,-0.0004857795,7.4449463,17.192139,-43.34973,29.396004,47.619587,194.50739
43.91875,42.49375,1049.3397,0.08285376,-0.00048137057,5.503296,-9.6640625,-90.05664,19.694542,44.884575,194.90747
43.91875,42.50625,1075.0278,0.038451485,-0.0025965585,26.398315,22.560669,-48.16089,17.790447,51.294495,204.45789
43.91875,42.51875,1082.9586,0.06025538,-0.00050521607,7.4384766,19.906372,-27.039185,13.856406,52.549976,190.33215
43.91875,42.53125,1047.5098,0.063665666,0.00052873703,-3.4830322,-13.948975,-52.164185,11.800424,48.08456,174.4273
43.91875,42.54375,1036.1735,0.09289698,-0.0001739719,4.644409,2.241211,-49.87207,15.588457,43.48132,199.61475
43.91875,42.55625,998.75555,0.22104648,0.0010251749,-6.029907,-16.311768,-74.34943,19.795834,42.782883,173.54102
43.91875,42.56875,977.21405,0.17933518,0.0030729321,-16.210144,-40.5567,-83.887024,19.79899,45.14975,179.01929
43.91875,42.58125,1029.5814,0.11372467,0.0021024107,-16.260254,4.9884033,-18.722656,13.322912,53.461433,241.40692
43.91875,42.59375,1066.5453,0.3460296,-0.0012705786,14.140503,28.387573,33.96997,31.750984,65.70578,242.54785
43.91875,42.60625,1089.8254,0.04252145,-0.0011709894,11.066528,52.55078,71.77966,15.874508,67.08856,244.38556
43.91875,42.61875,1042.5026,0.1294305,-8.115517e-05,5.1098633,22.29541,38.709473,17.926935,58.051163,220.20648
43.91875,42.63125,947.3646,0.10778694,0.001091974,-14.7664795,-41.111694,-42.137207,16.990807,50.11861,193.37152
43.91875,42.64375,906.25806,0.063502185,0.0017851229,-15.121765,-38.205322,-71.381775,12.472469,48.17157,238.1698
43.91875,42.65625,877.3315,0.045220796,0.0007949804,-6.814514,-21.76178,-89.0058,10.219467,45.94426,242.70764
43.91875,42.66875,875.029,0.14665578,-0.0002457145,6.8131104,16.070984,-77.41223,12.7598,41.42463,187.7268
43.91875,42.68125,856.86816,0.07122381,-0.0005398805,11.781738,30.42517,-81.28992,13.254716,34.977673,182.4538
43.91875,42.69375,800.0427,0.085658975,0.0007657754,-2.2911987,-10.6362915,-126.241455,9.300538,32.778614,139.4306
43.91875,42.70625,828.4518,0.08542929,-0.0001262282,5.866333,17.416382,-92.01526,11.360568,32.840523,139.4306
43.91875,42.71875,787.2527,0.11324934,0.0007364744,-6.5737915,-25.388184,-138.83282,10.253048,25.885565,114.26489
43.91875,42.73125,827.25653,0.039048478,-0.00012769748,1.6540527,-1.4674683,-115.59265,5.695393,31.559467,157.50732
43.91875,42.74375,880.0386,0.09467925,-0.0005858138,7.251892,-11.246826,-87.44922,9.175375,61.78086,294.68146
43.91875,42.75625,994.3176,0.21297128,-0.0010896563,10.248596,4.697876,1.0263062,32.415276,77.59349,403.69232
43.91875,42.76875,1095.3628,0.25299844,0.0014528099,-18.672974,-20.825806,72.6806,48.528343,92.09981,380.0869
43.91875,42.78125,1261.6046,0.11821278,-0.0014694268,10.445801,40.197388,210.51514,24.03383,57.75054,267.35913
43.91875,42.79375,1229.5377,0.22917153,-0.00071115437,4.3950195,-13.080811,151.77173,22.385822,45.99049,217.02307
43.91875,42.80625,1229.05,0.04490332,-3.079582e-05,2.3272705,12.974976,127.78308,10.885771,51.024506,222.90735
43.91875,42.81875,1208.7057,0.1738231,-0.0022088492,13.347656,20.024048,94.64026,23.369318,52.05526,244.93079
43.91875,42.83125,1200.1309,0.05999929,-0.00030484813,5.5270996,47.234985,85.93103,12.5,51.140736,215.29272
43.91875,42.84375,1114.9688,0.1274399,0.0022555937,-14.3741455,15.026733,12.721924,16.837458,58.30309,273.29565
43.91875,42.85625,990.8812,0.13914812,0.004825746,-31.741089,-83.94446,-94.977295,24.497448,46.07467,216.28723
43.91875,42.86875,1089.0511,0.036580913,-0.0002920556,2.8059082,12.03418,20.897583,6.4226165,36.264652,204.4367
43.91875,42.88125,1074.8743,0.024308316,-0.00018073083,1.6479492,15.157471,24.81482,7.8977847,34.60491,169.82141
43.91875,42.89375,978.39594,0.09921225,0.0034661014,-28.830627,-58.512756,-54.558777,21.775846,42.574932,207.86505
43.91875,42.90625,1026.4592,0.07519683,0.00014401176,-1.8916016,13.352051,14.65033,13.138683,41.5,212.73486
43.91875,42.91875,1007.9522,0.08161549,-4.581893e-05,0.35845947,25.17633,17.711853,14.510772,33.442116,158.96515
43.91875,42.93125,943.5096,0.20024492,-0.00048978283,5.100647,-9.345581,-25.625488,24.756311,33.98437,173.89417
43.91875,42.94375,864.96466,0.12102149,0.001711537,-17.052002,-53.900513,-85.62274,15.933455,38.012333,199.79498
43.91875,42.95625,861.0789,0.13385,-0.00040308386,1.7689819,-28.019775,-156.98383,18.9819,42.79749,198.67468
43.91875,42.96875,837.3218,0.10590789,0.0019732497,-12.153259,-53.322083,-309.71912,15.447492,54.716312,306.4594
43.91875,42.98125,1080.2421,0.3919223,-0.0012799808,18.46643,150.57092,-199.20483,42.90979,76.89359,396.57062
43.91875,42.99375,910.3993,0.14943802,2.4225652e-05,-1.0911255,-350.00378,-502.98657,22.300505,506.0021,1204.8147
43.90625,42.00625,1373.1083,0.377736,-0.0069267596,55.85486,54.540405,4.1829834,59.250526,86.79142,313.1455
43.90625,42.01875,1164.3203,0.11544341,0.001356645,-9.248657,-74.36621,-205.6886,17.624557,73.87489,331.05542
43.90625,42.03125,1211.0248,0.22592784,0.00038234424,-6.8900146,-52.374268,-161.97827,27.633766,84.1041,399.05212
43.90625,42.04375,1418.118,0.20676014,-4.2594376e-05,0.07531738,42.11267,41.397705,36.285328,101.38849,414.63794
43.90625,42.05625,1439.8865,0.21197395,0.00013358697,-2.4128418,26.40564,58.704712,35.206535,99.20496,441.74097
43.90625,42.06875,1367.2706,0.34397426,-0.0021176608,9.94751,-0.3256836,-21.952637,37.89954,104.18913,441.74097
43.90625,42.08125,1297.8058,0.5368544,-0.00306769,16.763428,-62.93628,-102.18506,45.5796,85.694954,423.4397
43.90625,42.09375,1295.971,0.08988678,0.0060869423,-32.90869,-91.85925,-113.086914,26.828157,56.303864,284.54517
43.90625,42.10625,1460.3809,0.06136762,0.0003486849,-3.0361328,33.682007,50.063477,11.905881,59.976036,289.8247
43.90625,42.11875,1453.7196,0.069659956,-0.00017562191,-2.9801025,-4.717041,44.832886,11.842719,59.03389,244.69836
43.90625,42.13125,1448.0701,0.10566317,0.0015983541,-10.526001,-8.1241455,43.034424,20.426699,57.99138,244.69836
43.90625,42.14375,1465.9763,0.1765846,5.0222e-05,2.6951904,17.435791,63.537598,22.405357,52.268536,199.89502
43.90625,42.15625,1455.3456,0.10037929,-0.0009813862,10.70166,14.556763,56.612305,17.306068,55.3963,207.32788
43.90625,42.16875,1435.522,0.059313446,-0.00032080806,5.3953857,-0.31066895,44.666626,11.368817,59.707623,239.2699
43.90625,42.18125,1414.9319,0.1087915,0.0019059553,-11.881714,-10.822998,31.81543,16.95951,61.19334,248.68628
43.90625,42.19375,1385.1854,0.08791964,0.00036124937,-5.178955,-18.342407,8.790405,16.374523,62.214348,308.89636
43.90625,42.20625,1371.3043,0.1687932,-0.0004907766,1.0831299,13.344116,0.73876953,19.650064,79.71668,358.02307
43.90625,42.21875,1233.2518,0.1830547,0.0012843205,-11.952148,-60.92395,-128.85217,38.7379,85.377106,361.98926
43.90625,42.23125,1191.6057,0.6968972,0.0016294766,-23.905273,-69.983154,-165.16846,83.79812,72.34293,317.34216
43.90625,42.24375,1250.0327,0.26661697,0.00046937104,3.230713,-22.066895,-97.82434,55.106716,91.95787,362.15796
43.90625,42.25625,1220.5061,0.28800482,0.0021294735,-16.39856,-60.62146,-119.3551,51.853157,91.71219,367.6045
43.90625,42.26875,1353.3365,0.06519915,-0.00042075533,13.35144,50.894653,16.559448,19.426142,77.85564,339.82214
43.90625,42.28125,1331.3279,0.20943476,-0.0034611656,21.996216,8.368286,-2.6949463,43.31426,66.96081,322.95154
43.90625,42.29375,1355.4836,0.09204619,-8.15268e-05,0.8638916,21.884155,24.119629,16.224981,63.08823,266.99817
43.90625,42.30625,1353.6204,0.15672304,0.000898951,-7.0421143,6.7980957,25.081055,24.5153,64.94421,265.713
43.90625,42.31875,1327.844,0.08109368,-7.547226e-05,-1.2059326,-20.530884,-4.119385,16.412647,58.695187,220.41296
43.90625,42.33125,1359.3945,0.056299478,-6.935279e-05,2.7868652,6.519043,27.075928,10.741276,48.150806,192.60132
43.90625,42.34375,1317.9741,0.090861835,0.0013290495,-10.025391,-28.446533,-13.428833,17.467827,45.682327,218.68738
43.90625,42.35625,1351.779,0.034316562,-0.000121351935,2.8111572,24.332642,22.354736,6.901087,45.75478,204.52124
43.90625,42.36875,1335.8708,0.054944575,-0.000637973,6.2773438,36.501343,8.932861,9.949874,50.83183,234.74084
43.90625,42.38125,1296.6289,0.12910864,0.00032100314,-3.9874268,47.414795,-25.943726,15.128615,61.980843,265.5371
43.90625,42.39375,1132.5853,0.19815773,0.0029352228,-25.799805,-90.45862,-179.58508,41.02743,67.09788,269.2046
43.90625,42.40625,1248.1713,0.100089855,0.0007834849,-4.925171,7.409668,-49.557983,11.847996,70.173004,270.15674
43.90625,42.41875,1241.2131,0.08608854,0.0003209749,-4.100586,-14.044434,-34.2865,14.330911,59.178753,259.98108
43.90625,42.43125,1263.4943,0.075802326,-0.0007082645,7.7546387,13.384766,9.375244,15.520148,61.950584,248.37793
43.90625,42.44375,1243.9988,0.1593838,0.00077071495,-7.1276855,-5.965454,6.015747,19.595919,62.300682,248.37793
43.90625,42.45625,1253.9917,0.09591894,0.00024276902,-2.8808594,9.675049,32.05713,15.8311405,56.61272,227.66467
43.90625,42.46875,1204.5062,0.112658106,0.00010555457,-3.6479492,10.098145,-0.0637207,18.564077,67.56016,280.82935
43.90625,42.48125,1124.6447,0.65831023,-0.0027044662,22.291992,-15.345093,-64.114624,48.96044,64.50194,260.44574
43.90625,42.49375,1172.2054,0.044507623,-0.0015090569,12.675903,47.811035,-4.01062,16.105124,67.70617,263.74536
43.90625,42.50625,1118.7042,0.23899317,-0.0015578581,6.4747314,-14.354004,-44.458984,27.665411,59.225204,262.34167
43.90625,42.51875,1141.487,0.16629471,-0.00025059876,0.7388916,0.35058594,-14.094482,13.619839,47.731018,202.3175
43.90625,42.53125,1152.2515,0.05781215,4.5850513e-05,-1.158081,12.8927,4.190674,8.238628,52.814533,212.08386
43.90625,42.54375,1063.9087,0.057988103,0.0016313627,-19.55542,-52.976807,-71.79736,21.888924,74.1603,280.7398
43.90625,42.55625,1065.3694,0.150223,0.00010770618,-8.634155,-39.01587,-58.578613,19.563997,75.32347,282.92474
43.90625,42.56875,1100.2009,0.043794274,0.00097431673,-10.167358,-7.7539062,-10.484253,12.424773,70.05712,278.5323
43.90625,42.58125,1084.2711,0.12752578,-0.00048031425,-4.5144043,-25.854614,-11.194702,14.887074,60.839954,249.35272
43.90625,42.59375,1144.712,0.0789214,3.1314357e-05,2.46875,30.468384,66.33411,6.6332498,36.896816,168.08606
43.90625,42.60625,1118.2472,0.060726378,-0.00038538116,4.9796143,18.01477,55.15686,9.2059765,25.910906,149.15045
43.90625,42.61875,1077.695,0.04036725,-2.3643588e-05,1.6428223,8.071777,33.502197,5.5226803,29.489405,173.80737
43.90625,42.63125,1073.2771,0.0246553,-0.00020638341,2.5772705,40.015625,48.479248,4.358899,41.459316,190.98108
43.90625,42.64375,1038.3726,0.042054627,-0.000694667,6.986206,48.05963,31.044678,10.908712,49.23858,201.14581
43.90625,42.65625,933.50745,0.13515389,0.001177795,-15.192139,-6.758362,-56.17578,29.650042,45.773216,192.32007
43.90625,42.66875,928.1365,0.1252551,-0.00025128244,9.981018,28.161865,-42.003418,20.270052,40.590946,184.3526
43.90625,42.68125,830.97046,0.1272213,0.001372457,-11.055908,-43.62329,-120.2749,10.304732,44.430424,208.53833
43.90625,42.69375,887.7376,0.28101844,-0.0016311937,10.245972,14.824402,-47.323975,25.623476,50.491955,207.65045
43.90625,42.70625,862.3139,0.089334406,0.0005346402,-7.8285522,0.009887695,-65.759155,11.5406885,47.567715,210.64276
43.90625,42.71875,821.31024,0.13657425,2.195945e-05,-2.30188,-26.503601,-114.87732,13.7772455,30.73272,156.07794
43.90625,42.73125,870.10046,0.16905159,0.0008917028,-7.5964966,-1.6351929,-87.20105,22.533308,41.52108,201.15985
43.90625,42.74375,897.89655,0.101801105,0.0008388787,-6.5281982,-31.818176,-90.054504,15.935416,63.121906,319.6386
43.90625,42.75625,1084.0112,0.29713285,-0.0027406334,26.414429,67.74353,62.99341,46.400433,84.79792,339.03967
43.90625,42.76875,1117.3839,0.2700512,-0.0015871264,15.837891,-3.413086,59.115112,40.57863,86.613365,386.98035
43.90625,42.78125,1306.6923,0.18390226,-0.0027805532,21.68396,75.5741,213.60522,33.819374,80.81306,334.15735
43.90625,42.79375,1310.6094,0.15144403,0.0005374462,-4.0722656,17.917236,186.00342,19.909168,45.056908,212.55872
43.90625,42.80625,1234.2518,0.09639523,0.0021941694,-32.426147,-32.336304,82.386475,23.777615,49.46211,231.56616
43.90625,42.81875,1168.74,0.113729484,0.0024958996,-38.865112,-41.418335,2.8132324,28.416544,53.733135,244.45972
43.90625,42.83125,1124.1078,0.1670056,-0.0010967327,7.0706787,-30.697266,-42.243774,24.04683,55.397427,236.62097
43.90625,42.84375,1092.4675,0.1366965,-0.0014027529,7.532593,-38.891846,-62.31128,26.65755,56.313854,245.08008
43.90625,42.85625,1169.8367,0.05091658,-0.00042576392,1.4608154,30.01892,31.971802,13.261787,54.54471,245.08008
43.90625,42.86875,1141.355,0.078379914,-0.00015933042,1.6765137,17.374512,22.818726,13.374416,42.73026,241.06079
43.90625,42.88125,1085.836,0.24933535,-0.0018229095,3.3879395,-8.34436,-13.462891,30.840315,36.915443,190.82635
43.90625,42.89375,1122.2386,0.057568897,-0.00026213104,5.107422,48.42749,39.63391,8.215838,37.015198,167.48492
43.90625,42.90625,1036.8645,0.3248468,-0.000903523,6.877075,-13.848389,-23.674683,30.905096,39.827755,190.72717
43.90625,42.91875,976.9782,0.16590379,0.0014344741,-6.608032,-38.48224,-60.74591,20.402206,49.34572,222.81158
43.90625,42.93125,1025.0537,0.06404038,-9.60513e-05,2.0620728,30.941101,10.034241,11.489125,52.11046,238.06586
43.90625,42.94375,949.9088,0.13509625,0.0023685456,-17.830872,-30.477295,-44.47937,20.722874,63.281612,236.79266
43.90625,42.95625,924.277,0.07710998,0.00232085,-15.7838745,-36.996094,-132.82642,18.84476,56.729073,252.29138
43.90625,42.96875,964.8309,0.0681843,7.411984e-05,0.57696533,19.080017,-215.29181,13.536986,47.930286,248.8825
43.90625,42.98125,915.54895,0.11371305,-0.00037873856,3.1524048,-15.46167,-390.80298,15.751984,41.859886,292.28717
43.90625,42.99375,926.44183,0.06829312,-4.570669e-05,1.7363281,-319.82684,-507.82086,9.450529,511.63428,1202.2786
43.89375,42.00625,1279.661,0.123366036,-9.899663e-05,0.44787598,-61.30188,-162.47827,18.038155,79.75901,323.30176
43.89375,42.01875,1318.6818,0.09530626,-0.00054942124,4.3355713,14.425903,-127.138306,15.815341,70.3589,287.16003
43.89375,42.03125,1348.6915,0.10805079,-0.00026110446,4.1810303,9.885132,-101.88794,16.804018,82.311905,418.66174
43.89375,42.04375,1440.817,0.5202906,-0.006487671,40.26233,4.7888184,-14.328735,56.796787,100.65473,430.30774
43.89375,42.05625,1576.9066,0.064933755,7.361967e-05,-1.5742188,61.515015,117.37573,12.369317,75.838646,320.40918
43.89375,42.06875,1492.4131,0.15705697,0.002437635,-18.718994,-18.214966,24.988892,29.274563,97.15194,427.46948
43.89375,42.08125,1373.1488,0.20492095,0.0059760315,-42.19641,-110.331055,-104.40686,32.202484,97.349884,427.46948
43.89375,42.09375,1494.3202,0.19981162,0.00046430467,-8.543823,6.548462,9.925659,39.214157,94.81429,378.80542
43.89375,42.10625,1442.7354,0.17820978,0.001765478,-13.919312,-77.62268,-38.128418,23.521267,84.2704,369.41235
43.89375,42.11875,1571.3658,0.036095865,-0.00031398115,2.8442383,27.062134,94.57617,10.198039,55.650696,242.30298
43.89375,42.13125,1530.384,0.14692017,0.00010761129,-7.2302246,-10.938232,59.91028,14.39618,48.525764,194.6029
43.89375,42.14375,1462.5487,0.15401937,-2.2533577e-05,-3.7802734,-44.984497,-3.3951416,17.45709,49.269665,249.8562
43.89375,42.15625,1534.0543,0.031209774,-0.00027946237,4.8532715,60.198486,73.055786,5.91608,51.797684,293.37012
43.89375,42.16875,1541.9338,0.09894642,-0.00041774038,6.720581,79.54773,91.16089,11.011357,69.258575,296.96692
43.89375,42.18125,1505.1466,0.119179584,-0.0009516017,5.335327,65.954346,63.18689,20.784609,87.07109,326.95947
43.89375,42.19375,1516.8866,0.04843294,-0.00044475566,10.106812,111.81665,80.61975,11.968709,92.415504,330.66077
43.89375,42.20625,1483.6666,0.17690766,-0.00345649,27.796509,119.077515,50.691406,34.14308,98.077774,362.61975
43.89375,42.21875,1160.0513,0.08003007,0.0032684552,-40.20215,-158.73291,-264.71326,46.4879,106.019455,414.85156
43.89375,42.23125,1359.7373,0.15203823,-0.0009774386,5.5877686,34.102783,-62.04126,28.23783,110.1794,444.89648
43.89375,42.24375,1411.8838,0.3599986,-0.00022734972,4.0908203,32.12854,-5.8153076,31.555506,91.13795,444.89648
43.89375,42.25625,1322.032,0.23957919,-0.0010980624,2.4366455,-62.381714,-92.89661,27.12932,79.38199,368.23755
43.89375,42.26875,1421.8934,0.42264125,-0.0012126405,9.912598,27.150269,7.793213,48.32701,84.468925,361.39648
43.89375,42.28125,1455.875,0.059283283,-0.00018252747,2.1379395,33.348267,48.31494,10.271319,73.95184,316.0432
43.89375,42.29375,1364.6227,0.1483684,0.005797776,-39.06006,-64.00037,-33.500122,32.81006,69.168274,317.89917
43.89375,42.30625,1463.521,0.12999287,-0.00025129717,2.4068604,16.52246,73.164185,21.760056,56.916607,250.87927
43.89375,42.31875,1450.4447,0.119175844,-2.4671193e-05,2.7254639,4.9453125,58.82776,17.727098,59.72018,242.47021
43.89375,42.33125,1436.5828,0.13042499,-7.8395e-05,0.51904297,3.5031738,47.55493,8.645808,53.44974,232.19568
43.89375,42.34375,1412.9635,0.14279214,-0.00019878731,1.2403564,-1.84729,29.417969,23.194826,45.9565,193.09534
43.89375,42.35625,1397.7452,0.0932326,0.0006778813,-6.840576,14.37854,21.150024,20.294704,57.702904,303.3125
43.89375,42.36875,1387.0609,0.16627295,-0.0012168,12.279907,62.91504,16.535156,37.25084,76.624084,306.94983
43.89375,42.38125,1164.147,0.09797733,0.00240041,-17.68457,-107.09314,-201.51318,18.92419,76.4387,338.3634
43.89375,42.39375,1358.8662,0.062283657,0.00015660384,1.0601807,63.024048,4.7629395,12.663925,84.49778,338.3634
43.89375,42.40625,1338.578,0.16978206,-0.0011907275,10.065796,-5.0429688,-0.6218262,20.466436,64.72538,351.10754
43.89375,42.41875,1363.0702,0.127583,-4.2591153e-05,-1.2780762,6.0544434,44.993774,22.610838,64.609406,245.90112
43.89375,42.43125,1347.8192,0.14877424,0.00012093949,-2.0429688,-5.7907715,49.50305,12.323757,65.58296,256.0232
43.89375,42.44375,1337.6495,0.114025585,0.00038956298,-4.6915283,-0.0056152344,53.76953,8.782084,56.582905,236.2456
43.89375,42.45625,1308.7295,0.10028812,-0.0017094169,19.856934,21.29895,37.837646,39.70359,70.4104,355.98987
43.89375,42.46875,1273.2211,0.1309282,-0.0010948031,19.672974,68.93823,15.878906,39.71303,85.10655,362.65515
43.89375,42.48125,1104.9083,0.23806356,0.00062186545,-18.869873,-87.201904,-139.29565,43.356083,88.813,350.86914
43.89375,42.49375,1263.7522,0.028940668,-8.611494e-05,3.7636719,36.159058,26.959229,8.062258,81.53987,350.86914
43.89375,42.50625,1191.1407,0.10027379,0.0024176582,-16.058228,-34.768555,-35.526367,13.946325,65.46468,288.1737
43.89375,42.51875,1235.1692,0.19408888,-0.00033032923,4.831421,12.8897705,13.300537,26.289257,59.886353,255.26038
43.89375,42.53125,1234.0131,0.1282442,-0.0012908786,12.035889,7.105835,18.150513,10.954452,62.568962,280.82397
43.89375,42.54375,1246.5988,0.0733952,0.00014609631,-1.7310791,25.905518,42.06848,12.180927,69.69577,283.04736
43.89375,42.55625,1253.8231,0.04744887,-0.00015743583,2.536621,43.62439,61.3385,9.414085,68.28525,247.8263
43.89375,42.56875,1219.3704,0.08635642,-0.00023124617,1.8033447,22.982422,40.809937,7.5415516,54.66832,226.17407
43.89375,42.58125,1178.7887,0.0771157,0.00074296724,-7.5718994,14.403564,15.135498,12.242345,45.637157,246.31042
43.89375,42.59375,1147.791,0.12972263,0.00014857798,0.8531494,15.2977295,2.5008545,12.539936,38.89409,209.1474
43.89375,42.60625,1094.8834,0.06235112,-0.0010560034,12.303711,-12.788696,-33.348633,26.839802,50.276733,275.17035
43.89375,42.61875,1010.82684,0.18647723,0.004532252,-16.440857,-73.049866,-95.23529,31.316929,57.768936,302.7173
43.89375,42.63125,1045.3481,0.22739053,-0.0040823314,35.31299,-13.223145,-38.477295,38.25,56.6072,314.19287
43.89375,42.64375,930.25037,0.118074134,0.0017842175,-33.465393,-99.735596,-130.57532,25.490194,52.10446,264.40613
43.89375,42.65625,941.71783,0.38605908,-0.002380569,-6.959961,-52.786438,-94.8725,28.981676,61.224483,293.92218
43.89375,42.66875,982.4185,0.24675289,0.0010775701,-5.061157,6.7995605,-29.284119,29.028004,73.66478,294.35504
43.89375,42.68125,946.56104,0.35941643,0.0009590368,-6.198181,-20.932556,-43.051086,37.310352,79.72296,299.17383
43.89375,42.69375,958.4211,0.21885261,0.002803363,-19.310303,12.362915,-14.348999,22.815838,56.01562,259.90527
43.89375,42.70625,908.3335,0.24726665,-0.00064754323,2.8377686,-4.3182373,-58.89441,28.3185,52.59931,229.72955
43.89375,42.71875,856.058,0.068544604,-0.0004966948,0.62054443,-32.950256,-119.42938,7.909646,42.919983,229.72955
43.89375,42.73125,900.7575,0.044894286,0.0016993886,-9.619202,-10.043579,-93.7583,8.728545,37.239094,175.47314
43.89375,42.74375,958.3645,0.16809802,-0.00091063423,5.880371,-8.1362915,-67.21179,17.725334,52.70733,277.872
43.89375,42.75625,1004.6364,0.28733212,0.0031268958,-41.892395,-58.838318,-54.398132,51.96393,91.094734,403.77667
43.89375,42.76875,1152.8947,0.22489339,0.0045244945,-32.43445,-17.869751,56.38208,39.292175,84.796814,382.19086
43.89375,42.78125,1217.38,0.16908322,-0.0013343487,7.373535,-47.097534,85.319336,30.759146,80.472824,336.9215
43.89375,42.79375,1344.8112,0.09388639,-0.0014396558,16.84961,41.306396,181.16077,22.787058,48.801895,215.32288
43.89375,42.80625,1232.8732,0.14619751,0.00032148595,-4.886963,-21.678589,41.749756,21.011902,59.755753,255.63611
43.89375,42.81875,1148.8206,0.179179,-0.0003317317,1.3504639,-39.23999,-58.192627,17.734148,52.10686,244.45972
43.89375,42.83125,1104.189,0.14369896,0.00039708882,-3.0924072,-56.708374,-106.67322,16.085709,57.348713,301.85742
43.89375,42.84375,1210.8,0.22707579,-0.00048866763,4.756958,16.116089,8.359009,33.726845,73.49235,301.85742
43.89375,42.85625,1220.2129,0.17015854,0.0011101888,-6.407593,12.597656,31.132202,26.84213,55.49437,259.31604
43.89375,42.86875,1142.5504,0.27670044,0.0013426837,-1.5958252,-25.546265,-29.501831,30.761177,46.722584,230.61609
43.89375,42.88125,1130.7452,0.12637982,-0.0001953674,0.84765625,-8.043091,-22.5083,15.206906,46.572525,230.4032
43.89375,42.89375,1117.9489,0.13218153,-0.00075894163,8.010498,-0.07141113,-19.646362,21.73994,49.036976,232.36865
43.89375,42.90625,1122.585,0.101426005,-0.0006920039,8.112915,25.30188,8.173828,20.757528,53.891094,247.29498
43.89375,42.91875,1060.4586,0.1966634,0.0005287919,-6.2957764,-6.6098633,-29.09851,29.702694,49.83222,232.49152
43.89375,42.93125,1068.3037,0.18656963,-0.0012547502,8.178101,5.3841553,2.7189941,20.808653,48.306313,211.32831
43.89375,42.94375,1089.6132,0.042827144,-0.0005178639,8.415405,32.469482,46.363403,12.318685,45.556282,226.11768
43.89375,42.95625,1047.8671,0.121466234,-0.001341153,15.043823,22.136475,-53.842407,18.394972,36.17665,176.40845
43.89375,42.96875,998.51825,0.1208523,-0.0006888515,8.827942,-1.8701172,-220.30804,18.716637,35.6046,165.89038
43.89375,42.98125,946.5558,0.13874361,0.0010100756,-13.121399,-25.335022,-392.35034,17.22099,39.19981,169.64734
43.89375,42.99375,925.76447,0.05845992,-2.8188193e-05,2.191162,-342.30255,-534.7487,13.083864,497.42978,1153.1284
43.88125,42.00625,1389.4033,0.23937532,-0.00052034477,-0.11791992,-52.686523,-107.27014,26.650517,97.99617,502.26562
43.88125,42.01875,1450.5479,0.13279502,-0.00088401255,5.3582764,-0.767334,-58.014526,24.8772,126.61161,511.66333
43.88125,42.03125,1401.896,0.1520688,0.0017269637,-13.245605,-82.86499,-118.301025,22.019876,126.5415,502.2091
43.88125,42.04375,1479.6738,0.5844331,0.0028111616,-13.929932,-38.364624,-50.362427,60.856388,103.8039,389.0658
43.88125,42.05625,1463.3198,0.29086712,0.0035673801,-46.563477,-111.83826,-75.64221,48.754486,84.92791,404.69165
43.88125,42.06875,1591.6558,0.35114062,0.0017168599,-17.098022,-24.715698,40.587036,36.128242,69.84447,383.2931
43.88125,42.08125,1660.6348,0.23856881,-0.0018122062,15.268188,38.19922,98.737915,35.334118,86.710724,385.91455
43.88125,42.09375,1616.6915,0.1882844,0.0016485421,-14.975708,-10.597168,52.26111,29.17619,83.40114,385.91455
43.88125,42.10625,1664.905,0.07600519,-0.0008082371,7.992676,57.615967,109.20532,20.012497,73.615555,306.39014
43.88125,42.11875,1642.673,0.072357364,-0.0009205716,8.449219,75.323975,94.900635,16.416454,62.297672,268.88843
43.88125,42.13125,1604.203,0.27854112,-0.0027156307,20.656006,60.673462,64.46594,30.091528,56.511063,250.07361
43.88125,42.14375,1581.8951,0.30253258,-0.00078442966,16.52124,73.135254,46.82263,37.449966,62.06247,266.13696
43.88125,42.15625,1364.7759,0.14091495,0.0027727215,-31.37561,-102.494385,-166.35962,31.33688,62.95435,314.7854
43.88125,42.16875,1350.2545,0.14850606,-0.00024714248,1.7537842,-75.4458,-169.61902,26.10316,79.992966,327.10718
43.88125,42.18125,1260.2831,0.070223495,0.00078292436,-9.921875,-131.89539,-251.40259,16.52271,90.53176,341.41455
43.88125,42.19375,1311.0154,0.21830584,-0.002091141,19.491943,-76.25098,-196.79358,38.423626,98.51396,374.42297
43.88125,42.20625,1250.5211,0.36927497,0.0027692534,-23.285034,-129.1549,-254.72107,42.588142,116.51985,469.16284
43.88125,42.21875,1447.3628,0.153955,0.00032730526,1.6838379,37.13501,-51.927612,33.43651,124.656525,503.06763
43.88125,42.23125,1532.95,0.32494536,-0.0011989964,7.383911,47.029663,33.75647,26.678642,111.64117,521.5842
43.88125,42.24375,1476.2483,0.20134322,0.00039955403,-8.646362,-43.36963,-21.143066,34.18333,101.48152,375.09216
43.88125,42.25625,1457.2137,0.12344671,2.6201777e-05,-0.62280273,-42.300903,-38.1532,22.666054,95.2313,389.2373
43.88125,42.26875,1527.5522,0.3413876,-0.003431535,28.936157,20.311523,36.05298,39.777508,89.56283,381.29004
43.88125,42.28125,1549.199,0.09059645,-6.938359e-05,1.3387451,10.60144,68.150024,17.197384,77.12976,336.52917
43.88125,42.29375,1531.6664,0.1307351,0.00045879534,0.20214844,-2.599121,62.102783,25.019993,69.68859,324.0973
43.88125,42.30625,1553.3928,0.12736851,-0.00045059048,3.097168,18.819702,92.6239,20.639767,53.361973,263.39966
43.88125,42.31875,1542.6877,0.161578,0.00033900168,-4.418213,10.263306,82.850586,20.17424,49.18587,195.41553
43.88125,42.33125,1506.1401,0.083988495,-0.0008148047,3.3648682,-9.544067,52.89746,12.489996,53.05422,210.17712
43.88125,42.34375,1498.1313,0.06534521,-0.00039213523,4.6134033,34.551025,54.167236,15.198684,76.61266,385.60913
43.88125,42.35625,1328.9363,0.36535347,0.0027875728,-29.569824,-58.54236,-105.421265,49.190956,89.16838,357.85217
43.88125,42.36875,1268.6832,0.45256594,-0.0022610335,5.172241,-91.489746,-160.77344,55.98214,108.04513,393.9077
43.88125,42.38125,1464.8068,0.08573401,-0.0004443756,10.024902,88.81641,42.182617,29.862183,119.852516,395.485
43.88125,42.39375,1290.1189,0.3853929,0.0027598278,-18.937134,-113.36426,-118.564575,42.48235,96.17887,395.485
43.88125,42.40625,1442.8739,0.06407865,-0.00055573933,4.2351074,5.8480225,47.33435,9.727538,65.12968,304.86084
43.88125,42.41875,1483.6929,0.05160457,-0.00042600278,6.6522217,31.910522,106.94446,18.601076,57.151115,242.41321
43.88125,42.43125,1438.8569,0.07397597,0.0005524992,-5.984497,12.348267,78.89978,9.7851925,57.67582,282.386
43.88125,42.44375,1447.9434,0.12402067,-0.00068070664,11.701782,70.036255,99.41699,16.109003,66.66896,358.24414
43.88125,42.45625,1388.9755,0.51807165,-0.00536999,40.429077,113.23743,50.77124,60.56608,106.76903,378.55652
43.88125,42.46875,1099.2876,0.1136946,0.0013043267,-9.668579,-113.32971,-226.29236,15.439398,94.95854,396.04724
43.88125,42.48125,1380.9332,0.11320637,-0.0018099921,19.705444,107.58435,63.95398,19.880896,104.13093,396.04724
43.88125,42.49375,1371.4974,0.04031988,-0.0013365461,17.99353,41.99292,58.293335,15.346009,65.92041,348.83582
43.88125,42.50625,1333.6923,0.10864926,-0.00040591045,0.5629883,4.0253906,31.079834,10.6360235,66.89638,292.09668
43.88125,42.51875,1292.9216,0.107815094,0.0009962237,-4.7977295,-31.914795,-5.041992,17.00735,69.474815,268.0797
43.88125,42.53125,1338.1887,0.075971134,0.00037198458,-3.881836,12.001709,47.189453,11.784524,63.882706,264.39136
43.88125,42.54375,1289.7732,0.08444777,0.0015398673,-10.941284,-23.138184,12.078735,23.116552,55.796505,272.99158
43.88125,42.55625,1239.5028,0.176982,0.00072457566,-12.764282,-27.89978,-23.656006,19.735754,61.876892,297.32104
43.88125,42.56875,1268.4886,0.1530983,-0.000874422,14.571045,40.419434,21.613403,36.07631,59.0868,261.9463
43.88125,42.58125,1088.5338,0.1319125,0.0036939825,-32.65222,-111.85535,-141.20667,37.37479,70.84755,311.75952
43.88125,42.59375,1212.5813,0.10296497,-0.00049845077,11.463867,30.861938,3.4230957,40.587868,76.91635,338.11127
43.88125,42.60625,1118.1766,0.6123642,0.0025397309,-16.705566,-51.772705,-74.18091,46.777397,87.063194,355.54083
43.88125,42.61875,1244.4432,0.112991825,-0.0007457307,12.53186,97.97217,75.00781,19.713573,85.23277,353.54358
43.88125,42.63125,1100.9768,0.3904437,-0.0005158037,-8.178101,-23.051147,-45.36975,25.087347,86.1162,329.08508
43.88125,42.64375,1139.5328,0.20220007,0.0016978785,-4.2608643,40.951782,16.255493,29.045223,80.83858,349.89575
43.88125,42.65625,1032.9457,0.120227054,0.0007385687,-10.99707,-51.649902,-66.50708,18.330303,80.7171,343.05682
43.88125,42.66875,1066.6099,0.13352361,0.002451954,-23.361572,-0.82385254,-10.305786,30.04996,67.26812,343.05682
43.88125,42.68125,1043.0968,0.11394904,-1.6553875e-05,1.6690674,-1.2145996,-13.373901,20.350061,53.157784,252.65607
43.88125,42.69375,919.66766,0.0865419,0.005950498,-46.696106,-96.4798,-120.907166,32.381516,61.417118,283.71844
43.88125,42.70625,1012.25214,0.16568238,-0.0002404863,9.746338,31.671875,-21.299866,22.837744,68.07716,309.81506
43.88125,42.71875,970.18823,0.2835192,-0.003308866,22.726013,15.611328,-67.520874,37.19627,62.521496,254.1867
43.88125,42.73125,961.00806,0.36510277,-0.0028534073,21.650208,4.7907715,-90.651,28.066885,53.68368,254.1867
43.88125,42.74375,967.2341,0.12906367,0.0015420567,-8.588501,-16.74292,-109.440125,15.580437,41.862125,209.26642
43.88125,42.75625,1029.2853,0.15087755,0.0009960439,-5.915039,-30.680908,-74.86609,16.78541,75.52814,363.22827
43.88125,42.76875,1106.8763,0.18084608,0.0041933726,-48.35144,-54.39038,-29.627075,44.895714,91.90144,360.2328
43.88125,42.78125,1331.165,0.18240993,0.00087536743,3.9746094,76.55347,162.62964,27.64055,79.52201,333.2517
43.88125,42.79375,1279.4484,0.15032566,0.00044163913,-5.6103516,0.7595215,81.70825,17.599716,50.59768,289.40796
43.88125,42.80625,1188.6252,0.19258983,0.0030030888,-17.06897,-61.476196,-36.33728,19.26136,49.24175,235.9248
43.88125,42.81875,1261.2202,0.1130964,-0.0012167516,10.900391,37.794678,19.782959,16.918924,59.99896,246.91089
43.88125,42.83125,1163.7294,0.23302872,0.0010223393,-10.35437,-54.230225,-83.81445,23.470726,57.696404,254.03455
43.88125,42.84375,1348.5032,0.041017983,-0.0018883751,21.769653,92.59619,105.94299,20.263884,57.857582,269.09314
43.88125,42.85625,1223.9882,0.39425886,0.00010011829,-5.839966,-30.154785,-10.206299,35.68438,58.8462,261.90076
43.88125,42.86875,1265.1025,0.007320713,-0.0014882855,19.678223,49.82727,44.239502,21.84033,48.636406,253.34692
43.88125,42.88125,1169.3534,0.1368865,0.0022841666,-14.476685,-30.729736,-35.34839,23.401388,55.697845,233.50879
43.88125,42.89375,1219.6696,0.037420463,-0.00035369897,3.7265625,40.65149,29.57666,9.75961,49.231594,226.99658
43.88125,42.90625,1117.5924,0.29372323,0.0008797826,-6.7886963,-44.503296,-48.842407,27.456783,51.527905,246.02118
43.88125,42.91875,1141.7147,0.20685756,0.00011567165,-1.3374023,6.513672,-1.0200195,30.639027,56.051315,259.3369
43.88125,42.93125,1140.4481,0.06091314,-0.00036655547,4.173462,20.176025,20.369995,11.313708,44.345238,211.65845
43.88125,42.94375,1044.2578,0.04579494,0.0026344105,-25.849121,-60.604736,-53.509155,19.77688,39.83089,188.4527
43.88125,42.95625,1047.0754,0.14786884,0.00090323325,-13.514282,-29.222534,-104.21802,15.491934,45.05136,195.60065
43.88125,42.96875,1070.7615,0.11358309,-6.0987118e-06,2.0411377,16.26123,-190.7207,17.839563,42.544094,193.01294
43.88125,42.98125,1037.079,0.08644765,3.1532643e-05,-1.3148193,11.042603,-337.36365,14.624466,44.865074,204.98822
43.88125,42.99375,992.5919,0.07206508,-5.284353e-05,0.28375244,-306.00464,-496.9557,10.845506,478.03204,1131.6504
43.86875,42.00625,1511.1101,0.20562832,0.00029410352,-3.557251,-60.454956,-13.204468,24.809273,100.58081,451.96863
43.86875,42.01875,1759.3928,0.20177718,-0.0026005455,25.232056,127.52588,213.18726,25.865034,136.16443,507.3026
43.86875,42.03125,1663.191,0.46483162,-0.0011476676,4.293213,-14.455444,96.23071,48.777557,125.15191,471.96826
43.86875,42.04375,1681.5188,0.13490376,0.00027132872,-2.9698486,4.467407,96.09668,24.38237,120.99277,464.76965
43.86875,42.05625,1691.7058,0.14768155,-0.0006510318,5.0775146,7.4311523,88.84253,27.721832,104.85824,423.45825
43.86875,42.06875,1732.5931,0.25416136,-0.0009983644,5.459839,28.067871,109.42334,17.029387,75.33757,358.73096
43.86875,42.08125,1751.4255,0.13368803,-0.0014911296,12.042236,40.78784,113.19495,21.62753,61.06554,275.19287
43.86875,42.09375,1747.1942,0.08507085,-0.0003457104,3.6656494,76.26013,106.72388,11.456439,76.067406,299.0952
43.86875,42.10625,1501.8,0.41620207,0.0041976934,-35.331665,-108.24231,-129.72046,50.47772,75.00166,305.11926
43.86875,42.11875,1530.4641,0.2880043,-0.0020784794,14.179932,-44.889404,-92.350464,20.402206,69.51259,344.51892
43.86875,42.13125,1572.5216,0.37544414,-0.000145473,0.22229004,-1.5814209,-43.008667,42.47941,88.65664,375.74
43.86875,42.14375,1579.671,0.29671842,-0.0019826342,14.877808,18.059326,-31.798584,53.5327,92.01223,410.4569
43.86875,42.15625,1582.1184,0.23473507,-0.0017644325,15.179321,71.64697,-26.334595,29.291637,77.71905,355.01477
43.86875,42.16875,1418.9396,0.11781914,-0.000882479,3.0284424,-31.167114,-176.76672,20.435875,74.247894,368.70374
43.86875,42.18125,1443.0485,0.20963344,-0.00071931357,5.2701416,-14.724609,-143.23462,29.347061,119.70171,508.38782
43.86875,42.19375,1483.4512,0.666488,-0.0005014324,3.30896,-17.474487,-99.48889,69.06338,128.48248,514.9922
43.86875,42.20625,1502.0104,0.6666947,-0.0013085183,17.990234,-0.6248779,-79.26599,75.153175,111.78663,503.35962
43.86875,42.21875,1618.8429,0.36490527,0.00018183485,3.6323242,69.52881,41.724,33.988968,118.0466,522.54846
43.86875,42.23125,1644.3274,0.32729524,-6.24409e-06,1.6722412,11.520142,67.23767,35.566837,88.07099,382.03418
43.86875,42.24375,1679.965,0.083002076,-0.00015478923,1.9777832,22.549438,104.98242,14.422205,72.52241,308.8313
43.86875,42.25625,1672.215,0.052954108,-0.0002386914,4.7391357,42.03479,103.703735,10.885771,88.808784,362.38916
43.86875,42.26875,1659.9382,0.046673015,-6.165424e-05,4.783203,61.029297,100.01819,13.0958,80.11242,335.02673
43.86875,42.28125,1646.5752,0.031064445,-0.0010469538,17.934937,68.3833,99.04736,27.977669,62.138958,293.8507
43.86875,42.29375,1591.7512,0.39064673,-0.0013766175,16.007324,38.339355,54.206543,51.76147,66.11732,284.0968
43.86875,42.30625,1456.2814,0.17658018,0.0031791718,-20.52295,-79.36157,-74.54993,50.435604,70.60984,290.12244
43.86875,42.31875,1522.9441,0.53008354,0.0015511329,-4.905884,4.4748535,-5.599365,66.211784,80.48292,322.53308
43.86875,42.33125,1602.3229,0.098125644,-0.0012609082,16.538818,108.11951,81.30762,31.380726,97.94514,356.28406
43.86875,42.34375,1453.5232,0.40769753,0.0010771859,-8.208496,16.930542,-55.97998,44.52808,111.350235,385.60913
43.86875,42.35625,1293.0142,0.60750914,0.0010715052,-7.4243164,-104.97742,-206.36816,61.75152,112.42387,472.84656
43.86875,42.36875,1530.2682,0.42941317,-0.0030036354,38.55786,68.96985,34.94275,55.26301,120.77458,472.84656
43.86875,42.38125,1558.0547,0.052980434,-0.00020736713,0.9680176,33.344604,72.08789,10.851267,85.13812,388.11694
43.86875,42.39375,1436.5474,0.27875745,0.0033605401,-33.62622,-92.73694,-33.2146,45.141445,83.32917,383.24036
43.86875,42.40625,1551.9838,0.1059876,0.0004181992,-4.800415,14.508423,97.70166,19.893467,71.55068,365.30737
43.86875,42.41875,1558.6678,0.18726826,0.00012435256,1.0092773,16.46936,125.65723,26.832815,56.863873,247.70044
43.86875,42.43125,1513.7202,0.1419184,-0.00047522667,-3.6433105,32.38806,97.32849,19.893467,81.87185,374.31238
43.86875,42.44375,1313.4323,0.2217052,-0.0012147123,-4.4941406,-61.98181,-94.36536,34.07345,99.29753,442.25952
43.86875,42.45625,1163.2487,0.3119874,-0.00046261953,-8.821411,-110.32178,-239.59668,33.2359,99.512566,389.3838
43.86875,42.46875,1342.0817,0.57646155,0.0028449923,-20.505981,46.963135,-51.999268,77.380554,123.613815,428.49133
43.86875,42.48125,1443.0511,0.14412655,0.00026588858,3.571289,43.68579,51.00183,40.989326,107.03095,462.15833
43.86875,42.49375,1418.5999,0.08573544,0.0008650504,-11.373657,-19.991943,26.46936,13.365067,76.95291,329.16003
43.86875,42.50625,1417.7925,0.05032394,0.00097201095,-7.2025146,-19.713867,34.284424,13.869931,69.671555,281.17065
43.86875,42.51875,1454.1062,0.096553765,-0.00031349986,3.6209717,23.157593,72.08984,11.683321,65.44368,281.17065
43.86875,42.53125,1398.1991,0.07227444,0.00077383453,-12.064575,-3.8729248,23.838623,12.504999,64.89607,338.66992
43.86875,42.54375,1363.6669,0.26026353,-0.0012679801,11.37207,25.939331,3.7434082,44.078056,76.555534,337.21094
43.86875,42.55625,1151.5272,0.048037007,0.0033943965,-35.49292,-140.0553,-191.5409,36.864616,88.46256,351.9557
43.86875,42.56875,1192.8043,0.21548483,0.003928968,-36.725952,-101.53076,-132.18884,38.13791,98.90273,376.4447
43.86875,42.58125,1342.2517,0.1838346,0.00023793422,-5.6463623,54.971558,35.988037,25.583199,89.058266,348.85205
43.86875,42.59375,1282.9595,0.073464274,0.00080959016,-13.03125,-1.5159912,-1.1292725,18.234583,70.28513,320.1781
43.86875,42.60625,1267.6881,0.22606714,-0.0033900081,22.99121,-8.6970215,0.9671631,38.700775,62.34581,327.3075
43.86875,42.61875,1248.6162,0.19583689,-0.0011475413,1.5871582,-3.447876,5.470215,27.085512,66.88983,318.66248
43.86875,42.63125,1194.4816,0.20880006,0.0015553128,-16.086182,-47.191162,-26.504883,26.076809,74.934135,361.6338
43.86875,42.64375,1220.4082,0.2732215,0.0008939522,-12.81958,5.2297363,21.646362,36.51883,81.039345,329.03992
43.86875,42.65625,1218.8838,0.026305715,0.00017859018,1.5307617,50.221924,42.465332,25.233906,78.36294,305.54272
43.86875,42.66875,1044.587,0.48607004,0.0031120833,-22.578857,-83.706665,-112.08142,55.430138,75.515724,334.94244
43.86875,42.68125,1138.478,0.18700916,-0.00029515,2.6070557,27.717773,1.8742676,28.727165,79.1778,351.10065
43.86875,42.69375,1155.8457,0.11900362,-0.0021111853,19.095703,54.334595,35.387695,18.69492,70.164986,314.73102
43.86875,42.70625,1035.3729,0.191214,0.0007283029,-5.6937256,-41.94165,-75.941284,23.656395,73.63084,324.21796
43.86875,42.71875,1065.3691,0.33485714,-0.00015063137,3.6054688,4.6956787,-45.003784,18.265404,80.87027,307.77954
43.86875,42.73125,1048.8971,0.2975661,-0.0015342494,6.9953613,6.9504395,-67.72754,40.773766,79.36624,307.77954
43.86875,42.74375,1023.7935,0.2631773,-0.0018678198,17.256409,-0.302063,-109.300476,24.088379,53.41465,242.37732
43.86875,42.75625,1060.5659,0.022792246,-0.000949296,9.597168,13.526367,-92.00842,7.3569694,42.099583,233.86652
43.86875,42.76875,1057.0117,0.14067456,7.310668e-05,-1.6809082,-35.438843,-120.57056,16.72199,67.99173,361.7602
43.86875,42.78125,1105.702,0.14562716,0.00033051067,-7.149536,-69.48987,-96.97217,21.934563,91.549164,318.2732
43.86875,42.79375,1290.8322,0.12550278,-0.0011805987,9.797607,38.942505,65.3645,18.503378,77.836365,316.72876
43.86875,42.80625,1276.9169,0.20257613,0.0020034448,-15.54126,-28.434937,27.67395,27.251146,64.94613,328.672
43.86875,42.81875,1328.4375,0.117909625,0.00020726226,-2.8459473,3.2520752,64.85547,19.77372,68.831314,305.50745
43.86875,42.83125,1305.1375,0.12856632,-8.7989436e-05,-0.7371826,10.628662,35.9198,22.113344,70.20595,318.02515
43.86875,42.84375,1308.0234,0.4621198,0.00034219163,-1.7064209,8.125,42.641113,43.938877,61.9082,302.78174
43.86875,42.85625,1344.4081,0.19442207,-0.0020487476,17.249268,36.43347,85.17798,27.230497,64.00586,298.0371
43.86875,42.86875,1288.8076,0.28244337,-0.0022588845,16.187012,6.335327,39.785645,28.86174,59.050827,256.9674
43.86875,42.88125,1258.5538,0.23415327,-0.00021532271,-1.3720703,-20.302612,21.714355,26.907248,56.775875,255.24084
43.86875,42.89375,1254.6041,0.31681126,-3.9224375e-05,-3.3724365,-0.21716309,27.926758,28.711931,64.2748,291.78455
43.86875,42.90625,1254.1302,0.23418465,0.00080392836,-3.0020752,32.14258,47.93921,26.476404,54.58594,278.4973
43.86875,42.91875,1196.1473,0.27068585,-0.0021259054,16.514038,1.6126709,9.202026,27.19145,42.561718,201.79553
43.86875,42.93125,1107.5717,0.0676141,0.0048376364,-25.48767,-69.37976,-59.70508,25.46321,49.60721,232.09888
43.86875,42.94375,1175.8044,0.060811084,0.00042266,-2.8016357,17.058594,30.828247,9.943591,51.727654,215.30298
43.86875,42.95625,1121.7299,0.101081036,0.001801835,-12.321045,-1.4107666,-73.96448,14.313456,48.206585,219.01349
43.86875,42.96875,1129.9417,0.06462695,-0.0010106865,14.976807,43.995728,-170.33923,16.863422,32.52883,167.24481
43.86875,42.98125,1058.7354,0.11153636,-0.0012600922,16.888428,1.2806396,-347.91858,21.702534,36.97127,190.8128
43.86875,42.99375,982.3399,0.14098977,0.00049985707,-7.3463135,-342.03754,-532.61127,25.590525,461.58084,1106.2814
43.85625,42.00625,1714.8473,0.4750361,0.0012114496,-9.918945,37.51526,183.7688,52.832283,105.54265,378.33997
43.85625,42.01875,1815.0747,0.09470272,-0.00014960744,-0.69592285,42.77588,255.71924,21.029741,92.376945,379.09216
43.85625,42.03125,1866.6656,0.037407145,-0.0007712921,9.969116,67.45825,279.0946,10.012492,53.6097,260.43823
43.85625,42.04375,1800.3245,0.11543736,0.0013818903,-11.044189,13.83606,188.77454,20.365412,54.518345,218.89355
43.85625,42.05625,1798.3269,0.13995254,-0.0015309226,22.775513,32.98938,162.43262,45.18296,59.021183,253.33826
43.85625,42.06875,1725.2302,0.59190404,-0.0002641258,7.781616,-23.524048,62.788208,75.05831,64.71283,275.47705
43.85625,42.08125,1595.8167,0.3015006,0.0039205644,-42.164673,-128.57275,-85.89734,57.84894,77.582214,319.23035
43.85625,42.09375,1557.9413,0.1652391,0.0016420524,-13.748169,-100.25037,-129.59875,24.351591,84.97205,357.38452
43.85625,42.10625,1623.07,0.019642064,-0.0005606007,4.5374756,-11.373535,-59.654785,21.130547,91.01785,408.9181
43.85625,42.11875,1682.8516,0.40106833,-0.0033672038,19.753296,3.7198486,4.52417,37.91108,111.82464,413.33618
43.85625,42.13125,1768.382,0.24660762,-0.00042072503,6.5266113,74.01257,93.774414,32.584507,94.97368,401.563
43.85625,42.14375,1651.0938,0.46043292,-0.0009927052,2.9266357,2.015747,-25.71936,59.98333,73.0753,347.4984
43.85625,42.15625,1611.3872,0.12297081,-0.00097136386,15.270264,17.673096,-67.46948,21.236761,74.77132,393.9325
43.85625,42.16875,1532.0015,0.12478687,0.00031377753,-3.6208496,-48.16211,-137.61438,22.242977,105.181984,423.04688
43.85625,42.18125,1628.9868,0.63517505,-0.0023012008,11.172119,-3.8754883,-33.03662,54.099445,123.4342,439.5121
43.85625,42.19375,1737.6757,0.30772653,-0.0010410525,10.220825,60.468872,75.60144,36.193924,106.01533,454.23962
43.85625,42.20625,1735.5924,0.19787963,-0.0038413964,25.328613,79.652466,70.62451,28.390139,114.447586,504.03357
43.85625,42.21875,1604.0643,0.49027964,-0.00086758035,-1.9553223,-76.00867,-58.86145,50.06246,106.25794,498.88513
43.85625,42.23125,1756.8645,0.06683041,-0.00031125863,2.3405762,19.055908,94.38159,8.046739,61.949577,309.39563
43.85625,42.24375,1760.0627,0.08356755,0.00014122372,0.24182129,18.477173,103.94336,15.803481,49.616024,304.0708
43.85625,42.25625,1733.2314,0.066803634,-0.000108755456,2.260254,45.213745,90.41516,10.965857,70.70007,333.15198
43.85625,42.26875,1566.4634,0.40117025,-0.0021965294,8.451294,-65.90051,-61.602417,52.538082,75.98355,392.85303
43.85625,42.28125,1588.1425,0.20065054,-0.0013721907,17.543213,-35.66516,-26.566284,52.79915,106.451866,460.8766
43.85625,42.29375,1624.0507,0.17540286,-4.032669e-05,0.13684082,-1.2440186,19.497437,35.017853,131.03435,493.4746
43.85625,42.30625,1581.7716,0.21548429,0.0012216022,-9.944092,-11.3302,-15.471558,30.016663,127.52745,509.98328
43.85625,42.31875,1574.8677,0.22242425,0.00015919337,-2.8811035,65.24658,-18.900024,33.286633,119.06511,480.93494
43.85625,42.33125,1519.7378,0.20033097,-0.0057391413,61.42285,85.29431,-65.17505,60.520657,98.92295,386.77954
43.85625,42.34375,1329.4066,0.34972847,0.0022953295,-16.01648,-111.52466,-243.21094,51.538822,121.24201,509.90845
43.85625,42.35625,1556.4146,0.27915412,0.0012364939,-10.274658,26.805054,-8.698242,37.02364,146.03253,537.21094
43.85625,42.36875,1590.5406,0.46686164,0.0011180682,-8.55481,-23.970581,30.820312,59.4979,108.11568,482.24097
43.85625,42.38125,1651.8065,0.09452479,-8.652551e-05,1.2386475,10.613281,105.56018,16.224981,73.92564,338.21606
43.85625,42.39375,1655.4263,0.0912603,-8.7028755e-05,1.208252,22.325684,128.56995,17.958284,62.575954,321.34253
43.85625,42.40625,1643.6217,0.08564064,-0.00021591352,1.3695068,43.519287,133.65735,16.155495,70.9683,383.25586
43.85625,42.41875,1632.7434,0.07346311,-0.00019125745,1.2819824,77.802124,145.47107,12.698425,92.9395,430.9845
43.85625,42.43125,1488.1279,0.5136536,0.0034513592,-22.325928,35.14514,17.342651,66.91599,126.21311,451.62622
43.85625,42.44375,1258.431,0.41749692,0.0026319835,-28.384766,-96.93408,-210.15564,67.75138,108.27396,449.235
43.85625,42.45625,1290.7367,0.24769431,0.000886307,-3.796997,-65.81531,-177.8905,39.89204,121.46707,504.4292
43.85625,42.46875,1338.7594,0.21464823,0.0038591656,-24.162231,-96.5918,-128.46973,43.716415,126.70537,507.1327
43.85625,42.48125,1458.7906,0.62159896,0.00017187497,-5.300049,-50.62964,-12.144653,52.433292,74.914955,362.31555
43.85625,42.49375,1525.9843,0.050783817,0.0007112191,-11.540039,-8.95166,50.091553,10.198039,54.600822,227.8186
43.85625,42.50625,1567.1489,0.06636185,-0.0006694199,3.111206,31.62732,97.725464,14.097872,59.94164,248.34949
43.85625,42.51875,1549.008,0.17100112,-9.392484e-05,4.9643555,58.36023,79.041504,20.856653,76.44769,348.604
43.85625,42.53125,1439.332,0.6371859,-0.0039837435,29.829346,17.123291,-25.036743,59.795486,87.24821,368.9768
43.85625,42.54375,1238.4131,0.20961969,0.00033630262,-11.373535,-114.12146,-209.8396,34.60672,99.39316,427.78772
43.85625,42.55625,1435.1919,0.23376308,-0.0026080587,14.872803,69.81946,6.242676,44.33114,104.370735,417.25476
43.85625,42.56875,1408.4961,0.36212918,-0.0015382658,2.7236328,-7.86792,-0.6242676,30.953594,77.34985,387.74072
43.85625,42.58125,1337.4121,0.36318713,0.004895467,-33.333374,-65.75391,-52.14331,36.575264,75.38899,343.80176
43.85625,42.59375,1390.1145,0.066208795,0.00047712628,-7.968628,1.4606934,23.901978,13.341664,74.20748,334.3219
43.85625,42.60625,1353.8334,0.07030458,-0.00096810964,7.368408,-21.93811,5.8795166,23.00815,73.56799,339.11072
43.85625,42.61875,1397.2866,0.13254714,-0.0015560536,16.763794,51.885986,73.154785,23.094913,76.31923,331.76172
43.85625,42.63125,1324.5841,0.09154681,0.001651299,-20.377197,29.938477,23.082031,17.642279,83.51422,366.06653
43.85625,42.64375,1307.4459,0.3412081,-0.0011654559,21.372925,65.42175,28.13977,43.269505,82.26178,350.6328
43.85625,42.65625,1045.5813,0.047795292,0.0023371219,-26.394287,-159.88586,-211.69922,28.65746,87.25609,360.1371
43.85625,42.66875,1241.9541,0.22006111,0.00059747667,-11.002563,28.05188,3.5014648,33.99816,93.79699,380.5373
43.85625,42.68125,1210.7207,0.09920161,0.0017307908,-19.230103,-13.167358,-7.7215576,26.900278,79.295334,380.5373
43.85625,42.69375,1221.3638,0.038229212,-0.0019572328,9.927368,27.61023,20.320679,12.673792,58.855755,332.32275
43.85625,42.70625,1145.3585,0.13809708,-0.00150493,14.711182,-22.96106,-42.99402,33.73796,60.591873,307.91663
43.85625,42.71875,1174.6484,0.22592294,0.0017761246,-17.69104,16.738281,-7.2353516,24.425909,56.54423,284.06628
43.85625,42.73125,1098.0021,0.2970718,0.00031455603,-8.210571,-30.305542,-82.35217,34.14125,66.22311,341.88922
43.85625,42.74375,1093.0543,0.25798583,4.856365e-05,-8.227539,-8.832397,-94.39343,22.81721,71.098526,316.63324
43.85625,42.75625,1086.8804,0.42077214,-0.00057805976,2.249878,-12.7977295,-110.86572,39.993748,73.4047,290.12018
43.85625,42.76875,1037.4877,0.11507409,0.002902267,-25.923706,-56.327637,-176.71252,22.734884,55.576523,268.76202
43.85625,42.78125,1081.7863,0.0395087,0.0014813902,-6.1358643,-46.474854,-148.8164,8.789198,58.086143,311.3623
43.85625,42.79375,1137.4412,0.10858062,0.001029037,-7.350586,-63.11792,-109.06177,24.670326,85.17409,324.6078
43.85625,42.80625,1295.9072,0.43494898,-0.0032254152,18.71997,8.72937,29.813599,63.538376,91.01648,359.70752
43.85625,42.81875,1466.1132,0.08950953,-0.00092944235,9.214966,105.636475,189.17578,12.5,70.810486,306.42273
43.85625,42.83125,1373.5067,0.20008917,-0.0011576614,9.810303,15.14624,92.52075,28.583212,61.022537,269.0973
43.85625,42.84375,1294.0023,0.13691069,0.00063713314,-10.825684,-64.12366,16.338013,21.441782,62.12085,318.11072
43.85625,42.85625,1388.1973,0.31447232,0.0026397975,-19.54248,6.175171,116.16736,27.152348,62.615894,306.1327
43.85625,42.86875,1318.0273,0.30257717,0.0018640456,-8.620361,-52.59668,55.43799,27.597555,66.30234,306.1327
43.85625,42.88125,1368.3997,0.16452172,0.0015279079,-12.144775,15.016357,116.208984,20.612495,54.289734,250.1997
43.85625,42.89375,1336.5808,0.24421117,0.002277223,-10.87207,12.939575,91.762085,24.240978,52.23265,269.2422
43.85625,42.90625,1232.7389,0.2665515,0.0006576857,-10.989136,-47.1521,4.659546,29.393877,54.54929,271.5692
43.85625,42.91875,1266.8171,0.26012883,-0.0018854601,9.556274,13.40979,53.637207,21.080204,55.09197,260.2445
43.85625,42.93125,1200.6187,0.23821345,0.002047405,-13.115234,-43.255737,1.6322021,21.78876,49.583263,260.2445
43.85625,42.94375,1238.5918,0.08329592,-0.00048394792,3.22937,28.98584,57.66809,8.824681,46.70653,227.36707
43.85625,42.95625,1162.2408,0.17008384,-0.00175823,19.892456,1.970459,-70.68445,25.719643,50.823223,236.094
43.85625,42.96875,1124.5945,0.16418341,0.0014435304,-10.846924,-5.2941895,-210.9436,25.087347,58.132393,259.25568
43.85625,42.98125,1108.7323,0.10882543,-0.00030969927,-1.8204346,6.49646,-330.23267,14.448183,60.12279,280.1671
43.85625,42.99375,1078.2699,0.049263507,-0.00065330026,7.727417,-276.57898,-464.46204,15.049917,442.6408,1074.5787
43.84375,42.00625,1617.5818,0.19570561,0.0020891805,-10.707153,-33.64453,76.94946,21.66218,117.93536,435.18274
43.84375,42.01875,1833.4366,0.29873523,-0.0038611079,31.43103,75.383545,265.5641,55.479725,105.74498,416.95435
43.84375,42.03125,1819.5123,0.16156031,0.004570991,-24.848633,-3.6429443,223.52295,25.05494,76.902534,379.74902
43.84375,42.04375,1828.1702,0.38703546,0.0015016611,-11.59729,-20.373047,206.75464,28.840076,71.65194,308.30896
43.84375,42.05625,1865.0978,0.07316419,-0.0010343632,8.187256,34.82068,216.80542,12.61943,85.68109,343.71167
43.84375,42.06875,1858.4006,0.091073014,-0.00040624343,8.751465,56.48242,182.53076,23.653753,92.16968,354.01807
43.84375,42.08125,1847.0782,0.08136806,0.00011803407,-0.8892822,84.34033,148.79712,15.692355,94.43913,352.59753
43.84375,42.09375,1692.2872,0.2581848,0.0011862135,-4.1104736,-26.632446,-14.442627,41.197693,93.3622,393.25537
43.84375,42.10625,1721.169,0.54455495,0.0035665915,-22.61267,-36.624756,13.857666,57.242905,113.94955,416.56128
43.84375,42.11875,1865.1777,0.1987944,0.0011069876,-5.2487793,47.11438,154.98914,26.58477,82.25418,341.19946
43.84375,42.13125,1802.9192,0.2513437,-0.0028835176,24.166382,27.75122,88.24365,47.796444,75.40225,339.96912
43.84375,42.14375,1643.1322,0.19720009,0.0011135808,-8.1623535,-54.96985,-81.339355,13.444329,66.77387,313.51025
43.84375,42.15625,1657.602,0.16421318,0.000682809,-6.6520996,-39.764038,-75.023926,16.015617,100.04249,453.41296
43.84375,42.16875,1797.3269,0.14270663,-0.00014108523,3.666504,41.85852,67.67346,28.556961,128.74976,456.70142
43.84375,42.18125,1806.469,0.17283775,-0.00018138897,1.7770996,7.2783203,76.621826,33.567097,109.27946,456.70142
43.84375,42.19375,1833.4731,0.2367577,0.00055868854,-6.328491,14.401001,95.67944,22.704624,80.5745,366.85437
43.84375,42.20625,1841.8738,0.11652355,0.0012189843,-3.222412,27.394043,94.98816,21.453438,91.233215,396.15942
43.84375,42.21875,1813.6859,0.32162943,0.0008316499,-5.6102295,1.2615967,66.35474,34.698704,88.994385,383.35706
43.84375,42.23125,1832.1946,0.052119967,-0.00020117014,0.32861328,15.814697,87.65735,8.093207,66.04733,348.88184
43.84375,42.24375,1754.1,0.36227617,0.0005638473,-9.104492,-7.3935547,20.331787,38.28185,82.05029,383.73914
43.84375,42.25625,1528.1238,0.124717355,0.0045708115,-35.791748,-165.27795,-185.65808,37.128155,92.00136,422.50293
43.84375,42.26875,1732.6897,0.16003793,-0.0005213489,2.0115967,24.542358,39.883423,33.03029,119.43199,450.77197
43.84375,42.28125,1827.3007,0.21241516,-0.0024165527,17.648682,64.256226,151.68848,32.38827,108.17347,450.77197
43.84375,42.29375,1847.8832,0.09420865,-0.0007702569,10.138916,87.69446,183.36438,15.8666315,78.60661,352.656
43.84375,42.30625,1779.4696,0.19167604,-0.0030695566,22.62854,124.29358,122.71069,30.331501,127.18098,496.2527
43.84375,42.31875,1424.8823,0.39688766,0.0006030628,-14.831055,-107.056885,-226.94482,67.91907,124.90396,474.03125
43.84375,42.33125,1472.5941,0.31142762,-0.0019022987,10.732666,-43.677246,-170.55396,53.263496,146.94046,588.7429
43.84375,42.34375,1508.8206,0.6800423,0.004060004,-31.152344,-85.517456,-125.809326,54.68775,152.06824,588.7429
43.84375,42.35625,1747.9526,0.3079596,-0.00042482847,5.0372314,49.426636,119.27222,43.937454,111.649,544.5879
43.84375,42.36875,1771.638,0.084351785,8.976534e-05,-0.8203125,20.561646,149.45422,15.612495,71.65717,317.90393
43.84375,42.38125,1755.6548,0.07137371,-5.0745995e-05,2.020752,28.924927,148.96765,10.954452,63.436977,311.2119
43.84375,42.39375,1636.3671,0.37239212,0.0018562772,-12.635132,-43.48352,52.179443,53.791264,67.84173,402.57996
43.84375,42.40625,1445.731,0.1820486,0.005269789,-59.005493,-174.24011,-120.161255,43.231934,88.52119,482.88953
43.84375,42.41875,1354.897,0.37532973,0.0022465903,-40.583984,-154.34912,-190.37476,54.82244,134.33075,497.71667
43.84375,42.43125,1245.1008,0.21277115,0.0051354277,-40.54016,-154.84045,-288.1499,42.439663,114.7263,451.62622
43.84375,42.44375,1483.3915,0.42678025,-0.0007852079,2.7703857,55.64087,-49.777344,65.17093,139.81685,513.8922
43.84375,42.45625,1571.2609,0.27466938,0.0015044952,-13.812256,40.619507,31.834595,51.512135,139.33951,534.59656
43.84375,42.46875,1635.6398,0.0804691,-0.0005027927,6.1777344,45.34778,88.39856,13.369742,109.80892,448.5973
43.84375,42.48125,1635.8339,0.1671668,-0.0027607174,20.187134,25.124878,78.92493,31.220987,89.62979,400.5746
43.84375,42.49375,1614.2585,0.12176188,0.0004208324,-2.8179932,-1.7506104,48.615845,16.852299,63.411354,317.84216
43.84375,42.50625,1609.6758,0.045980845,0.00034265083,-4.265991,27.931519,47.961304,8.246211,66.1211,338.7744
43.84375,42.51875,1379.0988,0.30859426,0.0032136785,-32.094482,-135.8197,-183.51099,42.47499,88.605865,393.11462
43.84375,42.53125,1431.8163,0.4023094,-0.00013715259,0.7207031,-58.761475,-124.60681,47.41308,118.03178,446.6599
43.84375,42.54375,1562.4055,0.08739475,8.233471e-05,5.346924,103.008545,23.318726,18.343937,123.586006,442.4818
43.84375,42.55625,1423.92,0.3372477,-0.00033421768,-3.9313965,-52.083862,-94.791016,54.273613,98.304375,433.92053
43.84375,42.56875,1536.6061,0.110817865,-0.00020202615,0.3959961,18.155273,38.472656,15.612495,62.88084,295.5298
43.84375,42.58125,1522.7311,0.1071724,-0.00051450176,7.19104,31.302612,45.224976,16.859715,62.07858,307.99292
43.84375,42.59375,1524.1074,0.02555056,-0.0004944681,8.992676,83.578125,70.967285,14.21267,65.65059,311.62756
43.84375,42.60625,1456.0729,0.24475268,-0.0011465221,21.658325,69.352295,22.738037,57.256004,83.492516,340.30054
43.84375,42.61875,1338.0782,0.5997349,5.5175824e-05,6.9576416,-4.081421,-69.89404,72.657585,87.54427,358.93616
43.84375,42.63125,1154.742,0.09772754,0.003338964,-39.52002,-140.6178,-230.36292,36.193924,95.52814,421.2661
43.84375,42.64375,1188.422,0.47867426,0.0026052676,-16.117798,-82.72974,-175.07117,52.409447,107.128426,468.0968
43.84375,42.65625,1278.4785,0.35107234,0.0033062145,-24.921753,-14.395874,-62.779907,29.446987,110.28826,437.37317
43.84375,42.66875,1301.0978,0.029539922,0.0005093582,-11.441528,-22.802246,-22.249878,15.0540695,79.92731,437.37317
43.84375,42.68125,1367.6957,0.08077875,-0.0010786203,12.163696,46.144653,63.911255,16.55672,57.40971,263.08582
43.84375,42.69375,1267.1974,0.12549213,-0.00064617896,4.341919,-18.20691,-17.704224,24.548422,70.08477,334.06665
43.84375,42.70625,1257.5533,0.28845125,0.0013073633,-6.385498,-3.9223633,-11.535889,32.91466,70.80519,319.67188
43.84375,42.71875,1284.5554,0.12872152,-0.0025536933,14.050293,41.94812,25.433594,24.124676,70.38821,321.27637
43.84375,42.73125,1196.8318,0.14781055,-0.0011208337,10.5303955,-18.936035,-54.53125,29.438496,74.33791,327.30286
43.84375,42.74375,1153.8627,0.24926302,0.0011560201,-14.846558,-55.13379,-94.658936,37.19207,75.91689,330.06335
43.84375,42.75625,1259.2994,0.021379432,-0.0021122815,23.932861,56.88623,10.44458,20.823664,74.62992,365.64886
43.84375,42.76875,1194.0045,0.2735654,-0.0010261253,-0.6467285,2.9162598,-60.72888,39.962482,84.10782,338.75726
43.84375,42.78125,1106.613,0.08671374,0.004530017,-34.129272,-80.708374,-155.19934,29.246794,79.04983,319.10547
43.84375,42.79375,1171.6001,0.27952412,0.00116764,-4.633545,-22.132202,-99.05737,26.026428,57.728893,266.76367
43.84375,42.80625,1278.7224,0.24401803,-4.3331933e-05,5.240967,23.837402,-5.0411377,27.921766,75.513245,359.70752
43.84375,42.81875,1357.4336,0.4777369,0.0010191458,-1.3625488,14.893799,68.41992,63.48228,71.382774,306.42273
43.84375,42.83125,1421.4429,0.16568093,-0.0006196703,10.583496,42.373413,131.99243,19.719913,49.01403,224.78845
43.84375,42.84375,1426.9602,0.18989386,0.0015124884,-10.609253,29.592651,141.89746,23.157072,54.01273,260.93445
43.84375,42.85625,1528.701,0.04661477,-0.0018748677,16.123169,116.74719,248.97974,13.647344,57.372684,275.02686
43.84375,42.86875,1445.3405,0.08673836,-0.00088305207,9.498535,42.046143,176.08716,17.23006,58.801575,273.5254
43.84375,42.88125,1436.0612,0.23310906,-0.0008147904,7.9155273,50.41516,178.073,26.379442,52.23385,238.72217
43.84375,42.89375,1352.1102,0.12834866,2.1919723e-05,-3.4355469,-18.44873,102.93909,21.230873,54.371407,258.56628
43.84375,42.90625,1341.9878,0.3138469,2.2606362e-05,-2.0979004,-6.940918,109.29297,28.840076,62.056427,271.53235
43.84375,42.91875,1367.0435,0.090521164,-0.00042488187,5.5128174,38.781372,148.19775,12.658989,50.66927,255.86438
43.84375,42.93125,1328.5604,0.12981752,-9.283396e-05,1.0354004,26.91919,121.3689,22.871925,47.949192,227.20715
43.84375,42.94375,1210.684,0.28000134,0.0006896292,-15.798096,-32.695435,16.054688,27.399818,54.62486,276.16406
43.84375,42.95625,1166.5211,0.19614887,-0.00135936,9.154663,-41.484863,-81.864624,18.231155,51.586094,249.13794
43.84375,42.96875,1250.0919,0.15464573,-0.000992911,10.518066,41.312866,-100.718506,15.917757,52.636726,247.23962
43.84375,42.98125,1138.0845,0.18305108,0.0025156143,-26.296753,-42.107666,-315.4276,27.108578,60.47727,260.1178
43.84375,42.99375,1091.7197,0.082139924,0.0034301672,-20.984985,-305.34668,-465.02222,18.354155,416.29678,1033.0
43.83125,42.00625,1518.7458,0.15451834,-0.0006549968,2.4691162,7.3775635,-11.527466,16.673332,96.38983,532.31946
43.83125,42.01875,1584.3698,0.24762066,0.00033084562,-8.503906,-16.65039,27.780762,33.215206,132.97932,621.0122
43.83125,42.03125,1721.9326,0.1714088,-9.047265e-05,-0.85546875,8.602783,135.83765,33.075672,148.93707,604.0459
43.83125,42.04375,1874.6077,0.69881743,0.00049234816,1.3510742,73.35083,260.69934,76.624084,125.949394,502.02966
43.83125,42.05625,1890.3445,0.20159023,0.0012751538,-17.750366,32.35437,247.5492,19.956202,85.71756,430.8075
43.83125,42.06875,1886.9092,0.31860968,-0.0008032866,6.223633,0.48962402,212.5011,44.21821,58.258045,257.08496
43.83125,42.08125,1854.9797,0.2081529,-0.0012257741,4.097412,-3.1749268,156.0332,45.71105,72.771904,348.68982
43.83125,42.09375,1782.9701,0.10530319,0.00034264874,-1.3944092,-44.07361,74.91931,15.378556,83.19105,381.57666
43.83125,42.10625,1940.0048,0.11098199,-0.00071959355,14.592163,62.404663,227.78772,23.722353,94.28945,407.21313
43.83125,42.11875,1890.6357,0.10843835,0.0011560179,-16.351562,-23.77417,168.17603,13.527749,62.591934,336.00708
43.83125,42.13125,1857.2473,0.24511212,-0.0037247136,19.514893,22.806519,123.30078,36.311153,88.6651,381.8103
43.83125,42.14375,1740.8976,0.0276611,-0.0020482773,11.438232,-23.382446,-12.212158,12.155246,63.75343,326.16956
43.83125,42.15625,1766.3844,0.21103004,0.0031249854,-22.03894,-56.039917,-6.4752197,41.83599,109.5776,409.75354
43.83125,42.16875,1985.2203,0.08882603,-0.0014970382,12.832764,67.87244,204.04639,18.894444,93.54277,401.07166
43.83125,42.18125,1961.1477,0.18505685,-0.00056473387,5.220215,30.445679,170.14917,30.671648,71.36876,307.03796
43.83125,42.19375,1944.9071,0.04783853,-2.1348187e-05,3.9233398,29.90271,135.72583,11.302654,56.26722,298.00317
43.83125,42.20625,1870.7714,0.28802142,0.0011053308,-11.698975,-29.224243,43.444336,27.753378,45.279686,252.7815
43.83125,42.21875,1930.3549,0.06403192,-0.00051233737,11.265015,49.62268,96.369385,12.825755,41.6143,251.1383
43.83125,42.23125,1889.6044,0.17700933,0.0004970876,8.574219,44.970093,57.547485,28.887714,58.35238,264.5548
43.83125,42.24375,1682.8113,0.06958777,0.0035104866,-35.654053,-83.12329,-132.83447,40.598644,84.50739,402.40613
43.83125,42.25625,1665.7506,0.13075891,-4.2381325e-06,-8.711792,-98.849365,-120.29443,36.138622,105.05356,458.43396
43.83125,42.26875,1901.4136,0.068041205,-0.000759292,5.907959,57.331665,145.02502,16.560495,96.87105,458.43396
43.83125,42.28125,1892.9446,0.11229567,-9.25548e-05,6.699951,29.05603,159.04907,19.052559,56.94515,349.00244
43.83125,42.29375,1794.094,0.458862,-0.0012321343,24.401733,32.71765,73.478516,74.694374,119.43094,539.4811
43.83125,42.30625,1606.058,0.54653776,0.00049416587,16.874146,16.155518,-104.62463,72.10756,137.73798,512.04224
43.83125,42.31875,1465.0646,0.32396072,-0.0006026369,-0.47375488,-71.82312,-238.84326,42.839817,117.50745,522.0388
43.83125,42.33125,1693.9562,0.46641076,0.0015895222,-22.138184,32.780884,-5.5021973,56.033474,150.6461,626.1128
43.83125,42.34375,1814.9324,0.43936566,0.00091517926,-0.24780273,36.17444,120.77991,49.852283,117.020294,496.45264
43.83125,42.35625,1866.3561,0.076185055,0.0001441993,2.1706543,32.48694,177.16638,19.5,92.79682,476.2998
43.83125,42.36875,1852.7139,0.21916689,-0.0022175019,12.694946,5.935913,173.10632,21.017849,57.38031,322.5891
43.83125,42.38125,1848.3109,0.055336624,-0.00039591637,2.850708,71.13245,186.82727,12.144958,104.00961,529.91125
43.83125,42.39375,1811.5295,0.039795596,-0.0034412483,45.131226,155.81958,176.11475,41.439716,129.93845,523.1387
43.83125,42.40625,1699.7787,0.267196,-0.0013899988,21.950928,141.77112,82.47925,59.69715,120.01354,500.32324
43.83125,42.41875,1584.4043,0.57678616,-0.002401098,32.749146,134.00012,-16.391113,62.35383,126.77539,497.71667
43.83125,42.43125,1373.2289,0.5057202,-0.0009437318,9.392578,-52.611206,-217.77747,52.612972,100.66528,453.2672
43.83125,42.44375,1395.2635,0.31432992,0.0021123567,-34.41797,-139.75342,-199.80188,45.257595,113.306,491.2234
43.83125,42.45625,1521.2516,0.27126333,0.0022342314,-12.685913,-90.73364,-88.27637,54.24712,82.67406,366.4795
43.83125,42.46875,1738.0138,0.119941406,-0.0024342546,24.427368,69.8844,109.98889,29.325756,73.95945,371.49426
43.83125,42.48125,1729.3752,0.063105635,0.00036525753,-2.7301025,12.629761,83.17163,12.0,55.85696,254.82983
43.83125,42.49375,1711.414,0.09083153,-0.00016332734,-1.3428955,4.22876,50.96118,14.106736,60.54957,262.15173
43.83125,42.50625,1566.7507,0.23466305,0.0010489016,-19.818237,-58.041016,-92.26001,41.057884,95.885345,434.00928
43.83125,42.51875,1599.4185,0.44532982,0.00041355187,0.39135742,8.9552,-59.269897,53.308067,103.49275,435.66235
43.83125,42.53125,1646.4891,0.22884817,-0.000650095,1.1314697,9.921631,-3.4901123,27.322153,96.27954,424.23096
43.83125,42.54375,1652.1561,0.12601858,-0.0005807145,5.43042,45.867188,19.056763,21.412613,97.46666,438.2649
43.83125,42.55625,1552.9232,0.5226434,0.0023630278,-15.796387,-38.654175,-60.230835,50.35623,88.211395,412.65442
43.83125,42.56875,1632.5221,0.04910311,-0.00040315403,3.7945557,29.39331,40.25525,8.291562,60.423504,301.115
43.83125,42.58125,1464.135,0.17953593,0.0034959968,-33.058838,-104.86511,-107.01233,29.440619,71.39503,359.92798
43.83125,42.59375,1495.7139,0.3223632,0.0026783142,-12.964111,-16.361694,-49.890747,53.009434,104.907104,439.60913
43.83125,42.60625,1400.7897,0.3280273,-0.000726327,7.5949707,-21.432007,-121.503784,47.64583,125.17039,469.9912
43.83125,42.61875,1392.6727,0.30714968,-0.00068648683,7.302368,0.15319824,-103.73389,54.34151,135.48846,493.86804
43.83125,42.63125,1513.6781,0.17118262,-0.0037683893,33.439697,99.59766,41.425537,39.411293,145.82481,511.3274
43.83125,42.64375,1414.4767,0.4614995,-0.00030145736,3.4766846,-6.9901123,-35.115723,56.861675,114.41154,484.86707
43.83125,42.65625,1402.4456,0.12514351,0.004789804,-30.747192,-36.208862,-24.638794,27.995535,81.058624,409.69043
43.83125,42.66875,1400.3082,0.12752467,0.0012511406,-10.769897,-37.74707,-9.109375,23.184046,76.57839,319.6339
43.83125,42.68125,1417.8226,0.12896545,0.001384676,-10.613647,-5.524536,28.937134,19.422924,75.656296,321.4906
43.83125,42.69375,1376.026,0.21604206,0.000482319,-6.1689453,-27.441162,7.3355713,30.42614,79.53537,336.64563
43.83125,42.70625,1356.9374,0.17932913,0.0012851091,-15.839233,-24.533325,2.925293,23.627316,80.26207,304.38403
43.83125,42.71875,1376.8503,0.22324458,-0.001487718,6.888672,20.329102,36.783203,35.75437,81.016975,318.71045
43.83125,42.73125,1371.5836,0.2741385,-0.0035374619,21.670532,35.785156,45.547485,33.44585,80.910446,313.5841
43.83125,42.74375,1362.5763,0.20418364,-0.0031703303,17.18518,30.343384,48.49524,29.00431,84.02827,310.70105
43.83125,42.75625,1292.104,0.13257907,0.0037097726,-29.838623,-34.068848,-13.917236,36.119595,86.320625,311.9889
43.83125,42.76875,1299.5974,0.15094078,0.0030965102,-12.7092285,-22.259644,-3.6396484,31.815876,77.18404,350.32764
43.83125,42.78125,1340.6709,0.15042187,-0.00010178867,0.16064453,30.526978,36.61731,22.087893,79.079865,341.00513
43.83125,42.79375,1308.9252,0.18752013,-0.00019442104,4.593872,15.907227,2.9882812,32.03904,76.73249,300.6162
43.83125,42.80625,1279.1185,0.14502352,-0.0013599932,5.607422,-30.509155,-32.261353,19.959333,57.915886,280.41846
43.83125,42.81875,1321.5441,0.048401807,-0.00051415997,-0.77905273,-10.632568,9.926514,12.077872,42.3143,194.51941
43.83125,42.83125,1326.3784,0.4077755,0.0006652386,1.5279541,-13.094727,16.670776,42.289185,56.872665,235.11975
43.83125,42.84375,1319.3077,0.1517537,0.0012985705,-6.837036,-33.58728,14.04248,20.563925,73.68853,299.98352
43.83125,42.85625,1312.0287,0.43328536,0.0025153751,-16.0,-29.92981,14.585205,33.066223,87.344864,351.4696
43.83125,42.86875,1257.868,0.104442656,0.001248739,-13.391235,-57.30249,-26.775635,28.03792,97.063126,370.80383
43.83125,42.88125,1264.5336,0.15817076,0.0016546667,-7.640625,-43.475708,-5.3326416,24.04683,96.20356,337.287
43.83125,42.89375,1394.8889,0.18542208,-0.0016310486,9.0789795,63.191406,137.11499,27.577164,93.26776,325.8595
43.83125,42.90625,1453.2955,0.12780893,-0.0010205862,14.374878,93.80847,214.37378,21.762928,78.279945,312.8612
43.83125,42.91875,1420.142,0.13932468,-0.0003719815,6.6035156,51.524414,197.28174,20.478647,53.45208,291.1808
43.83125,42.93125,1376.2202,0.12257408,-0.0013730093,15.374634,23.14856,166.86499,21.289669,55.812183,276.06482
43.83125,42.94375,1299.4615,0.188835,-0.0019885611,9.940186,-7.3671875,104.02588,16.167097,65.82552,307.92712
43.83125,42.95625,1319.3033,0.028897459,-0.0004657289,6.5473633,35.826416,70.18933,12.654051,60.93439,286.16064
43.83125,42.96875,1265.536,0.10079154,0.0013769958,-9.134399,-1.5556641,-85.09839,13.74318,49.0408,247.39746
43.83125,42.98125,1214.7278,0.2134957,0.003057951,-10.850586,-5.692749,-238.02502,32.492306,47.55523,224.40247
43.83125,42.99375,1104.4119,0.1779122,0.0016074359,-17.086182,-326.8944,-452.47034,22.585947,394.05283,973.9939
43.81875,42.00625,1354.9563,0.42089623,-0.003034141,17.425537,-46.118042,-131.0647,48.33477,88.962074,375.9757
43.81875,42.01875,1368.188,0.31915787,0.0015421918,-11.777588,-91.50134,-146.21887,28.781504,98.30946,481.4458
43.81875,42.03125,1462.0891,0.23288427,0.0008296793,-9.69812,-72.57117,-86.54114,35.185223,114.6451,598.6168
43.81875,42.04375,1585.0228,0.14485736,0.0014000937,-11.991089,-34.899536,4.2998047,21.811693,127.98828,557.4679
43.81875,42.05625,1761.2135,0.12383404,-0.001946061,17.881226,49.864258,146.77429,32.04684,152.23256,625.27185
43.81875,42.06875,1812.3387,0.13918537,0.0007247508,-2.4608154,29.079102,162.43054,45.0361,146.35658,578.6561
43.81875,42.08125,1819.7963,0.16613798,-0.0017465006,14.602661,42.738037,139.9447,34.46375,143.05244,542.7854
43.81875,42.09375,1763.3802,0.19287959,0.0012006683,-10.147461,-20.826172,69.544556,38.63936,124.8429,540.437
43.81875,42.10625,1952.4117,0.71098197,0.0006957137,0.7808838,72.995605,249.1615,58.67282,106.35554,478.1577
43.81875,42.11875,2024.8375,0.07677125,-0.00039785626,7.909668,85.111084,304.6582,13.209845,59.445354,282.40393
43.81875,42.13125,1880.5117,0.30969167,0.0014351552,-14.715942,0.09265137,141.61475,42.157444,72.49655,301.0608
43.81875,42.14375,1805.71,0.097533196,0.0005408946,-2.8519287,-19.407959,38.800293,11.958261,48.070263,274.5504
43.81875,42.15625,1946.9867,0.23283571,0.0012128503,-4.2617188,48.722412,151.20068,34.702305,93.66963,362.29102
43.81875,42.16875,2040.2804,0.047184214,0.00016325993,-2.987793,46.103027,226.11658,9.987493,50.603855,314.86926
43.81875,42.18125,2011.6326,0.20353039,-0.00020704074,1.4805908,1.001709,178.90137,19.17029,43.413708,215.58728
43.81875,42.19375,1985.243,0.18608327,-7.407695e-05,-2.6394043,-9.940308,126.24878,28.753262,60.28474,267.10596
43.81875,42.20625,1959.9277,0.17718783,0.0016800298,-16.510864,-3.9830322,77.055786,21.650635,74.13501,321.12817
43.81875,42.21875,1939.2037,0.12030061,-2.5826308e-05,0.095581055,11.122803,46.96582,24.688053,74.01013,352.917
43.81875,42.23125,1930.5299,0.11919422,-0.0035274709,31.300415,48.64087,42.77307,40.935925,82.91863,393.99536
43.81875,42.24375,1837.1412,0.16093044,0.00043850223,-3.411255,-6.778076,-29.968384,16.38597,91.16743,381.13928
43.81875,42.25625,1900.1184,0.13790844,-0.0039594113,25.810913,13.18811,66.75134,39.749214,104.88565,401.3662
43.81875,42.26875,1985.7688,0.12655541,-0.0003329901,3.3704834,66.71863,187.33093,22.989128,83.89875,421.1333
43.81875,42.28125,1967.6636,0.087389246,-0.00079515134,10.997803,127.68909,193.52783,16.186415,122.35195,503.05554
43.81875,42.29375,1842.903,0.55103564,-0.006501428,58.082886,164.51355,80.59448,77.00325,145.74377,539.4811
43.81875,42.30625,1443.2935,0.13477026,0.0019412293,-15.048096,-125.8324,-312.98657,21.470911,102.30958,514.0757
43.81875,42.31875,1713.5769,0.34415466,-0.0014359904,12.660278,59.46753,-44.415405,47.57888,171.51822,623.7925
43.81875,42.33125,1708.3812,0.21260852,0.0052895737,-40.989136,-116.45984,-52.685303,61.404396,146.57677,596.43665
43.81875,42.34375,1961.1746,0.04783011,-0.00033906294,2.9187012,49.73059,200.86023,12.267844,89.607475,458.70544
43.81875,42.35625,1940.3939,0.25623286,0.00013168821,-2.8548584,5.4002686,185.09314,21.083168,52.95753,283.75586
43.81875,42.36875,1950.3883,0.08283051,-0.00056511717,8.30127,63.843872,207.65259,13.209845,82.58481,405.91992
43.81875,42.38125,1645.3884,0.5961988,0.0021593282,-42.716797,-108.90161,-73.88025,76.46078,145.36247,579.0665
43.81875,42.39375,1476.2322,0.3985,-0.0012858943,-1.1467285,-139.51465,-214.10046,40.595566,126.23787,523.1387
43.81875,42.40625,1582.7052,0.40546653,-0.0025950419,40.06543,75.11365,-90.0719,60.214203,117.82402,500.32324
43.81875,42.41875,1347.6063,0.42008153,0.0012426879,-16.069824,-100.41284,-310.4756,36.034706,99.29879,435.16833
43.81875,42.43125,1506.3958,0.32057372,-0.00095401367,22.70288,-0.6027832,-144.43042,45.348648,114.7105,516.88245
43.81875,42.44375,1630.96,0.5071017,0.0020990593,-19.951172,6.522217,-28.547363,51.10773,135.24608,582.15454
43.81875,42.45625,1700.4952,0.18310231,-0.0005421022,4.1446533,19.439209,19.715942,30.528675,126.32399,556.98914
43.81875,42.46875,1566.4714,0.11205498,0.005552091,-40.700928,-135.73145,-142.72546,32.710854,95.70397,498.8861
43.81875,42.48125,1815.4388,0.06511899,-0.001363972,12.168457,45.444946,79.48157,19.735754,67.69971,350.33032
43.81875,42.49375,1806.6488,0.09566383,0.00024070343,-1.7250977,9.476074,52.412476,15.0996685,63.39953,350.05103
43.81875,42.50625,1787.6892,0.10635527,-0.00071963196,11.01123,46.323364,33.11609,23.83275,107.70097,420.24207
43.81875,42.51875,1675.14,0.41780055,0.0011882958,-11.271973,-53.57251,-77.24036,40.04997,100.518654,412.9071
43.81875,42.53125,1776.2578,0.043370616,-0.00030757312,2.901245,18.81726,33.143433,11.29159,62.122864,280.47375
43.81875,42.54375,1750.6473,0.11652955,-0.0002990817,4.6434326,22.569092,23.93628,15.247951,83.70335,388.04626
43.81875,42.55625,1711.9246,0.15927993,-0.00075700926,6.0203857,4.331665,4.9375,25.079872,76.25123,353.9723
43.81875,42.56875,1714.1088,0.10234231,-0.0016677686,15.749023,19.688965,27.368164,27.317577,77.56449,378.2599
43.81875,42.58125,1686.8917,0.1014169,-0.0006000214,6.361206,14.932251,21.46228,17.867569,80.61638,361.44348
43.81875,42.59375,1675.2457,0.101459205,-0.00025558134,0.5900879,22.988525,38.206665,15.32971,92.97446,409.5714
43.81875,42.60625,1506.881,0.2745907,0.0003126768,-5.95459,-87.496704,-102.9657,45.727455,130.61394,517.9641
43.81875,42.61875,1648.4692,0.09528179,-0.00043095415,6.005371,65.407104,67.278564,22.276669,123.38659,499.6095
43.81875,42.63125,1556.9746,0.33889574,0.0044356524,-28.907959,-40.28369,0.6407471,31.5238,81.72974,382.5874
43.81875,42.64375,1588.7002,0.20363995,-0.0017175756,18.067993,21.273438,55.1875,24.222923,73.16933,334.01233
43.81875,42.65625,1543.6534,0.22185324,0.0026271825,-12.003906,-8.944702,33.07495,18.634645,65.74572,311.98633
43.81875,42.66875,1587.1428,0.038457382,-0.001540748,19.97998,57.07959,94.644775,18.91428,59.89783,246.01074
43.81875,42.68125,1522.3239,0.2035001,0.0018815335,-14.075317,24.01294,50.51111,26.462236,49.777004,225.33813
43.81875,42.69375,1474.2665,0.13518687,0.0013869334,-11.178101,-1.9822998,19.350464,16.822603,44.743713,217.15234
43.81875,42.70625,1439.8226,0.042297088,0.00035136097,-0.7897949,-21.66687,-3.4240723,18.953892,49.90992,251.49902
43.81875,42.71875,1341.5348,0.050059777,0.0038765413,-41.540527,-105.49695,-85.87488,26.84213,59.00106,286.38953
43.81875,42.73125,1322.5011,0.19813323,0.0037213073,-48.26001,-103.54614,-85.57471,32.95641,56.727417,265.30188
43.81875,42.74375,1390.0596,0.18404137,-0.00049839716,7.776123,-13.266113,1.4863281,40.76457,49.324184,245.38464
43.81875,42.75625,1416.201,0.15746787,0.0018609073,-10.086792,31.11853,42.595215,24.346458,49.450733,224.63806
43.81875,42.76875,1442.0315,0.1015121,-0.0015159054,17.753784,72.83203,78.231445,15.898113,48.708317,215.77246
43.81875,42.78125,1394.1868,0.1879656,-0.0009144201,2.091919,37.974365,36.04419,21.584137,45.435394,224.42114
43.81875,42.79375,1337.5592,0.23252462,-1.928206e-05,-3.0959473,-1.6209717,-14.590698,23.656395,45.5,218.7406
43.81875,42.80625,1321.4338,0.2639116,0.00247851,-14.723755,-7.840454,-27.548828,19.754745,36.029503,192.13184
43.81875,42.81875,1337.3643,0.11149612,0.00022721013,-2.552124,23.52893,-6.399414,11.505433,33.013256,179.20557
43.81875,42.83125,1277.3517,0.113812886,0.0008032143,-4.9072266,-11.342041,-60.50659,9.899495,32.954514,198.5841
43.81875,42.84375,1271.3035,0.10225763,-0.0017137334,15.026489,-9.370483,-59.55591,15.049917,36.546204,218.98096
43.81875,42.85625,1282.5867,0.100367226,-2.7782045e-05,2.0515137,21.09851,-38.529663,11.667262,39.981247,266.7467
43.81875,42.86875,1181.4253,0.03532573,0.002119415,-13.060913,-34.59485,-123.94336,11.592023,47.16858,263.02026
43.81875,42.88125,1167.5297,0.08651189,0.00031828246,-2.2579346,-25.942139,-119.719604,12.8986435,53.29165,316.01318
43.81875,42.89375,1187.0365,0.052287374,-0.00028122537,-1.1785889,-23.2406,-84.72876,9.360823,90.311264,405.5791
43.81875,42.90625,1185.9127,0.1662165,0.0007102593,-7.4976807,-53.463623,-64.15735,27.42034,118.24657,408.5464
43.81875,42.91875,1281.568,0.4258639,-5.6981295e-05,1.0950928,14.481323,51.9469,62.967255,125.65031,402.32874
43.81875,42.93125,1364.315,0.21991028,-0.0015024567,14.273315,68.961914,152.80725,50.68037,116.330345,386.10388
43.81875,42.94375,1415.4017,0.16749273,0.001687741,-3.6311035,94.730225,221.27295,22.860992,92.639084,355.0857
43.81875,42.95625,1385.0254,0.058828477,-0.000545863,5.7663574,56.41931,139.07642,16.197994,65.64202,332.24487
43.81875,42.96875,1279.234,0.1853017,0.002600305,-24.871094,-29.328613,-67.31555,26.396023,52.59753,244.9043
43.81875,42.98125,1258.3271,0.16075349,-0.0015449537,12.720825,-10.672974,-189.85925,21.204363,62.932503,306.91846
43.81875,42.99375,1272.564,0.14220585,-0.0006141966,8.737915,-201.9143,-279.32617,17.50357,368.16232,945.7765
43.80625,42.00625,1422.1343,0.25264427,0.0013761228,-12.631226,24.091797,-18.892456,54.240208,94.14218,360.97437
43.80625,42.01875,1452.9889,0.5750014,0.00027988313,3.5146484,64.15405,-13.768188,63.92574,89.5007,377.00635
43.80625,42.03125,1462.4462,0.41687196,0.0011073797,-2.7145996,51.249878,-35.98474,55.272053,98.32281,411.66748
43.80625,42.04375,1448.4469,0.4160074,-0.0011694592,8.422485,-36.12561,-80.36853,47.565742,96.19901,511.93628
43.80625,42.05625,1455.7778,0.18426843,0.0001790358,-16.304443,-82.42224,-107.50183,29.021544,115.053246,509.70056
43.80625,42.06875,1681.2388,0.09953977,-0.0015669543,19.541138,108.54248,79.42395,29.656364,131.37352,530.7844
43.80625,42.08125,1484.6626,0.23146512,0.00082117016,-4.60437,-111.74072,-152.58032,31.404617,114.29786,499.4286
43.80625,42.09375,1641.9485,0.30490562,0.00019572515,11.517212,-19.280273,-13.393188,53.41582,101.366905,542.6494
43.80625,42.10625,1811.7473,0.10470714,-0.0009957775,25.045532,34.8042,142.83252,25.154522,113.29387,494.6012
43.80625,42.11875,1823.5795,0.22366154,0.0018375912,-16.364868,-24.226196,127.87573,37.91108,101.65014,438.33606
43.80625,42.13125,1819.8889,0.2250305,0.00050969963,-5.9265137,-8.082275,94.453735,36.91883,81.64558,380.4839
43.80625,42.14375,1774.7285,0.110942475,-0.0003878112,-3.1845703,-35.29651,12.53833,19.091883,61.276016,352.98096
43.80625,42.15625,1903.8572,0.14595935,-0.0007415834,7.793579,7.5789795,104.97009,21.112793,97.22011,474.5133
43.80625,42.16875,2001.3807,0.2984897,-0.0013583004,3.241211,-8.55603,174.88086,42.035698,75.21802,399.71094
43.80625,42.18125,2041.9187,0.08294756,0.0022284386,-11.273926,-24.666016,188.26245,16.822603,51.966335,241.49182
43.80625,42.19375,2098.2078,0.20236145,-0.00058361347,5.883789,25.604736,210.927,17.84657,49.55805,219.09204
43.80625,42.20625,2048.0215,0.10440285,6.147918e-05,3.3078613,7.9608154,132.39246,24.89478,55.06814,309.6051
43.80625,42.21875,2044.2417,0.3527362,-0.0019681305,16.39209,50.234863,118.355835,48.010414,55.303707,262.7683
43.80625,42.23125,1940.3788,0.08246102,0.00026401828,-2.4105225,-30.4823,17.176025,12.559856,73.04622,381.84363
43.80625,42.24375,1928.3716,0.10281687,0.00047779956,-15.904785,-51.3844,23.63623,29.845436,97.13779,386.94067
43.80625,42.25625,2021.9492,0.07126019,0.000113487666,-6.3082275,44.931396,148.72241,13.509256,90.64353,385.1228
43.80625,42.26875,1818.5411,0.2267062,0.0014653102,-15.892944,-92.721436,-19.89917,38.78144,102.0735,488.75977
43.80625,42.28125,1643.9922,0.1604204,0.001968204,-24.10498,-145.51111,-173.85815,30.724583,127.106255,503.05554
43.80625,42.29375,1631.4252,0.36912298,0.00035948315,1.5588379,-22.438477,-182.5177,44.95275,114.784584,525.2826
43.80625,42.30625,1500.1464,0.2233334,0.00267279,-18.27649,-108.0,-319.13794,22.923786,85.80356,456.68506
43.80625,42.31875,1729.478,0.35241896,0.002684623,-30.462158,-28.26123,-99.70923,68.509125,167.9866,647.63306
43.80625,42.33125,1986.6467,0.1632101,0.00020168384,-5.8603516,29.403564,153.42346,28.552584,110.49208,473.94373
43.80625,42.34375,2039.6892,0.09549693,0.0002163631,-4.0375977,23.121948,207.88855,14.764823,72.904045,441.82434
43.80625,42.35625,1954.2728,0.19618334,0.0012486973,-6.5301514,-17.352173,131.7865,25.72936,79.75745,415.08167
43.80625,42.36875,1810.0001,0.50701517,0.001655074,-30.656494,-47.166626,6.8049316,60.83379,115.1727,456.57007
43.80625,42.38125,1603.9135,0.16512345,0.0034381226,-35.622314,-142.6626,-168.82251,35.217182,136.43314,567.60913
43.80625,42.39375,1739.26,0.36214784,-0.0009851701,10.348633,81.049194,2.3444824,42.11888,130.31308,576.54016
43.80625,42.40625,1506.8721,0.3502384,-0.002347049,20.687256,-23.8396,-209.34656,45.282448,115.08149,477.56494
43.80625,42.41875,1518.4099,0.41777563,-0.0030403077,24.551514,-1.2341309,-185.61499,57.62595,125.73385,621.1238
43.80625,42.43125,1679.4791,0.2611009,-0.0018155242,16.563354,37.67566,-21.535889,54.87486,138.52979,631.025
43.80625,42.44375,1781.4928,0.13600157,-0.00058370974,13.227295,13.705078,66.40161,32.24128,134.25443,585.7472
43.80625,42.45625,1942.7477,0.077085346,-0.0005466071,11.188232,94.335815,199.28833,22.203604,107.01285,466.49365
43.80625,42.46875,1803.4832,0.2174296,0.00066638936,-4.6763916,-30.529419,21.067139,38.687855,123.64364,466.49365
43.80625,42.48125,1819.3821,0.39837548,0.00019720051,-1.3690186,-27.279175,3.1062012,42.3143,98.735756,462.46863
43.80625,42.49375,1903.7489,0.12217,-0.00024059066,3.5064697,16.660645,64.47986,22.770596,54.651165,215.68958
43.80625,42.50625,1892.031,0.12195947,-4.686445e-05,0.26037598,18.108032,52.30664,17.839563,74.11646,361.27246
43.80625,42.51875,1855.2651,0.13728607,-0.00016309417,-1.9124756,-4.053833,22.966797,17.776388,78.57481,352.7113
43.80625,42.53125,1878.009,0.07896228,-0.00029043737,5.175659,17.868652,57.329834,11.543396,68.18907,325.73315
43.80625,42.54375,1840.7247,0.13848226,-0.0006602911,4.779663,-6.0462646,34.49475,26.424421,74.914955,345.73376
43.80625,42.55625,1842.3949,0.081478804,-8.63894e-05,1.5997314,18.690308,54.78418,12.73774,75.226326,342.18616
43.80625,42.56875,1777.8057,0.23831446,0.00040904948,-1.5604248,-28.562988,11.063965,37.18871,74.119835,343.89136
43.80625,42.58125,1806.4822,0.10605892,0.00035096708,-2.253418,16.921143,63.05005,16.454483,71.568146,311.3297
43.80625,42.59375,1783.5692,0.037241746,-0.00046127648,4.051758,8.908447,72.17468,8.746428,69.67603,389.7826
43.80625,42.60625,1765.2146,0.12919067,-0.00052321685,4.966797,17.807617,83.9104,23.388031,81.879486,419.1631
43.80625,42.61875,1753.7543,0.05088141,-0.00041538652,5.7891846,34.281128,98.995605,8.645808,69.61142,397.24756
43.80625,42.63125,1699.724,0.116741106,0.0004948705,-4.979492,7.7886963,67.31616,25.74393,48.7391,240.02014
43.80625,42.64375,1669.7175,0.077465154,0.0013984189,-11.1427,19.101807,60.46753,19.589539,55.113518,273.46936
43.80625,42.65625,1622.955,0.08297729,-0.00020938786,0.19506836,22.632812,35.966553,11.357817,60.1789,286.68542
43.80625,42.66875,1542.5725,0.41370326,-0.00095485395,10.872437,-20.883179,-27.775024,54.115616,60.491734,287.48425
43.80625,42.68125,1507.5787,0.37018603,0.0021992605,-10.418823,-48.152466,-45.375,35.738636,71.59783,315.8601
43.80625,42.69375,1561.6735,0.2575148,-0.0025507961,13.426758,14.377075,19.401855,38.57136,78.784515,338.7638
43.80625,42.70625,1552.2838,0.22292672,-1.0329811e-06,-3.857788,12.181152,18.62207,15.264338,84.26298,355.95117
43.80625,42.71875,1542.9851,0.21129172,0.00068759226,-4.626953,10.145264,25.333618,18.364368,86.48121,359.33984
43.80625,42.73125,1485.0695,0.10404105,0.00209325,-18.35608,-7.428955,-10.942993,22.135944,81.51687,371.44324
43.80625,42.74375,1481.4803,0.05361152,-0.0006695082,9.09729,41.014404,9.418701,13.257073,72.2954,330.063
43.80625,42.75625,1345.0728,0.46513534,0.0031298983,-26.39563,-78.82788,-105.189575,41.96874,75.32015,329.17444
43.80625,42.76875,1420.6874,0.21214785,-0.0012463161,19.692993,9.736206,-11.902466,39.71146,76.782974,344.8485
43.80625,42.78125,1352.575,0.36205536,-0.0020394267,21.603638,-26.930786,-66.80591,51.837486,66.601425,293.29834
43.80625,42.79375,1223.197,0.042770512,0.004554547,-60.339233,-125.75488,-181.68884,41.045708,65.178604,300.36572
43.80625,42.80625,1199.9425,0.10163126,0.004204061,-49.95105,-125.64722,-192.80396,36.240517,57.507607,291.0504
43.80625,42.81875,1284.1376,0.022926351,0.00027363823,-1.2791748,-16.96167,-95.32837,16.65458,56.08364,315.9386
43.80625,42.83125,1264.7013,0.15244876,0.0001633208,-5.0041504,-1.4724121,-101.38916,28.598515,50.204582,264.86914
43.80625,42.84375,1232.8356,0.26464155,-0.0006178865,0.18029785,-15.875488,-120.125,25.632011,50.457905,279.02014
43.80625,42.85625,1206.1423,0.19843028,0.0029625345,-15.221069,-23.547363,-133.3512,29.49788,48.328304,268.37646
43.80625,42.86875,1140.2963,0.12722947,-0.0006656248,-0.7952881,-48.286743,-181.66113,32.98295,52.6842,265.51172
43.80625,42.88125,1156.4694,0.4558751,-0.0036112135,28.499878,3.2440186,-146.01392,40.45059,43.043583,278.26038
43.80625,42.89375,1138.4886,0.40785423,-0.0011694406,12.133911,5.3847656,-145.62,26.052832,37.138256,216.96167
43.80625,42.90625,1110.1797,0.13189931,0.0020308418,-2.8581543,-7.097534,-150.62695,20.52133,45.80666,260.49475
43.80625,42.91875,1110.9032,0.18191244,0.00015247696,0.110839844,-3.6204834,-127.31726,15.66844,62.853996,349.042
43.80625,42.93125,1106.0365,0.08940005,0.00024000136,-2.2473145,-37.541748,-112.12854,13.74318,104.89578,444.61224
43.80625,42.94375,1129.4985,0.17050943,-0.0006798591,4.0562744,-59.539795,-69.51294,23.49202,139.98482,455.43378
43.80625,42.95625,1164.1472,0.5414025,0.001670103,-13.03418,-44.604004,-85.51221,59.73483,141.67966,455.43378
43.80625,42.96875,1282.752,0.4358722,9.195535e-05,3.276245,52.378784,-65.97644,71.006165,121.785675,402.10193
43.80625,42.98125,1381.2034,0.057854913,-0.0002716977,10.242798,105.33142,-67.608154,20.112185,92.125595,370.2738
43.80625,42.99375,1316.2249,0.0981402,-0.00015843066,2.2922363,-197.34094,-235.6449,15.374492,343.3424,965.1892
43.79375,42.00625,1321.2561,0.3645207,0.003627493,-32.066284,-27.898682,-92.70215,50.454185,125.0115,455.5271
43.79375,42.01875,1215.8976,0.43928152,0.0026472793,-26.449463,-107.45691,-220.05725,53.270535,110.32679,452.15308
43.79375,42.03125,1325.3734,0.38284343,-0.0005250817,-6.3204346,-58.273804,-139.30688,62.866924,104.19693,454.16846
43.79375,42.04375,1491.5652,0.30543077,0.00010648196,-0.17028809,57.58716,-0.57751465,57.909412,96.36973,414.49182
43.79375,42.05625,1436.3674,0.39755222,-0.004241589,34.960815,-2.317871,-89.207886,60.402813,102.62066,503.1825
43.79375,42.06875,1333.994,0.12921382,0.0039046197,-35.09607,-142.49951,-231.52173,24.07021,105.130875,485.7765
43.79375,42.08125,1487.6676,0.34316963,0.005387867,-15.469482,-53.497803,-115.74805,48.8467,95.01053,424.03894
43.79375,42.09375,1676.0823,0.47905585,-0.002571873,27.34314,68.19861,49.328003,44.065292,83.32767,401.985
43.79375,42.10625,1726.3063,0.2346497,-0.006706417,53.062378,43.503418,80.75037,40.847275,72.30491,318.44507
43.79375,42.11875,1754.1207,0.40136006,-0.0007304091,-5.8691406,23.398682,76.90027,37.376465,69.27662,335.40283
43.79375,42.13125,1655.2782,0.21694092,0.0039120973,-37.496826,-75.32861,-56.430298,40.798283,70.84843,371.4497
43.79375,42.14375,1659.275,0.30664313,0.0025986128,-25.796509,-53.27661,-93.70361,40.503086,93.60689,421.84595
43.79375,42.15625,1758.9517,0.2032121,0.0007249617,-7.0217285,-18.639526,-35.7063,36.664017,142.16628,616.4584
43.79375,42.16875,1963.4249,0.14737208,-0.0017527377,18.693726,52.350708,133.2467,37.343006,142.70949,590.5989
43.79375,42.18125,2094.8796,0.7850014,-0.00071505824,7.446289,71.03589,230.68726,64.16775,115.29744,460.14697
43.79375,42.19375,2162.6746,0.11744285,-0.00031762884,0.4909668,71.33716,259.1029,19.506409,77.78818,469.09155
43.79375,42.20625,2040.2975,0.11577598,0.00030488987,-8.00769,-57.538208,104.7439,18.52026,57.39338,263.04565
43.79375,42.21875,2056.3506,0.13620679,0.00038589718,-4.2333984,-11.029053,104.04419,28.115831,73.04451,361.5968
43.79375,42.23125,2069.165,0.26221293,0.001305463,-7.236328,-13.977783,113.49036,33.896904,96.59451,361.5968
43.79375,42.24375,2164.7573,0.04449818,-0.00018938133,1.7338867,50.729004,224.41577,9.380832,87.80376,335.7301
43.79375,42.25625,2130.9565,0.11192912,-0.00046582666,12.7421875,67.48706,221.03784,38.28185,108.50115,451.9901
43.79375,42.26875,1970.714,0.19471046,0.00027084115,-9.566162,21.375244,93.559204,43.57178,131.21547,567.1948
43.79375,42.28125,1887.8224,0.41868243,-0.0010003495,7.968628,80.59375,23.036621,43.263725,126.51383,593.83655
43.79375,42.29375,1708.8021,0.22489832,-0.00013110237,-4.0421143,29.369019,-162.37476,40.410397,83.907684,402.96484
43.79375,42.30625,1582.342,0.31965894,0.00027343645,-7.213135,-85.81299,-301.58887,37.894592,87.634186,415.53064
43.79375,42.31875,1689.8169,0.24274127,0.0016831638,-21.156616,-107.698,-205.85645,33.477604,137.7543,590.78015
43.79375,42.33125,1940.0732,0.34916154,0.0045220093,-38.216064,-50.20984,41.823853,59.40118,125.24177,495.53088
43.79375,42.34375,2004.2935,0.18757388,0.0026737214,-29.864136,-54.805176,107.89111,24.443813,64.24951,304.3258
43.79375,42.35625,1905.8027,0.5465645,0.0039152005,-27.68457,-72.8313,19.763306,68.302635,101.786545,446.19006
43.79375,42.36875,1821.0492,0.19077508,0.00018032933,-3.9521484,-83.756836,-41.19922,38.04931,134.30096,531.6532
43.79375,42.38125,2007.6572,0.22213784,-0.0033825333,32.617188,163.07019,182.56653,58.602474,142.21638,540.28284
43.79375,42.39375,1753.5399,0.43808374,-0.0016591051,16.460205,41.11194,-30.112183,74.69103,136.5476,613.50256
43.79375,42.40625,1495.6807,0.33188564,0.004107886,-29.773315,-47.762695,-266.15503,35.780582,103.89538,455.90344
43.79375,42.41875,1563.8998,0.25298357,-0.0017515465,17.575073,7.09021,-189.13562,32.935543,121.318794,598.41284
43.79375,42.43125,1921.5013,0.3612915,-0.004954943,55.45117,208.31519,167.02307,67.85278,126.35862,517.693
43.79375,42.44375,1886.0852,0.16591409,-6.797251e-05,1.918335,36.99243,111.200806,34.820972,111.530266,580.55725
43.79375,42.45625,1988.9409,0.3585197,-0.0020452912,14.069214,33.918213,178.57617,41.397465,81.283455,381.11987
43.79375,42.46875,2028.9401,0.07435007,-0.00031919772,4.5179443,40.630737,170.21179,17.606817,89.26225,397.41357
43.79375,42.48125,2003.3788,0.15761976,-0.00018964338,2.8104248,21.124634,103.31201,22.01136,94.49074,378.28296
43.79375,42.49375,1990.4093,0.13668157,-0.00088525366,5.376465,3.3544922,64.99182,21.82888,69.64732,310.15125
43.79375,42.50625,1980.0004,0.086665,-6.8942994e-05,0.8223877,-1.3839111,54.86499,12.4499,61.70697,246.9596
43.79375,42.51875,1969.6912,0.09918724,0.0002438099,-1.4067383,-2.7225342,56.749023,13.462912,64.03515,251.70007
43.79375,42.53125,1963.7263,0.08908602,0.00024702627,-3.598999,-4.407837,66.16345,13.910428,64.56199,249.59314
43.79375,42.54375,1967.9712,0.069999605,-0.00060470816,6.146118,7.733032,88.40283,12.825755,66.26085,246.4076
43.79375,42.55625,1938.1586,0.10608178,-0.00019005573,2.3891602,-1.3739014,80.81604,14.840822,70.71245,330.8263
43.79375,42.56875,1895.1832,0.077768,0.0014152551,-15.308105,-21.576782,63.71521,15.755951,65.350975,306.84216
43.79375,42.58125,1896.6636,0.10384862,-0.0007035436,7.5335693,-1.0454102,93.04944,19.557608,60.512394,254.19055
43.79375,42.59375,1887.1122,0.086898245,-0.00021018693,2.029541,14.364624,116.86914,14.195069,56.61272,242.42273
43.79375,42.60625,1865.1967,0.040048707,-0.00036944431,6.1502686,28.252441,122.58533,7.3484693,50.03499,204.94128
43.79375,42.61875,1782.4408,0.12056423,-0.00082161475,4.8881836,-12.05603,62.153564,16.070158,46.59399,199.27893
43.79375,42.63125,1737.6396,0.11098145,-0.0006404464,4.7858887,-5.1694336,35.68042,19.422924,57.14674,323.95557
43.79375,42.64375,1642.4991,0.5561071,-0.00045997923,4.856079,-15.75061,-40.92798,62.165104,81.34648,346.2461
43.79375,42.65625,1496.4908,0.20237078,0.0013231286,-19.310791,-115.90137,-170.09631,28.213472,84.24369,355.515
43.79375,42.66875,1677.771,0.2913016,-0.00285317,22.572998,45.43567,21.93689,42.89522,98.189865,373.0962
43.79375,42.68125,1708.4281,0.12094609,-0.002689329,16.033936,45.023193,65.68445,13.369742,88.9986,371.8932
43.79375,42.69375,1697.486,0.13505855,-0.0014005109,14.355835,27.75122,63.845947,20.566963,73.44045,317.92053
43.79375,42.70625,1670.557,0.14714134,-0.0005905769,3.821289,18.354492,48.333496,20.087309,63.921825,305.08862
43.79375,42.71875,1671.3146,0.070575766,-0.0019171778,19.640015,59.066772,66.87537,14.949917,64.736,298.3855
43.79375,42.73125,1559.4873,0.12355787,-0.000924642,10.875122,11.42334,-22.712158,22.638462,66.47556,318.93787
43.79375,42.74375,1462.6115,0.5333305,0.00087256846,-5.444214,-57.344116,-92.38208,44.085144,76.32497,349.90918
43.79375,42.75625,1537.215,0.1331287,0.000403174,-6.630127,8.272217,7.3791504,22.792543,75.06164,349.90918
43.79375,42.76875,1493.7064,0.30730897,0.0005597015,-8.387207,-13.966553,-12.199585,28.293108,68.134056,343.0067
43.79375,42.78125,1500.3082,0.082729094,-0.00017711146,3.0292969,46.828613,17.145996,12.298374,71.49476,372.15723
43.79375,42.79375,1352.6935,0.41781577,-0.00081595965,-13.561401,-67.97412,-106.83374,42.01934,83.320915,381.5891
43.79375,42.80625,1479.3324,0.1629636,-0.0016883976,20.786377,97.2572,42.023804,26.78619,88.28859,375.6167
43.79375,42.81875,1276.9591,0.32455933,0.005512938,-35.816406,-71.56152,-138.23328,33.628487,84.00819,345.99194
43.79375,42.83125,1398.6178,0.26122066,-0.0017126908,21.752441,82.211914,6.5561523,29.03231,88.24469,370.79004
43.79375,42.84375,1351.6804,0.28574362,-0.0015734717,13.772705,56.758057,-19.522339,38.17722,85.06468,353.09644
43.79375,42.85625,1294.5325,0.26839405,0.000403285,0.67004395,19.59851,-55.23889,31.998047,86.08644,369.87427
43.79375,42.86875,1295.6189,0.3462858,-0.00043750525,13.278564,56.48242,-30.305786,37.498333,80.714775,355.2484
43.79375,42.88125,1185.5204,0.053919237,0.0022149107,-14.552856,-32.338745,-119.61072,25.283394,88.69893,367.99707
43.79375,42.89375,1191.4651,0.17214637,-0.0012796554,7.814087,10.632202,-93.24158,23.94003,80.01172,323.20728
43.79375,42.90625,1122.1581,0.2546091,-0.00025995172,-3.8498535,-14.276611,-139.23303,26.608269,63.130817,258.15698
43.79375,42.91875,1074.3353,0.29520974,-0.00091055466,4.7283936,-28.252441,-162.1438,31.94331,51.57761,261.80927
43.79375,42.93125,1032.567,0.09984222,-0.00092095224,-2.1523438,-44.19922,-182.10901,18.261982,40.819725,247.10974
43.79375,42.94375,1009.55536,0.06837085,0.00044278085,-5.1429443,-44.523376,-184.9992,13.287683,44.36919,198.69592
43.79375,42.95625,1006.9496,0.11618862,0.0029921716,-17.883911,-37.19568,-237.65637,18.31666,58.796257,336.3175
43.79375,42.96875,1056.6271,0.15819629,-0.00027629835,0.7369385,-14.854736,-287.92004,20.85965,97.16224,446.5957
43.79375,42.98125,1086.6099,0.13223928,-4.417748e-05,-3.2976074,-50.285645,-357.9425,34.765285,139.23766,464.53442
43.79375,42.99375,1240.4391,0.4028698,-0.00035668048,1.5812988,-191.14783,-307.13794,72.481895,411.07376,1070.2855
43.78125,42.00625,1156.8207,0.35737553,-0.000982021,5.6049805,-42.54712,-262.6853,40.160614,94.224464,408.65698
43.78125,42.01875,1218.1738,0.28387624,0.0015424737,-32.021606,-37.499268,-215.22327,51.05879,99.69641,485.06702
43.78125,42.03125,1316.5905,0.42065242,0.0027859744,-33.16382,-27.728882,-138.01672,56.348248,119.63904,534.2084
43.78125,42.04375,1449.8309,0.36592808,-0.0038516608,29.32959,101.913574,-26.446655,60.343807,130.1672,511.41833
43.78125,42.05625,1318.2747,0.25885046,-0.00044154012,2.8398438,-34.050415,-186.5531,35.621273,112.59718,577.5437
43.78125,42.06875,1708.6813,0.5866246,-0.007298029,76.66809,248.10632,168.93323,81.96036,134.12866,604.5543
43.78125,42.08125,1674.1256,0.398611,-0.004185546,41.104492,116.11316,95.34375,47.310146,102.57436,455.91418
43.78125,42.09375,1723.5392,0.23732707,-0.003598344,40.316895,135.23999,116.54419,32.268406,83.91811,404.68384
43.78125,42.10625,1597.4059,0.19412376,0.0026545448,-23.307861,-8.879395,-33.812134,21.470911,87.79664,409.4331
43.78125,42.11875,1662.2678,0.55317605,0.00015766712,10.524292,34.094727,-4.9057617,67.59253,106.67591,428.78735
43.78125,42.13125,1666.9606,0.38439146,0.005223416,-25.3479,41.173218,-37.4646,40.981705,111.85146,425.9873
43.78125,42.14375,1511.9502,0.21650779,-0.00041916186,-2.8900146,-69.904175,-236.48547,19.280819,98.299286,397.3921
43.78125,42.15625,1568.0637,0.18633957,0.0019464233,-11.928955,-46.890137,-224.27332,31.348845,108.07405,523.5393
43.78125,42.16875,1758.6989,0.5069296,0.003021271,-19.21643,28.236938,-72.27966,55.448174,126.137825,604.7294
43.78125,42.18125,1760.7483,0.21785545,0.0016069907,-24.995605,-99.08923,-104.54553,42.30839,145.31174,648.4595
43.78125,42.19375,2013.3208,0.3161197,-0.00036619022,7.7713623,32.778564,107.296265,38.268787,145.38483,586.0359
43.78125,42.20625,2145.369,0.407463,-0.00016470418,13.153076,92.05884,204.37756,46.249325,110.0409,466.26562
43.78125,42.21875,2154.1472,0.18630372,0.0015016238,-2.628662,49.044678,190.76611,19.761072,86.95976,485.26746
43.78125,42.23125,2262.4666,0.06855324,-0.00018707366,1.8527832,106.77881,289.71912,15.32971,77.71422,358.4806
43.78125,42.24375,2107.487,0.25923225,0.0027638213,-28.940186,-16.731934,145.193,51.215233,106.34848,446.84692
43.78125,42.25625,1975.0514,0.4421749,0.0006054836,-7.2747803,-48.05066,38.305786,66.81317,136.44687,520.4784
43.78125,42.26875,1905.1648,0.35749984,-0.0007054233,-2.734253,-15.306519,-8.755127,64.10148,142.15309,546.02515
43.78125,42.28125,1746.1531,0.29413897,-0.0011636844,11.431763,-64.07715,-167.02356,44.491573,116.100174,581.96484
43.78125,42.29375,1750.6638,0.50022084,0.0007268762,-2.2207031,14.525757,-177.10486,89.6535,98.59133,448.8203
43.78125,42.30625,1669.3337,0.32262486,0.0005574564,-9.292603,-87.195435,-274.68347,37.851685,108.52765,487.52686
43.78125,42.31875,1902.5205,0.1477639,-0.0027977424,11.381714,22.661499,-52.096558,26.63644,148.27509,694.20044
43.78125,42.33125,2045.8881,0.13327433,0.00026269766,-4.1966553,-9.301147,90.15405,35.36948,135.1795,590.2905
43.78125,42.34375,2153.933,0.07082878,9.637845e-05,2.477539,66.392334,202.1698,15.149258,90.4627,410.94812
43.78125,42.35625,1975.5356,0.315875,-0.0010334015,4.5323486,-74.6228,38.510864,48.915745,114.111786,477.33582
43.78125,42.36875,2133.6025,0.09085418,-0.00020255327,1.4443359,66.364746,227.64062,16.093477,122.798615,477.33582
43.78125,42.38125,1878.3008,0.43912667,0.00053027296,-14.596436,-87.519775,11.516602,57.408623,161.7328,648.9686
43.78125,42.39375,1747.1959,0.297283,0.0016747266,-13.833374,-8.703247,-79.00574,74.11309,154.15334,699.08875
43.78125,42.40625,1631.8094,0.41405475,-0.0037265217,30.510132,52.582275,-172.94934,50.09491,117.24547,610.6577
43.78125,42.41875,1544.6398,0.480372,-0.0018342569,14.90332,-23.174194,-256.4254,47.736256,100.39671,531.15
43.78125,42.43125,1745.84,0.37263986,-0.0008968598,19.214355,17.343384,-63.34973,42.725872,140.10532,574.7698
43.78125,42.44375,1894.0394,0.5900916,0.0023869327,-12.610352,-10.87085,57.56494,76.69909,130.75836,602.8489
43.78125,42.45625,2113.1555,0.3021249,-0.004163972,24.098633,74.93103,232.68372,34.88553,106.02948,443.93384
43.78125,42.46875,2123.8003,0.100475535,-2.720299e-05,1.4475098,26.065186,186.33765,16.29417,61.919304,301.68896
43.78125,42.48125,2111.1248,0.05131987,-0.00043029603,4.125244,17.894775,130.46521,10.198039,44.35651,195.66052
43.78125,42.49375,2094.455,0.035689842,-2.541677e-05,1.3825684,20.143799,90.10693,6.1237245,44.0,198.802
43.78125,42.50625,2086.077,0.072211444,-0.000121509474,2.4841309,33.617188,80.33423,10.793516,44.676617,173.17432
43.78125,42.51875,2081.6826,0.060166217,8.334781e-05,-0.70458984,36.874268,89.57251,10.488089,45.782093,161.78113
43.78125,42.53125,2062.6387,0.09745093,0.0005419375,-3.6750488,15.583374,88.20911,12.227019,45.26588,161.78113
43.78125,42.54375,2077.074,0.056006595,-0.00045264055,3.9560547,28.034668,121.882935,11.357817,49.839745,184.44849
43.78125,42.55625,2055.9421,0.052301202,-5.8461555e-05,0.34375,16.372559,123.60205,12.469964,57.523907,226.76062
43.78125,42.56875,2031.9275,0.07061207,-0.00039543165,4.7056885,14.90332,125.65234,11.757976,60.42971,239.92688
43.78125,42.58125,1996.4838,0.033465363,-0.00045655092,1.8293457,5.831787,117.03259,12.0415945,57.54129,237.69495
43.78125,42.59375,1941.9788,0.05981926,0.0011169193,-11.992432,-12.094971,95.08081,13.247642,53.31979,247.22656
43.78125,42.60625,1889.8019,0.18041207,-0.0007484218,2.6704102,-20.507324,71.55115,20.217567,59.60495,288.80127
43.78125,42.61875,1882.8225,0.10063145,-0.00012848838,2.1535645,19.891113,85.30969,17.86057,60.133186,290.01746
43.78125,42.63125,1823.7006,0.16064884,0.0003440877,-5.0373535,54.62915,42.83484,18.296175,98.574844,393.45972
43.78125,42.64375,1594.735,0.16471444,0.0020167702,-20.642944,-55.781982,-168.75659,33.815678,92.62964,361.46472
43.78125,42.65625,1625.8577,0.23544051,0.0011133075,-18.363403,-49.178955,-122.15759,37.396523,111.346306,414.94177
43.78125,42.66875,1796.703,0.11456275,-0.0009773894,9.6311035,30.980957,60.384644,23.393375,84.48225,419.8777
43.78125,42.68125,1796.9092,0.10791996,-7.052248e-05,1.0533447,13.737915,76.48938,18.78164,68.025734,326.39087
43.78125,42.69375,1784.0773,0.07106034,-0.0009108361,6.621826,25.76184,75.186035,11.532562,58.64512,304.39893
43.78125,42.70625,1741.3632,0.1456157,-0.0003547286,11.609985,32.163086,45.714355,29.33428,57.528255,308.49316
43.78125,42.71875,1525.6378,0.26931283,0.003566917,-37.29309,-128.09705,-147.91345,44.491573,79.1407,350.77673
43.78125,42.73125,1639.8142,0.17248763,-0.0003309702,5.918457,17.336914,-6.499634,35.954834,97.26896,386.6339
43.78125,42.74375,1661.6539,0.12268743,-0.0010999228,9.009155,27.082764,47.94043,19.300259,94.478836,386.6339
43.78125,42.75625,1645.7479,0.12959029,0.0006494085,-5.347046,19.608887,61.29712,9.313968,65.74002,328.6062
43.78125,42.76875,1546.9486,0.43924442,-0.0014108067,2.526245,-40.894775,-9.626831,41.185555,63.19019,316.72913
43.78125,42.78125,1566.7188,0.14689553,-0.0010128682,14.191528,21.94934,38.64795,38.026306,74.81143,373.17993
43.78125,42.79375,1560.0587,0.20062613,0.0013806656,-4.112793,52.631348,63.116455,28.460499,65.36054,313.82153
43.78125,42.80625,1410.7334,0.4212966,0.0022500085,-18.122192,-64.37219,-53.82263,33.996323,64.7051,316.89917
43.78125,42.81875,1499.6908,0.2160839,-0.0007784105,9.831421,40.191772,62.472046,24.145393,68.92024,303.54028
43.78125,42.83125,1370.6088,0.12545544,0.004899564,-36.253662,-64.5625,-39.40979,28.855242,73.42513,342.38013
43.78125,42.84375,1459.68,0.25902393,-0.0023288585,23.362183,53.230713,75.82544,24.50255,65.07111,340.74316
43.78125,42.85625,1376.9272,0.15713122,-0.00025143154,5.5162354,-11.442505,23.741821,34.43472,69.2026,318.7965
43.78125,42.86875,1357.464,0.25182697,0.0030582906,-18.807617,-7.677124,36.48181,27.66993,82.47651,343.31213
43.78125,42.88125,1309.4777,0.15570423,6.886259e-05,-5.0097656,-31.668335,16.40039,25.544079,78.14729,329.95203
43.78125,42.89375,1247.9303,0.07094852,0.0007579794,-8.509033,-41.52893,-22.169922,14.752118,75.7108,350.24292
43.78125,42.90625,1224.2303,0.12523173,0.0005154663,-7.4521484,-3.9794922,-22.924683,25.35991,70.40419,344.6261
43.78125,42.91875,1232.949,0.047324967,-0.0045146053,39.727173,57.972534,15.269043,20.985113,66.09652,355.80658
43.78125,42.93125,1122.3235,0.24929328,0.00034279708,0.5013428,-1.0928955,-68.611694,19.467922,68.66222,344.32935
43.78125,42.94375,1063.3176,0.13037117,0.00012088288,-1.7113037,-1.8817139,-104.32495,27.890411,62.02721,301.2439
43.78125,42.95625,984.7112,0.083929725,0.00031837105,-1.9259033,-35.683777,-234.6117,13.325258,44.24859,204.3277
43.78125,42.96875,951.12085,0.053304054,0.00031499987,-7.9248047,-45.980103,-370.53638,17.001839,40.75,223.53821
43.78125,42.98125,980.90643,0.14449868,5.9903497e-05,-1.6166382,-12.787231,-444.82794,9.154917,51.724026,328.77277
43.78125,42.99375,985.0867,0.065769926,0.00043712076,-3.5941162,-323.2202,-546.20215,10.603655,474.50882,1132.8372
43.76875,42.00625,1175.4929,0.35536888,-0.0024822599,17.451294,-42.69873,-271.06885,62.023182,115.62763,482.1184
43.76875,42.01875,1104.7659,0.42802218,0.003451871,-37.577515,-133.8346,-348.9331,53.41114,98.68637,437.44678
43.76875,42.03125,1140.913,0.27001145,0.0006633841,-20.228638,-130.1908,-327.54724,35.778835,96.849754,417.1975
43.76875,42.04375,1160.0286,0.36430597,0.0049115485,-48.289917,-147.3905,-321.9956,61.793003,99.61426,442.61975
43.76875,42.05625,1247.9832,0.565078,0.0018343721,-21.157959,-79.984375,-253.87683,70.94276,92.1412,558.56006
43.76875,42.06875,1337.2255,0.25819263,0.00045564503,5.5030518,-51.069214,-189.58484,57.062466,136.7388,604.5543
43.76875,42.08125,1492.1737,0.54082274,-0.0015900319,3.9091797,42.528687,-65.239624,102.14328,153.36964,578.71204
43.76875,42.09375,1519.1904,0.4599155,0.0006015746,11.923218,45.24951,-63.14624,65.60869,147.97635,525.9701
43.76875,42.10625,1416.5797,0.44960678,0.0030849057,-9.919922,-57.398193,-189.19263,34.815586,118.58858,471.0868
43.76875,42.11875,1428.5292,0.13536154,0.0010355334,-7.598877,-49.8938,-211.36829,24.566236,114.10193,501.65588
43.76875,42.13125,1447.927,0.17478412,0.00094931386,-2.5516357,-44.191284,-228.19458,30.931376,104.207726,490.4353
43.76875,42.14375,1463.5032,0.083496556,-0.00046352,8.867065,-29.187012,-259.47998,17.71299,59.390656,371.5697
43.76875,42.15625,1548.7134,0.23263665,0.00013905493,-6.729492,-21.803955,-222.65881,38.006577,95.36771,386.3235
43.76875,42.16875,1626.5026,0.42857033,0.002007438,-19.033325,-55.62744,-187.01965,59.447456,86.34234,379.03455
43.76875,42.18125,1643.804,0.20821397,0.0029789577,-30.54309,-117.31482,-207.06995,32.29164,79.876465,456.51025
43.76875,42.19375,1763.5742,0.31131256,-0.0009876431,5.6280518,-86.23193,-130.62451,43.717846,103.823166,549.32605
43.76875,42.20625,1822.9015,0.22626822,0.0044012833,-30.088013,-123.98462,-108.60437,38.91979,99.80731,482.41284
43.76875,42.21875,1975.6897,0.29430547,-0.0010917628,3.8293457,-69.98645,16.241577,40.07181,103.06066,494.7052
43.76875,42.23125,2044.4073,0.18733734,0.0006026778,-5.2335205,-42.54602,69.94141,37.28941,103.47463,440.93335
43.76875,42.24375,1960.196,0.41208893,-0.0011438422,6.6036377,-47.72888,-8.831421,52.837013,119.04306,515.79846
43.76875,42.25625,1908.0586,0.28824815,-0.0018332417,24.52893,-2.597046,-42.829346,45.85848,81.88406,392.09607
43.76875,42.26875,1830.8185,0.31898248,-0.00022476513,-2.0751953,-46.38098,-109.837036,63.725975,98.519035,455.4944
43.76875,42.28125,1876.495,0.16250654,-0.0009790689,16.290283,39.55774,-72.51404,33.16625,106.70403,484.6173
43.76875,42.29375,1866.3514,0.11188974,0.00019698043,3.4173584,37.286743,-99.34412,28.120277,94.70612,410.01306
43.76875,42.30625,1790.2651,0.12470699,-0.004617171,25.836304,-67.5813,-190.47925,37.151714,95.24836,449.02917
43.76875,42.31875,1926.296,0.5030749,-0.0011780218,20.38269,-25.751587,-63.585938,66.697075,142.64642,607.20874
43.76875,42.33125,2276.5425,0.11619506,-0.003915995,38.749268,149.54468,288.12866,47.523678,110.29506,533.2228
43.76875,42.34375,2165.357,0.32014447,0.001427474,-9.398682,-19.67749,183.67151,48.270073,101.57755,436.0973
43.76875,42.35625,2221.441,0.38115612,-0.003381946,18.459229,32.48633,257.3728,46.4758,107.286995,436.0973
43.76875,42.36875,2242.2883,0.09368744,0.0004416787,-2.0822754,97.33423,313.07312,16.462078,120.08122,524.63
43.76875,42.38125,2124.6375,0.60515076,-0.0028655808,26.394775,137.59106,231.2627,64.79583,152.15617,606.2606
43.76875,42.39375,1769.4265,0.38250503,0.0015257283,-14.360962,-34.30786,-93.17395,67.601776,132.50282,631.33594
43.76875,42.40625,1668.8054,0.33806598,0.0013544604,-15.127686,31.284058,-183.77698,49.814655,119.15851,583.9812
43.76875,42.41875,1527.7821,0.15764198,5.750288e-05,2.4412842,-83.33496,-333.46875,27.964262,100.28459,476.41357
43.76875,42.43125,1748.1041,0.47666007,-0.0048326342,32.460938,4.6499023,-131.17981,60.870766,126.660965,557.04395
43.76875,42.44375,1763.9907,0.061865266,0.0023760926,-37.993286,-151.47595,-150.69116,36.486298,144.09805,588.66943
43.76875,42.45625,2018.0519,0.53161377,0.0013397344,-19.528442,-73.93103,54.849,65.631546,125.10596,525.3003
43.76875,42.46875,2186.0698,0.07866898,0.00017957436,-1.388916,13.877441,163.24414,11.916375,46.952103,319.11072
43.76875,42.48125,2174.0845,0.053613108,-0.0006095224,6.062256,28.543945,111.3064,14.73092,42.24926,220.01111
43.76875,42.49375,2123.267,0.19585042,-0.00055055734,4.706543,10.5,43.9646,20.651876,49.132473,260.1958
43.76875,42.50625,2001.2516,0.22170958,0.001330586,-22.465576,-97.949585,-73.75598,30.91925,65.77994,290.7771
43.76875,42.51875,1956.0215,0.06522734,0.0022580198,-31.369873,-127.18237,-96.072266,29.347061,73.92902,319.1471
43.76875,42.53125,1964.531,0.25479996,0.00038003028,-11.765747,-88.617676,-66.704834,44.58419,67.357254,301.9674
43.76875,42.54375,2018.9667,0.4394356,-0.0013658738,7.04187,-17.4823,10.635376,66.14945,70.533676,295.3015
43.76875,42.55625,2108.61,0.28220555,-0.0029049295,31.91919,85.829346,127.58325,49.939964,81.11258,316.15698
43.76875,42.56875,2113.396,0.07264641,-0.0003430835,6.536377,99.47107,161.71875,10.440307,82.63625,334.688
43.76875,42.58125,2077.2341,0.08341819,-0.00038525416,5.689209,48.63257,154.82031,14.543039,67.109985,334.688
43.76875,42.59375,2044.7001,0.084182486,5.5773013e-05,-0.21533203,26.924683,156.90015,14.823967,55.536026,278.4331
43.76875,42.60625,2003.0212,0.13678102,7.5752985e-05,0.28625488,42.041138,145.48267,20.037464,68.98913,347.39673
43.76875,42.61875,1935.625,0.23814072,-0.0008662952,0.8342285,63.041016,94.462036,26.362852,97.70491,424.91968
43.76875,42.63125,1713.0038,0.3366297,0.0018106028,-17.037231,-37.659058,-110.177734,51.640583,109.93862,425.45044
43.76875,42.64375,1638.6307,0.3065768,-0.0022709302,15.207153,-53.947266,-168.35815,41.895702,93.38496,459.68713
43.76875,42.65625,1778.878,0.54069746,0.00035168757,2.2513428,11.08606,-16.314209,59.184036,113.249725,459.68713
43.76875,42.66875,1903.5242,0.1309623,-0.0010743282,8.5789795,43.40686,120.71643,20.25463,68.60211,337.92688
43.76875,42.68125,1911.0748,0.06499933,-0.000791584,7.460205,38.0907,144.65967,9.013878,53.044792,223.18884
43.76875,42.69375,1791.1934,0.34827065,0.00015060516,-7.555908,-42.86133,37.781006,31.804089,68.69498,342.71228
43.76875,42.70625,1794.0829,0.13409576,-0.0017210586,14.690796,10.208008,55.47412,33.143627,88.516945,425.9629
43.76875,42.71875,1770.1726,0.07646282,-0.0005505265,8.365723,21.287354,55.509155,21.00595,96.862015,414.85754
43.76875,42.73125,1777.3549,0.13350229,-0.00071771,6.2144775,23.980713,91.099,17.542805,85.29068,406.40662
43.76875,42.74375,1778.2303,0.07929925,-0.00019552723,1.9619141,30.401733,130.0481,13.341664,57.26692,264.21594
43.76875,42.75625,1695.8762,0.34230223,-0.0018826257,15.189941,-11.221191,83.52429,31.492062,62.018143,320.79993
43.76875,42.76875,1691.8887,0.12777123,-0.0005237225,6.4835205,20.183105,112.24365,23.184046,66.7851,318.78162
43.76875,42.78125,1630.9169,0.08054211,0.00093669025,-6.3792725,0.28051758,83.46277,15.231546,60.43385,293.83044
43.76875,42.79375,1502.5428,0.23767567,0.001242918,-20.311768,-74.56885,-10.831543,33.16248,60.106155,306.49707
43.76875,42.80625,1563.6144,0.06334343,-1.2163972e-05,-0.4892578,11.310547,88.42786,11.067972,57.02631,277.2948
43.76875,42.81875,1567.3549,0.055889055,-0.00016260278,0.74243164,22.023071,126.83728,10.523783,50.23445,254.828
43.76875,42.83125,1565.7179,0.11746254,-0.0013417067,14.310059,52.078735,157.81091,18.69492,50.591503,249.86694
43.76875,42.84375,1492.1957,0.06576787,-5.7775407e-05,2.652832,15.142822,112.83069,10.307764,46.03803,244.69849
43.76875,42.85625,1455.7488,0.051709764,1.2972419e-05,-0.083618164,-8.871826,112.14673,6.4420495,44.3255,219.87598
43.76875,42.86875,1510.6958,0.13423714,-0.00076324074,15.364136,56.561523,205.50842,19.551214,45.35416,228.56592
43.76875,42.88125,1409.2498,0.09808223,0.0017730164,-17.637207,1.2686768,138.63574,18.834808,57.635708,267.9016
43.76875,42.89375,1376.9719,0.18944448,0.0010463785,-9.841553,32.92285,134.78027,20.81466,55.77186,237.11389
43.76875,42.90625,1353.1416,0.32417876,0.00092649116,-2.6212158,54.871704,135.76501,40.46449,57.853264,262.41858
43.76875,42.91875,1330.1686,0.2116316,-0.0024066584,24.52417,67.1853,145.5293,35.897423,66.878624,294.91418
43.76875,42.93125,1214.0276,0.27967826,0.0037738993,-29.524414,-6.2316895,58.431763,41.79115,71.85489,309.32288
43.76875,42.94375,1149.3318,0.24134155,0.0018497953,-15.128418,-13.977295,19.25415,42.13668,82.51439,340.33398
43.76875,42.95625,1060.9784,0.18234491,0.00032014571,-7.563843,-40.598267,-123.215576,24.122086,87.7183,332.58795
43.76875,42.96875,1013.8378,0.3141456,0.0020339242,-14.563293,-34.229187,-277.7984,23.016298,81.85658,331.8672
43.76875,42.98125,966.4728,0.21205406,0.0003390304,1.6193237,-33.657043,-435.51733,31.15686,69.363625,277.67902
43.76875,42.99375,911.6663,0.029430728,0.0003290542,-6.821228,-371.1264,-601.6972,14.020075,488.91742,1141.9817
43.75625,42.00625,1476.3544,0.35602033,-0.0041338806,38.91736,86.113525,4.4959717,55.510136,148.30458,639.9708
43.75625,42.01875,1383.1129,0.5709451,-0.0022844593,14.850586,48.097412,-92.09912,74.54697,145.04611,639.9708
43.75625,42.03125,1256.1953,0.19119845,-0.0009807937,2.06604,-72.71924,-229.42688,32.21607,123.62797,562.90686
43.75625,42.04375,1324.5747,0.10404578,0.0019483092,-31.654663,-67.48816,-169.11084,31.418545,112.56554,625.2814
43.75625,42.05625,1333.45,0.2316804,0.0021480508,-25.40503,-72.840454,-171.79626,32.341923,108.43893,582.60156
43.75625,42.06875,1314.8334,0.18354076,0.0009452837,-14.453125,-63.972656,-204.91443,33.674915,100.36807,471.9038
43.75625,42.08125,1316.6895,0.12008056,0.0011927268,-9.128052,-68.00232,-222.7893,25.889187,91.13383,454.4784
43.75625,42.09375,1369.4181,0.22753972,-0.0013135173,14.707397,-30.345459,-190.40027,50.233208,81.74121,399.4231
43.75625,42.10625,1428.4138,0.09452598,-0.002895517,31.506836,4.4796143,-149.88391,31.5238,74.115616,358.2561
43.75625,42.11875,1447.589,0.112444304,-0.0028704454,25.794312,-2.3337402,-159.91199,26.495283,88.16604,435.2826
43.75625,42.13125,1437.8202,0.17120335,0.0050749034,-33.151855,-66.10828,-202.96863,28.879059,109.71782,530.5747
43.75625,42.14375,1550.6831,0.28551105,-0.0013015553,5.397949,-7.7252197,-136.36646,42.050564,118.786575,491.78455
43.75625,42.15625,1526.2274,0.6882842,0.003326117,-27.073975,-100.109985,-210.90833,56.033474,107.101585,452.79553
43.75625,42.16875,1749.063,0.43617156,-0.0014582344,10.903687,51.215942,-31.990967,52.23983,83.30066,429.4663
43.75625,42.18125,1666.3685,0.15618056,0.0064551737,-42.380493,-90.52014,-156.30066,34.380226,73.28711,350.02917
43.75625,42.19375,1862.2603,0.43331912,-0.000592641,4.4328613,29.358032,-6.840454,54.36681,91.70878,415.4225
43.75625,42.20625,2021.6926,0.20187105,-0.0005532947,9.562256,99.44568,113.121826,29.38537,78.94935,343.11377
43.75625,42.21875,2007.0322,0.37971717,-0.002625994,14.912842,27.392334,67.11914,33.79349,67.15095,306.1631
43.75625,42.23125,2074.706,0.15510142,-0.00074027025,2.4995117,64.91968,116.01196,19.26136,68.0294,328.6931
43.75625,42.24375,2009.3506,0.3422559,-0.0010222157,7.107544,11.7126465,49.88098,51.11262,87.65415,350.266
43.75625,42.25625,1957.3989,0.40422726,-0.0008417497,11.179077,-12.863037,5.4415283,36.41085,95.50523,385.12817
43.75625,42.26875,2087.1272,0.0451957,-0.0030045568,29.463135,91.56238,132.51318,39.610603,93.93881,417.85742
43.75625,42.28125,1922.4445,0.31325108,0.0049267528,-32.847656,-39.199707,-45.93628,40.512344,109.80665,459.87207
43.75625,42.29375,1858.2843,0.50184846,0.0012063703,2.1619873,-59.342285,-129.2638,46.91215,83.59426,413.71704
43.75625,42.30625,1934.857,0.29222378,0.0014408531,-26.242188,-10.483887,-71.04187,37.0,84.69947,450.14368
43.75625,42.31875,2079.5315,0.38266882,-0.0043708375,47.02368,44.5,61.082886,58.333096,133.55148,592.8949
43.75625,42.33125,2142.5308,0.3882317,0.0020403208,-9.981689,-48.588867,123.261475,50.079937,131.52567,639.80896
43.75625,42.34375,2352.917,0.182145,-0.003681975,24.417725,63.454346,339.75903,34.496376,85.29947,437.46887
43.75625,42.35625,2259.8123,0.19954562,0.00077105634,-16.269043,-17.0542,267.36462,28.714108,79.617836,451.09424
43.75625,42.36875,1999.6925,0.36711565,0.0028825942,-26.139404,-145.95251,41.20337,56.091442,139.68536,623.1769
43.75625,42.38125,1828.6328,0.2684608,-0.0010773944,-7.2735596,-142.96765,-101.8739,39.63584,134.25815,606.2606
43.75625,42.39375,1722.5071,0.5063654,-0.0017439028,-4.3135986,-110.232056,-188.23254,55.074947,118.9937,551.13696
43.75625,42.40625,1745.828,0.6259918,-0.0064505334,47.938843,51.87915,-162.68237,70.491135,123.656784,560.49695
43.75625,42.41875,1739.4904,0.51551163,-0.0050017787,44.680664,67.50122,-184.51904,47.83827,109.261154,549.17786
43.75625,42.43125,1897.5784,0.15682,-0.00478943,46.40381,123.99963,-49.663452,38.86515,106.80941,542.0708
43.75625,42.44375,2003.9846,0.4176082,-0.0007986732,10.465942,79.13989,21.19104,71.0176,161.04968,629.11865
43.75625,42.45625,2225.1394,0.19179903,0.0004126963,-2.244629,97.47827,194.64868,33.800888,144.89651,558.91724
43.75625,42.46875,2206.8616,0.2585714,2.4326819e-05,-6.54834,-2.8955078,124.67749,29.487286,51.4247,352.72766
43.75625,42.48125,2120.5945,0.23614033,-0.00040703907,-8.991699,-54.375,8.389648,32.02343,49.20366,236.98108
43.75625,42.49375,2095.1934,0.15576401,0.00095613854,-8.549805,-62.440918,-19.377686,19.761072,70.79195,319.19104
43.75625,42.50625,2246.3782,0.018869057,-0.0005903019,5.432617,73.24072,146.55371,9.565563,87.94032,360.3037
43.75625,42.51875,2190.239,0.16022901,-0.0004011882,2.83667,35.705322,122.895996,12.727922,100.466415,388.26892
43.75625,42.53125,2136.9407,0.262516,-0.0012799482,18.72168,55.83789,98.40991,23.334524,93.84029,383.42688
43.75625,42.54375,2096.5886,0.14416745,-0.002939999,34.187256,76.271484,86.68848,26.655207,72.15435,375.65112
43.75625,42.55625,2005.947,0.23014268,0.00016182708,-1.8781738,30.177002,27.594849,40.174618,68.47993,316.15698
43.75625,42.56875,1880.6357,0.42983016,-0.0027345007,11.56189,-63.792236,-65.873535,45.983692,85.800644,373.30725
43.75625,42.58125,1986.3774,0.5070169,-0.0012787926,10.200562,35.304565,71.22583,67.48333,111.65684,406.9204
43.75625,42.59375,1991.914,0.51324373,0.0029423174,-7.2998047,44.764404,112.63135,68.05696,122.608116,423.84326
43.75625,42.60625,1847.7739,0.33492893,4.0749637e-05,-0.86499023,-41.658813,-1.5853271,33.70831,119.70484,432.9923
43.75625,42.61875,1761.4666,0.45879585,-0.003989774,31.625,-58.436768,-75.29089,58.273064,107.928215,424.91968
43.75625,42.63125,1698.3267,0.40604824,0.0011904734,-6.2679443,-74.153564,-123.37512,37.094475,106.77898,483.38416
43.75625,42.64375,1800.7814,0.3329047,-0.0005309541,3.4864502,-17.203613,-9.465088,40.862576,142.44824,505.3606
43.75625,42.65625,1864.5737,0.44059926,0.0019219749,-17.595215,-36.868042,58.96228,59.434837,120.9318,449.35254
43.75625,42.66875,1960.6903,0.068726696,0.00011941567,-0.41870117,18.599243,159.42041,10.161201,74.80809,376.45996
43.75625,42.68125,1932.1293,0.09815128,0.00013525998,-1.9846191,-11.933472,141.06335,16.355427,47.61302,293.7798
43.75625,42.69375,1921.481,0.09965049,0.0013540152,-7.852417,4.746826,139.474,11.324752,51.954308,278.72107
43.75625,42.70625,1911.5062,0.13069978,-0.0007404581,7.263916,17.317505,144.20227,19.467922,61.03278,244.51465
43.75625,42.71875,1903.0553,0.08762561,-0.00032226532,5.246826,34.31665,158.43518,19.196354,62.527992,304.0796
43.75625,42.73125,1865.9146,0.07086437,0.0004973604,-3.0928955,21.37976,149.90466,10.0,47.92442,244.63818
43.75625,42.74375,1800.2993,0.10183675,9.0130976e-05,-0.6723633,-6.0533447,126.218506,11.789826,43.12482,238.30981
43.75625,42.75625,1766.8162,0.07585861,0.0002962155,-1.9417725,-2.411621,136.06396,7.566373,40.7615,209.2622
43.75625,42.76875,1754.3914,0.06160361,0.00045306643,-3.2781982,10.423096,164.81177,7.7620873,43.419464,198.65503
43.75625,42.78125,1705.9915,0.11761927,-9.87835e-05,1.1695557,24.286255,154.41089,17.55705,67.60732,311.04395
43.75625,42.79375,1663.1342,0.09755021,-7.289479e-05,1.026001,23.907715,148.57861,14.815533,55.720284,246.0326
43.75625,42.80625,1616.8683,0.13091378,0.0013309338,-10.99353,-10.241821,141.25427,14.849242,56.586216,249.42773
43.75625,42.81875,1618.0845,0.030395143,-0.00095005997,19.71936,44.609863,179.72327,25.874699,66.72518,390.36267
43.75625,42.83125,1577.9368,0.12827764,-0.0004526123,6.149414,62.0719,173.72388,22.594248,72.15435,333.8994
43.75625,42.84375,1421.2902,0.49450958,0.0021025587,-16.990967,-50.300293,44.085815,39.107224,75.47019,340.44006
43.75625,42.85625,1487.31,0.037605736,0.00015913177,0.009033203,16.400269,144.3656,19.17029,57.89214,299.20837
43.75625,42.86875,1448.7745,0.045509975,0.001108818,-13.01709,-21.007812,141.4336,13.388428,41.28862,233.60547
43.75625,42.88125,1450.7421,0.11783618,-0.0014481774,12.768433,40.017334,176.7201,18.224297,55.302578,298.93604
43.75625,42.89375,1366.3739,0.15770455,-0.00042926584,7.0926514,14.191284,121.74097,24.489794,53.07071,271.58484
43.75625,42.90625,1222.0614,0.1231022,0.003022108,-24.78125,-82.26526,3.2575684,24.106535,63.15061,335.6006
43.75625,42.91875,1325.4283,0.23950079,0.000781745,-1.7182617,35.41382,142.96509,24.264172,56.668995,309.021
43.75625,42.93125,1325.0452,0.27504763,-0.002119224,11.524414,48.29187,176.08875,37.516663,44.519657,245.89893
43.75625,42.94375,1188.9193,0.055598542,0.0018770577,-12.495728,-30.415527,69.81958,11.472794,57.84354,317.23975
43.75625,42.95625,1225.7723,0.394324,-0.0018449919,15.390381,78.31958,53.8927,36.465736,66.112595,292.72516
43.75625,42.96875,1080.5089,0.22420089,0.00282944,-20.965088,-18.801392,-197.42358,28.528494,57.32255,292.71106
43.75625,42.98125,1131.2747,0.17073825,-0.00148083,18.911621,80.51184,-256.28223,22.527761,65.275375,283.70367
43.75625,42.99375,1071.6885,0.128033,-0.0038215003,39.744995,-235.45593,-428.6704,30.228298,474.26007,1141.9817
43.74375,42.00625,1558.8876,0.59803015,-0.0025211056,9.452148,-60.410767,62.74695,73.31439,152.64502,614.97034
43.74375,42.01875,1649.2955,0.48943466,0.00030817022,6.5406494,88.99646,151.5597,58.131317,165.7732,617.8146
43.74375,42.03125,1417.9657,0.48809272,0.00030178684,-6.2021484,-87.52527,-87.1864,52.048054,140.46352,635.2074
43.74375,42.04375,1600.8335,0.4765598,0.0028807658,-31.130981,68.00952,93.15674,80.14986,143.41199,591.42053
43.74375,42.05625,1507.4668,0.32232085,-0.0002111141,-5.734009,-37.725098,-4.359131,44.311398,129.98462,534.87964
43.74375,42.06875,1663.649,0.2390026,-0.0060242997,43.219604,150.51343,145.78223,31.356817,114.58076,528.2772
43.74375,42.08125,1485.2283,0.45377606,-0.0020983696,1.6292725,-41.20874,-41.719727,51.320072,119.09975,506.0974
43.74375,42.09375,1503.2806,0.48307702,-0.00045647653,-2.178955,-38.325684,-39.47278,50.724747,122.48878,493.67468
43.74375,42.10625,1563.3685,0.405922,-0.0045029516,18.388428,-4.258301,5.8790283,59.908264,127.34108,515.0548
43.74375,42.11875,1546.6448,0.15978302,0.0082876915,-49.504517,-73.05505,-36.802246,47.55786,143.9618,551.558
43.74375,42.13125,1720.3276,0.4383044,-0.0008148186,-0.033081055,50.63806,109.16235,73.06675,122.18531,484.59985
43.74375,42.14375,1857.3308,0.0942029,-0.004722231,46.432495,143.22131,204.27026,37.439953,115.35164,471.8435
43.74375,42.15625,1707.3313,0.33455792,0.0030455224,-26.89148,-27.332397,6.9925537,54.260944,109.1799,432.9879
43.74375,42.16875,1708.9662,0.39127603,-0.0007325976,-5.826294,-33.915527,-34.5708,38.66523,101.884735,485.14197
43.74375,42.18125,1896.3417,0.47457835,0.00095167937,2.4492188,96.20044,108.68274,55.6125,91.18662,437.3955
43.74375,42.19375,1874.9978,0.26132426,-0.00024591276,2.7183838,-5.9869385,40.901,51.085712,85.78316,405.89587
43.74375,42.20625,1932.441,0.22441186,0.004405824,-29.33667,3.5493164,61.022095,42.293617,70.54431,303.36218
43.74375,42.21875,1876.7078,0.43268642,-0.0021061497,11.595581,-38.125,-27.984985,44.30858,88.06957,391.48657
43.74375,42.23125,1977.529,0.2720836,-0.00051923556,16.226074,33.509888,46.552856,35.380077,107.44301,414.0166
43.74375,42.24375,2024.9132,0.17095412,-0.0007314993,-9.146973,19.32434,82.279175,34.93923,85.19977,369.90906
43.74375,42.25625,2101.4163,0.20272246,-0.00116085,14.296143,60.84143,153.45361,19.0,74.10297,356.87756
43.74375,42.26875,2076.844,0.2475515,-0.0043496764,21.728027,-12.8203125,114.92322,38.52921,66.64833,315.22144
43.74375,42.28125,2129.648,0.3474401,-0.0022210786,9.077148,40.52588,148.16895,47.175205,101.897,441.7849
43.74375,42.29375,2077.5178,0.25969535,-0.003393752,36.58203,27.387207,73.07483,47.492104,113.89688,441.7849
43.74375,42.30625,2049.7178,0.20552686,-0.0024508417,31.045532,-10.135986,22.60376,35.017853,94.294754,400.4828
43.74375,42.31875,2126.7651,0.3059052,0.0012575514,-9.307617,-14.9626465,85.02283,40.657104,92.15476,400.85168
43.74375,42.33125,2319.6775,0.30376548,0.00024200119,-2.5546875,67.41162,276.2025,29.30017,104.0841,469.09033
43.74375,42.34375,2426.0408,0.14393413,-0.0005748763,2.8774414,123.48828,390.63647,26.645824,111.37998,518.91125
43.74375,42.35625,2422.7612,0.11770314,-0.0030975982,40.84839,182.44019,410.35498,37.82856,129.6071,566.80676
43.74375,42.36875,2208.9163,0.39766222,0.0017725285,-0.6843262,104.41748,229.2179,38.61347,130.50096,622.37354
43.74375,42.38125,1989.8628,0.23765932,0.0036653702,-43.59375,21.20691,35.109985,49.277275,111.30813,559.0836
43.74375,42.39375,1916.3547,0.6337245,-0.0028127062,21.78601,79.198975,-26.545166,76.23155,119.959366,526.90137
43.74375,42.40625,1580.9563,0.38667506,0.0054778396,-37.279663,-153.77283,-368.36658,40.945084,103.68703,498.9054
43.74375,42.41875,1841.7566,0.54873276,0.000587149,15.679199,68.02466,-126.39551,62.395912,133.87868,710.4214
43.74375,42.43125,1820.5631,0.53654575,0.002904134,-18.317505,-92.1886,-170.5857,61.554855,158.23163,686.43555
43.74375,42.44375,1925.0938,0.49338883,-0.0033363232,22.61316,-131.64697,-100.464355,55.77186,167.57684,665.03894
43.74375,42.45625,2263.8552,0.18728735,-0.002578459,16.057861,57.26538,194.49536,34.81379,121.52777,535.74
43.74375,42.46875,2265.3318,0.0459883,-0.00037832384,1.1499023,-4.6398926,152.76318,14.882876,66.794464,292.12012
43.74375,42.48125,2238.6074,0.11355454,-0.0007304973,5.4248047,-13.061523,103.49902,20.09975,83.725746,301.26685
43.74375,42.49375,2210.6755,0.17468971,0.0018011827,-16.829346,-36.360596,82.193115,25.0,76.62245,312.5005
43.74375,42.50625,2237.8872,0.2313126,0.00060084363,-7.6696777,-3.5456543,133.67139,40.730824,59.5063,312.5005
43.74375,42.51875,2198.1113,0.24593952,0.00021348681,-0.6040039,-14.702393,131.97266,45.122055,55.87486,280.2434
43.74375,42.53125,2084.8914,0.14827062,0.0018361637,-21.641602,-75.20264,51.46399,19.104973,67.98897,354.4231
43.74375,42.54375,2042.4268,0.46244776,6.717493e-05,-6.7424316,-66.90796,38.833252,41.206795,79.52358,425.67554
43.74375,42.55625,2033.2864,0.18246455,0.0006098884,-1.9194336,-28.576904,59.120728,42.71124,96.70057,440.16736
43.74375,42.56875,2003.444,0.11861866,0.00024142719,-2.7246094,-1.1628418,59.0459,27.771389,112.86607,493.7953
43.74375,42.58125,1912.4698,0.39953277,0.0026316259,-16.701904,-50.411255,-2.593872,37.9638,114.99348,469.75903
43.74375,42.59375,1892.8561,0.326796,0.0016512292,-6.253662,-36.764526,13.3046875,49.178246,112.07252,500.46558
43.74375,42.60625,1902.2397,0.17462449,-0.0006752727,12.17334,12.138794,53.07361,43.36473,112.14834,433.45496
43.74375,42.61875,1827.1185,0.18760289,0.0040926323,-31.052612,-65.108765,-8.966187,31.957003,127.68712,512.4855
43.74375,42.63125,1937.4552,0.3210176,0.0008797851,-4.091919,43.40393,116.842285,55.18605,111.797806,512.4855
43.74375,42.64375,1986.8619,0.4597311,0.0003866086,-2.826538,55.623413,178.86194,45.52472,92.83453,404.32886
43.74375,42.65625,2063.3928,0.053836983,-3.5015175e-05,-0.19335938,65.58667,259.8639,10.0,71.30218,335.40845
43.74375,42.66875,2062.8765,0.081152484,-0.0012826368,11.820068,62.876465,261.73926,11.74734,59.803844,298.21118
43.74375,42.68125,2024.1389,0.0888956,-4.819765e-05,1.4786377,44.864136,235.30774,15.795569,50.906776,268.83398
43.74375,42.69375,1983.1217,0.051908888,0.000421421,-3.218872,11.866577,204.8357,10.29563,47.455242,284.65588
43.74375,42.70625,1963.4493,0.07492829,0.0006468183,-5.4731445,10.503174,200.9613,10.523783,53.098965,315.86023
43.74375,42.71875,1913.7998,0.22422712,0.00070963585,2.987671,14.809692,176.24927,28.913664,64.202805,314.21082
43.74375,42.73125,1899.7913,0.01715889,-0.00022888703,13.008301,69.98389,191.06836,18.11767,81.99238,410.24585
43.74375,42.74375,1792.3754,0.42886358,0.0008875708,-12.095947,8.756714,122.6156,41.31283,76.4248,350.0205
43.74375,42.75625,1782.1166,0.40134808,-0.001963014,21.606567,42.602905,153.74695,63.231716,85.14546,377.31836
43.74375,42.76875,1794.5388,0.18686111,-0.0032548858,33.06079,110.38306,205.70032,48.78268,108.87837,432.92065
43.74375,42.78125,1663.2023,0.35273954,0.0019337039,-10.392456,46.302002,106.40637,50.348785,118.194756,467.75586
43.74375,42.79375,1636.4667,0.53018624,0.002135312,-9.638794,15.026489,112.412476,56.714195,99.93498,439.54712
43.74375,42.80625,1735.1794,0.09371474,-0.00042811644,2.6368408,70.19702,244.5708,16.837458,72.97774,323.891
43.74375,42.81875,1570.0956,0.40334758,0.0034058741,-14.012695,-27.76892,108.43298,59.080452,102.90165,440.56128
43.74375,42.83125,1372.7278,0.35434553,-0.0020099797,-0.3359375,-113.92163,-61.193848,31.82177,107.67079,515.3085
43.74375,42.84375,1346.876,0.5022873,0.001875587,-0.04724121,-39.874756,-61.34204,62.827145,111.52186,485.4088
43.74375,42.85625,1417.5367,0.5799246,0.0010282097,-4.9925537,17.42749,44.41919,70.99912,105.89795,421.68066
43.74375,42.86875,1502.0018,0.046991333,0.00017464624,1.232666,53.78174,164.44836,11.302654,63.243576,297.167
43.74375,42.88125,1385.1564,0.5915334,-0.002279553,14.284668,-1.5292969,83.284546,59.329586,84.029755,381.08057
43.74375,42.89375,1242.0145,0.42065024,0.0012804624,-16.556519,-69.85181,-32.41089,49.339386,94.65728,414.8805
43.74375,42.90625,1361.7654,0.17004944,-0.0024495225,21.016968,114.38977,112.453735,34.577812,84.96911,328.67004
43.74375,42.91875,1133.8129,0.41344282,0.0027824955,-17.534424,-78.71399,-75.67175,56.34159,97.42176,407.63464
43.74375,42.93125,1270.7644,0.15198481,-0.0010324438,7.460083,73.08777,100.72595,19.868317,112.58885,441.77692
43.74375,42.94375,1205.5273,0.12511483,0.0003195671,-3.3125,44.979736,70.64087,12.980755,103.64965,455.7926
43.74375,42.95625,1087.1328,0.5803635,0.00070797,-11.077148,4.314331,-96.99695,39.885773,95.08023,379.11548
43.74375,42.96875,986.3991,0.21331932,0.0039266204,-21.43457,-47.301086,-298.96393,22.313112,83.83839,374.29065
43.74375,42.98125,1027.9749,0.018346932,-0.0016191285,12.195435,24.13147,-363.93274,13.119641,82.859825,335.5702
43.74375,42.99375,952.93195,0.11990996,0.0001770268,-8.018372,-333.33392,-547.6005,25.680733,489.01074,1194.1299
43.73125,42.00625,1746.674,0.3597993,-0.00034367174,0.36499023,13.25647,228.4386,37.579914,77.656296,357.93262
43.73125,42.01875,1771.2126,0.34768277,-0.00014966405,1.5986328,44.13025,252.83154,45.77663,110.09541,497.80212
43.73125,42.03125,1810.1024,0.41194856,-0.0006194521,12.033325,122.82446,289.1997,62.347816,127.66166,501.22278
43.73125,42.04375,1695.1976,0.30615607,-0.0011749556,-1.2200928,-17.598022,179.35254,67.58513,115.516235,531.3844
43.73125,42.05625,1704.5651,0.3335659,0.0011466411,-12.405029,1.5722656,191.47449,55.7853,106.4413,485.65222
43.73125,42.06875,1762.4806,0.29264963,-0.0024008765,20.194458,94.05823,252.16296,37.579914,109.896545,461.27466
43.73125,42.08125,1679.4814,0.23406382,-0.0006155747,15.839722,25.363403,165.6731,47.063786,104.79027,461.27466
43.73125,42.09375,1595.02,0.2922151,0.00015848655,-5.123047,-22.562866,64.37085,39.899876,83.74664,365.03223
43.73125,42.10625,1607.423,0.3771849,0.0035184699,-30.189941,-25.002686,60.685303,63.56886,89.16698,376.80396
43.73125,42.11875,1722.6533,0.30746412,-0.0022772464,20.47815,45.957397,152.84595,39.05445,101.8111,422.87463
43.73125,42.13125,1723.7944,0.45516756,-0.00039888136,-1.5296631,12.378052,129.8346,60.43385,96.03385,422.87463
43.73125,42.14375,1674.4845,0.11416043,0.0015995579,-13.953613,-96.78955,42.789185,27.699278,87.54142,365.45935
43.73125,42.15625,1907.0013,0.11329959,-0.0022366876,26.696411,125.539185,231.49072,34.146744,84.96617,343.90894
43.73125,42.16875,1651.3578,0.19949149,0.00082127773,-13.757324,-121.908936,-65.93713,22.577644,87.75107,408.0719
43.73125,42.18125,1849.7506,0.44579595,-0.00046832315,14.584351,9.265991,90.537964,52.578514,85.208565,377.8097
43.73125,42.19375,1928.4613,0.1877344,0.00262065,-28.345337,23.503296,129.15906,24.356724,67.551834,313.24414
43.73125,42.20625,1785.5696,0.4125906,0.0005506567,-13.532959,-93.37085,-44.207397,42.258137,97.240685,417.7965
43.73125,42.21875,1810.0647,0.15461914,-0.0008552873,7.08374,1.3479004,-48.102295,45.15252,85.58621,417.7965
43.73125,42.23125,1836.2518,0.4798355,0.0016220211,-5.0091553,0.37182617,-50.57007,58.010777,90.81437,436.2151
43.73125,42.24375,1910.3527,0.38309744,-0.0018716076,16.884766,-8.939209,1.3494873,48.026035,89.3812,417.15405
43.73125,42.25625,2059.7139,0.3868816,-0.0011492147,8.010498,61.08008,133.35205,56.01339,91.25925,384.0481
43.73125,42.26875,2166.7725,0.25515598,-0.0025421781,17.30249,92.98901,215.78271,34.72031,86.96838,366.5713
43.73125,42.28125,2201.824,0.19838643,-0.00213905,25.09082,84.741455,220.3899,30.569593,73.0582,358.6349
43.73125,42.29375,2204.1797,0.17160617,-0.0029351234,17.358154,93.82202,190.40137,30.099834,71.97569,307.22058
43.73125,42.30625,2182.576,0.11333691,-0.0027992013,25.151123,54.656494,140.04688,21.954498,70.08566,307.75122
43.73125,42.31875,2227.0647,0.07973663,-0.001146603,6.9472656,69.50757,162.67993,12.589679,70.81313,359.35706
43.73125,42.33125,2074.468,0.23601589,0.002072966,-23.69165,-81.75879,5.2009277,41.82105,140.96631,582.33167
43.73125,42.34375,2045.8402,0.57222444,0.00096598966,-9.504028,-93.293335,-16.514038,71.561165,181.22775,636.6211
43.73125,42.35625,1965.0355,0.3744777,0.0032860676,-22.819824,-108.95984,-73.236084,49.56309,174.61243,676.9497
43.73125,42.36875,2039.797,0.4435057,-0.004404802,50.37195,57.745483,31.683105,63.267292,140.63606,698.3656
43.73125,42.38125,1801.9895,0.19646189,0.005489701,-43.832764,-92.88745,-183.00623,51.290836,116.6694,569.54065
43.73125,42.39375,1682.2198,0.5435176,0.0014091792,-23.967285,-124.364136,-295.3474,48.538643,107.61157,478.27002
43.73125,42.40625,1804.1952,0.5902386,0.0012112188,-5.881958,11.246704,-187.26404,55.158863,104.98333,469.36694
43.73125,42.41875,1859.7491,0.2741841,-0.0007872686,0.8569336,-50.88318,-153.02515,47.36032,144.13535,713.2074
43.73125,42.43125,2238.6846,0.2407774,-0.0032576646,35.381104,135.93555,203.39734,53.814495,185.14049,730.4103
43.73125,42.44375,2282.15,0.16475621,0.00074295833,-9.003418,33.368652,216.99219,30.870699,164.77257,692.35815
43.73125,42.45625,2358.5984,0.052852888,0.00017849643,1.239502,40.645264,255.94263,20.518284,119.664116,611.96313
43.73125,42.46875,2353.047,0.10514828,0.00019221893,-1.6936035,1.7800293,215.98218,13.7659,50.857643,243.1499
43.73125,42.48125,2350.9954,0.12490851,-1.0575914e-05,-0.057128906,12.699219,199.68237,14.124447,44.57578,220.45801
43.73125,42.49375,2325.4543,0.16993721,0.0007129909,-8.3186035,25.016846,187.70483,24.46426,75.53145,456.0636
43.73125,42.50625,2365.1348,0.37025055,-0.00036754258,11.060059,121.684326,260.92798,38.334057,93.364876,456.0636
43.73125,42.51875,2270.3975,0.18549524,-0.00091053837,15.596191,71.708496,210.11426,19.962465,87.57854,452.93604
43.73125,42.53125,2310.2727,0.18117179,-0.0020400218,29.060791,158.71631,285.19043,29.765753,103.67015,522.1653
43.73125,42.54375,2188.6216,0.2092555,0.0005293745,-8.740967,70.40503,191.7749,19.962465,99.987495,483.03076
43.73125,42.55625,2098.5405,0.49446383,-0.0074051316,50.941895,36.69043,128.77576,83.60472,126.29727,546.87695
43.73125,42.56875,2060.7769,0.4011085,0.0012626118,-11.8376465,34.38452,120.072266,47.423622,121.234276,536.7212
43.73125,42.58125,2181.5315,0.08011652,-0.002831772,32.772217,161.63977,270.193,23.759209,110.527145,555.5952
43.73125,42.59375,2006.5024,0.19775228,0.0005736963,-7.4572754,63.29883,131.46411,29.546574,134.3233,622.15955
43.73125,42.60625,1923.9568,0.6382491,-0.0055189524,35.794678,23.202759,76.7594,77.043816,124.352325,521.5626
43.73125,42.61875,1956.9952,0.2886691,0.0008659927,-20.78125,38.306763,121.56262,45.51648,130.67804,590.0676
43.73125,42.63125,2053.1023,0.4213528,-0.0014864404,24.333984,166.21326,232.81653,45.809387,145.31346,609.5333
43.73125,42.64375,1793.061,0.47009945,-0.0007462442,-10.448608,-86.43701,-10.053955,53.10838,127.11019,557.2577
43.73125,42.65625,1935.8701,0.22061834,-0.00027065197,-3.1020508,-27.92212,142.35889,35.993053,107.34291,512.50854
43.73125,42.66875,2016.3275,0.40877196,-0.00315049,33.809326,50.9375,229.38013,51.271336,101.012375,472.50488
43.73125,42.68125,1878.0985,0.14986806,-0.0027515108,19.904907,-47.212036,105.09082,31.678068,93.43179,450.38232
43.73125,42.69375,2036.6038,0.42850477,-0.00032934558,1.4864502,82.63391,273.1173,45.46977,77.17674,442.7738
43.73125,42.70625,1797.0001,0.18014984,0.002782318,-35.55493,-127.19641,51.061768,34.525352,97.05153,445.5692
43.73125,42.71875,1789.3236,0.45097414,-0.00038036238,-0.53186035,-25.893188,71.64819,71.91141,118.454636,524.3707
43.73125,42.73125,1802.4529,0.37638637,-0.0005602946,17.473877,95.19165,111.27722,39.85599,135.32738,579.2539
43.73125,42.74375,1606.0466,0.35488936,0.0014267573,-4.548462,-68.07593,-54.783447,44.539307,122.55305,519.02856
43.73125,42.75625,1773.7312,0.42002496,0.0015318915,-6.925171,81.381714,144.5028,43.794975,97.30365,455.6449
43.73125,42.76875,1655.3536,0.2489216,-0.0017905472,19.412354,-0.27197266,56.119995,45.74112,108.11915,481.55286
43.73125,42.78125,1404.5249,0.377474,0.0050032036,-38.83899,-133.62646,-166.80408,34.635605,127.99512,613.9546
43.73125,42.79375,1508.7859,0.19948165,-0.0022878156,14.505859,9.71582,-33.64624,42.240383,128.64195,573.10266
43.73125,42.80625,1534.3593,0.4383394,0.00428238,-22.902222,-7.133301,22.564941,65.51908,158.09966,594.51135
43.73125,42.81875,1530.0347,0.58799565,0.002763609,-23.501587,29.859253,40.262085,88.519775,165.64722,640.1411
43.73125,42.83125,1543.3004,0.46769643,-0.0042784256,31.99524,153.85999,79.60144,70.04285,146.613,712.66125
43.73125,42.84375,1362.6917,0.2435111,-0.0061267037,50.51062,92.88318,-71.67029,36.728737,121.072296,594.86725
43.73125,42.85625,1260.3282,0.3503862,0.004188482,-17.164673,6.4178467,-138.07446,48.264893,142.88281,552.332
43.73125,42.86875,1347.0765,0.18098962,-0.004701313,32.10022,46.580566,-15.878296,53.43571,165.92543,568.08307
43.73125,42.88125,1445.5956,0.45120972,-0.0056615174,41.27527,179.63464,114.005005,57.95041,152.2461,540.4784
43.73125,42.89375,1132.8323,0.3043907,0.0023460768,-29.542603,-57.32837,-173.80981,41.882275,135.13928,515.3704
43.73125,42.90625,1146.7004,0.17849657,-0.0005508591,4.2059326,16.15979,-135.69958,35.67212,115.40418,438.3578
43.73125,42.91875,1074.696,0.13560267,-0.00010192,-9.633423,-11.594727,-166.7456,40.20261,105.7497,440.85834
43.73125,42.93125,1004.0994,0.23366313,-0.0021639916,9.812683,-53.04413,-198.37079,36.503426,105.02142,397.78296
43.73125,42.94375,937.9349,0.107134275,-0.00043214465,1.3915405,-127.05133,-231.14215,22.100622,114.112335,405.6764
43.73125,42.95625,913.8458,0.07028562,-0.00014828061,-5.2821655,-118.68359,-300.47327,13.509256,95.30805,364.1493
43.73125,42.96875,908.18463,0.07768773,-0.00070225727,-1.8398438,-89.32855,-402.0761,21.957346,70.67133,286.98206
43.73125,42.98125,875.2821,0.07469202,0.00082025,-15.740234,-93.92828,-536.0658,14.278481,69.78628,304.03894
43.73125,42.99375,870.05963,0.21422896,0.0007842749,-9.1414795,-387.26056,-644.6757,25.98918,505.16135,1194.1299
43.71875,42.00625,1657.2386,0.5676501,0.0008408284,4.3780518,-6.6933594,111.43945,64.73986,112.41886,452.01746
43.71875,42.01875,1726.7218,0.48784637,-0.0008343644,6.201538,-8.233154,183.75708,77.6402,85.37857,391.34875
43.71875,42.03125,1749.2921,0.30158016,-0.0009986918,5.806885,27.634521,212.35974,33.95217,102.126144,470.56104
43.71875,42.04375,1687.8774,0.38355383,-0.0002685257,5.7111816,-28.457642,164.03796,47.46578,111.63557,500.72266
43.71875,42.05625,1764.4482,0.3688639,-0.00028997424,11.760986,53.935913,251.39429,42.48529,98.53045,489.41772
43.71875,42.06875,1779.321,0.10403974,-0.0022474588,12.578003,87.73425,274.91138,29.778347,96.0885,457.58557
43.71875,42.08125,1678.5941,0.5412235,0.0055817137,-35.480713,42.27112,171.72876,71.20218,120.95867,479.25818
43.71875,42.09375,1486.3525,0.1074729,0.00022138724,-3.581421,-54.026733,-37.45349,19.442223,94.62822,415.07153
43.71875,42.10625,1505.0035,0.12528735,-0.00021321802,2.0864258,-35.175903,-34.11621,16.039015,89.71343,385.53442
43.71875,42.11875,1615.7188,0.16889015,-0.0024417972,19.64087,41.82129,56.71106,18.854708,85.69714,450.52795
43.71875,42.13125,1591.5038,0.35341966,0.0030792153,-34.627808,-35.666016,8.505981,41.27348,100.28834,464.06934
43.71875,42.14375,1702.9442,0.5684729,-0.000679937,-1.0003662,8.618164,82.578,77.23665,115.41014,466.12915
43.71875,42.15625,1812.1238,0.553163,0.00087052473,5.1984863,117.858154,149.33264,51.449005,112.035706,466.12915
43.71875,42.16875,1740.4749,0.31963572,-0.00054711336,13.528198,14.092041,38.38025,46.308746,97.582016,438.39417
43.71875,42.18125,1740.0078,0.27309534,0.00057493686,-20.936401,-89.28931,0.8946533,34.194298,91.65151,410.4309
43.71875,42.19375,1874.4559,0.30046806,0.0042730058,-29.820312,-5.3149414,100.776855,40.168396,72.45343,384.39368
43.71875,42.20625,1824.7251,0.47288147,-0.000730552,8.343262,21.440918,25.485962,48.572113,107.4558,463.83154
43.71875,42.21875,1659.6201,0.29108337,-0.00085305976,-12.984741,-96.12073,-170.13586,35.846897,75.733086,383.1156
43.71875,42.23125,1784.6808,0.4465323,0.00083862693,-7.461914,-38.322876,-80.773315,55.95087,80.75426,354.9038
43.71875,42.24375,1957.1227,0.10658552,-0.004260045,34.970215,85.42078,62.386353,30.911163,72.69972,372.70923
43.71875,42.25625,1891.0364,0.15125762,-0.0007269253,0.36853027,-11.776123,-29.403687,25.084856,95.43322,471.06616
43.71875,42.26875,2067.3635,0.31564927,-0.0022802963,27.508179,113.282104,112.440674,43.061005,115.33538,505.39673
43.71875,42.28125,1954.059,0.42168784,-0.0006880291,-3.33667,-47.977783,-38.045532,45.21615,109.340065,447.03992
43.71875,42.29375,1984.0468,0.27094957,-0.00012395758,4.536499,-57.850952,-45.474976,34.07345,86.11185,380.28833
43.71875,42.30625,2120.7834,0.24963778,-0.004681373,24.063965,6.4885254,58.45923,39.153545,82.11881,357.7533
43.71875,42.31875,2117.2747,0.17364986,-0.0013341592,24.160889,-13.994873,33.587646,28.240042,64.42825,289.62268
43.71875,42.33125,2007.5787,0.33626276,0.0003646276,-1.9543457,-72.31262,-78.00183,35.00714,73.96283,343.2953
43.71875,42.34375,2095.0112,0.47006217,-0.0004304181,3.2346191,41.265625,17.617676,56.45352,86.916626,387.03052
43.71875,42.35625,2116.039,0.17414509,-0.0052414974,39.962402,100.20825,62.317383,40.496914,103.23759,445.13574
43.71875,42.36875,2045.2013,0.21265805,-0.0046836305,39.664307,103.53528,18.855835,42.008926,100.88608,468.55432
43.71875,42.38125,1950.0284,0.2117188,0.0011484105,7.662964,90.79468,-59.008423,33.455193,94.15015,403.32336
43.71875,42.39375,1713.3887,0.4100917,0.0044699195,-28.032104,-111.23596,-292.18958,35.937447,90.768936,403.74194
43.71875,42.40625,1947.6483,0.46617514,0.0036264122,-19.681763,51.927612,-73.00708,77.9086,119.3168,573.1797
43.71875,42.41875,2014.2678,0.36734334,2.3562445e-05,0.54833984,-41.430664,-27.162598,29.347061,147.63638,737.9918
43.71875,42.43125,2280.3699,0.31682152,8.164065e-06,-1.0568848,4.562256,217.97339,43.840622,183.61237,740.287
43.71875,42.44375,2473.3591,0.11766484,-0.00062351185,6.9907227,57.628418,384.87646,27.064737,89.17118,381.44873
43.71875,42.45625,2481.7573,0.09330704,-0.00019581108,3.7963867,98.025635,359.95557,14.387495,102.94659,523.8137
43.71875,42.46875,2431.1335,0.051999412,-0.0010823134,22.273193,120.71777,283.792,30.943497,123.74167,500.37268
43.71875,42.48125,2363.3518,0.5419503,-0.0026349074,33.799805,105.50781,209.33325,67.022385,128.44649,481.59827
43.71875,42.49375,2361.3052,0.31022844,-0.0036012048,38.966553,160.95288,225.31079,45.094345,149.7932,560.33203
43.71875,42.50625,1954.0011,0.22664349,0.004229021,-37.22583,-153.86609,-144.01794,48.34511,181.95879,657.7007
43.71875,42.51875,1956.856,0.43657354,0.0016640219,-17.0625,-82.5376,-95.9978,56.104813,191.60115,690.9061
43.71875,42.53125,2059.1865,0.3757532,-0.0018337114,20.297241,77.95581,41.753418,64.778465,195.31833,690.48083
43.71875,42.54375,1925.7861,0.400581,-0.0006693918,9.498169,-1.4217529,-65.37036,64.401085,191.31976,685.0161
43.71875,42.55625,1884.618,0.33841044,-0.003213588,20.777466,27.372437,-82.17029,64.16386,176.52692,626.79834
43.71875,42.56875,1816.3323,0.53896254,0.00044688213,-2.6290283,-12.178467,-121.076416,62.34581,179.20798,644.5957
43.71875,42.58125,1791.676,0.4784123,-0.0019454942,22.21228,-40.37732,-115.37341,55.682133,202.81273,679.9668
43.71875,42.59375,1765.8848,0.52558196,0.000105609535,9.677368,-0.8128662,-108.11865,89.358826,172.69409,676.2925
43.71875,42.60625,1568.8783,0.17205833,0.0025670081,-23.433716,-157.43335,-282.55237,39.774364,153.775,575.0465
43.71875,42.61875,1593.9512,0.37382108,-0.0003621317,0.66064453,-133.56189,-247.68005,64.05662,173.01662,671.3927
43.71875,42.63125,1680.8428,0.48257577,0.0010715468,-22.684937,-11.514526,-145.53198,100.826584,179.5355,707.208
43.71875,42.64375,1640.7064,0.3153076,0.0010700898,-4.3204346,-53.939575,-164.26575,49.40648,167.1945,647.2001
43.71875,42.65625,1885.9457,0.69660074,0.0037158702,-19.073853,79.990845,97.6687,82.53484,177.80257,703.6488
43.71875,42.66875,1982.1741,0.29937398,-0.0019058965,21.042358,161.85864,200.24231,49.9925,156.4289,613.16724
43.71875,42.68125,1645.4816,0.23056003,0.0041689025,-40.44812,-135.68188,-123.5907,49.9875,118.56011,532.60266
43.71875,42.69375,1814.5319,0.6952257,0.0030488784,-25.935669,-39.107056,59.040894,69.06338,120.18527,539.4855
43.71875,42.70625,2008.3651,0.31136647,-0.0039343275,35.352295,122.51648,273.89893,28.0,99.87868,458.46448
43.71875,42.71875,1793.509,0.5765556,-0.00097584445,5.2093506,-6.4467773,87.05701,71.1653,124.39152,566.5532
43.71875,42.73125,1608.3999,0.44570637,-0.0034649794,20.027588,-44.9718,-76.31067,58.794132,135.81145,591.67126
43.71875,42.74375,1427.6998,0.5870126,-0.00039041025,-3.5655518,-117.90735,-234.2406,50.33016,136.8996,604.6909
43.71875,42.75625,1620.5516,0.630766,0.0001208108,14.25354,22.681885,-16.76538,82.51666,167.47836,636.75757
43.71875,42.76875,1804.2485,0.47854593,0.0013207252,-2.6480713,181.45862,194.43103,45.907516,156.75618,735.8157
43.71875,42.78125,1608.3418,0.51535565,-0.00047572533,18.275879,143.25427,24.947144,81.24808,173.61523,736.2639
43.71875,42.79375,1287.0034,0.57163626,-0.0018689645,5.766968,-56.2135,-272.80933,57.277832,126.608154,554.93005
43.71875,42.80625,1317.3955,0.49279833,-0.0019728378,16.073364,-6.6875,-215.6211,48.505154,125.744286,527.1056
43.71875,42.81875,1236.8397,0.49077824,0.0020647377,-16.80542,-75.62048,-276.3966,70.44856,128.58752,552.5576
43.71875,42.83125,1156.5925,0.5711219,-0.0017336026,13.143433,-120.910034,-329.50464,63.169415,129.51207,548.302
43.71875,42.84375,1051.3269,0.30891165,0.00087387214,-17.529053,-171.1018,-402.9452,32.38827,115.74595,533.21
43.71875,42.85625,1217.795,0.52660173,0.0002929033,11.641113,13.41394,-203.06482,74.052345,106.61555,487.14642
43.71875,42.86875,1036.7078,0.28666657,0.001593537,-17.458862,-169.43018,-350.53394,46.635555,119.80662,504.85083
43.71875,42.88125,996.7034,0.25309637,0.0020584187,-34.768127,-187.15057,-361.081,41.552677,113.23979,489.5431
43.71875,42.89375,1060.0106,0.53952426,-0.001389373,-0.80078125,-80.770874,-271.4712,71.44928,108.776146,508.41095
43.71875,42.90625,1053.1558,0.4281483,0.0035972036,-20.761108,-64.28223,-252.56274,56.849583,113.81893,544.92725
43.71875,42.91875,1070.1692,0.3398172,0.00042429232,-9.451782,-46.844482,-195.94238,48.395508,133.87074,563.2574
43.71875,42.93125,1115.8588,0.4994522,-0.0013289448,21.123169,24.089966,-115.253784,53.30455,134.16081,553.39795
43.71875,42.94375,1221.6255,0.44344082,-0.00086844957,14.014038,116.79358,19.389648,53.40295,134.77435,481.8545
43.71875,42.95625,1131.1981,0.3562573,-0.0027476405,24.525879,22.5896,-113.49634,40.703194,123.63151,475.88727
43.71875,42.96875,1133.2213,0.34578735,-0.0004340312,-0.4605713,66.80444,-204.2273,23.43075,93.474594,403.8871
43.71875,42.98125,998.743,0.195942,0.0024457204,-11.88208,-32.895203,-437.24872,31.681028,82.06324,336.24384
43.71875,42.99375,999.5309,0.04326136,-0.001560464,10.7786255,-305.6012,-537.67395,24.436142,477.1809,1180.2114
43.70625,42.00625,1719.9508,0.6304689,0.00040556057,10.7821045,70.18225,187.19946,84.774704,108.27973,456.6244
43.70625,42.01875,1840.1855,0.12693468,-0.0009105172,14.173462,144.9563,306.8883,22.405357,89.661865,430.40088
43.70625,42.03125,1557.2465,0.39106512,0.0015834478,-18.255005,-57.163452,27.356201,47.44734,134.5799,549.2787
43.70625,42.04375,1495.6437,0.22546922,0.0005860504,-9.199097,-70.499146,-25.430176,43.48563,121.24459,507.44446
43.70625,42.05625,1448.3745,0.2926981,0.0033003855,-30.435669,-152.77405,-63.02771,50.39841,103.16734,463.6184
43.70625,42.06875,1634.214,0.44449732,-0.003316837,20.662354,52.263794,129.16016,53.317444,102.88586,458.94897
43.70625,42.08125,1529.2079,0.2962059,-0.002577773,15.732666,10.677734,18.663086,34.172356,103.15886,488.77124
43.70625,42.09375,1405.0769,0.11931752,0.0015873299,-10.285156,-46.048706,-123.55542,14.478433,57.820843,353.3601
43.70625,42.10625,1470.1871,0.047778532,-0.0013993286,13.362183,1.7752686,-73.93884,10.246951,56.073612,260.60095
43.70625,42.11875,1546.4097,0.48924026,0.0033941865,-25.406494,46.043457,-12.720703,31.827662,60.90772,303.89722
43.70625,42.13125,1570.868,0.2677304,-0.0058351094,45.1416,33.135986,-9.890137,41.638325,98.839516,503.53455
43.70625,42.14375,1465.4841,0.28385508,0.0015125392,-30.128906,-139.0957,-149.50635,40.5216,109.49201,485.662
43.70625,42.15625,1618.7322,0.3534359,-0.0003703345,7.7873535,-62.171387,-40.806763,59.445354,117.059814,487.37842
43.70625,42.16875,1816.8785,0.48409614,0.0021869207,-12.861206,74.882935,119.07214,70.46275,104.20892,440.03455
43.70625,42.18125,1840.9513,0.44139993,0.0016724791,-17.832031,70.69409,110.02991,60.809128,114.40498,473.8175
43.70625,42.19375,1691.2352,0.3763922,0.0031753238,-23.56897,-73.49341,-72.35547,41.18859,128.98933,473.8175
43.70625,42.20625,1654.4502,0.26287758,0.0038385927,-22.637695,-70.96155,-135.65552,47.405167,109.42235,436.74854
43.70625,42.21875,1754.6798,0.23550469,-0.0035537616,38.131348,-5.217041,-68.27661,50.358715,98.34124,409.62268
43.70625,42.23125,1858.4535,0.34590286,0.0008637303,-9.765625,35.000854,-1.3707275,38.52272,88.66651,382.2622
43.70625,42.24375,1709.5793,0.31876373,0.0038907763,-35.806885,-107.51123,-182.07666,39.293766,89.14595,382.2622
43.70625,42.25625,1727.2705,0.35658076,-0.00027374914,-18.079956,-113.88403,-190.55945,41.215897,98.48477,445.3578
43.70625,42.26875,1870.186,0.48904,-0.00049837615,16.717285,-37.1687,-84.32654,36.69128,87.85072,453.4453
43.70625,42.28125,1982.0054,0.31301206,0.0006980641,-8.907715,31.708984,-11.129639,60.95285,88.449135,429.28088
43.70625,42.29375,2126.0022,0.49017254,-0.00082514645,9.927734,127.57092,94.867676,64.08978,86.887856,384.3026
43.70625,42.30625,2027.1375,0.26571345,0.0015584265,-13.256226,-34.00952,-37.01123,42.63508,89.88882,394.25293
43.70625,42.31875,2217.325,0.18087968,-0.0029961376,30.377686,113.26587,130.09131,26.692696,70.65055,351.55713
43.70625,42.33125,2137.9358,0.31340224,-0.0022797163,7.92041,29.62378,45.714844,28.801043,56.311634,250.55957
43.70625,42.34375,2146.4116,0.38150147,-0.00260395,21.407227,59.56836,60.541016,35.79106,71.19691,326.98523
43.70625,42.35625,2081.685,0.5116119,-0.00048426393,13.891357,34.025635,15.52002,57.249454,87.39851,436.2096
43.70625,42.36875,2047.845,0.43317163,-0.0014487818,30.736572,62.44214,2.654419,64.654854,94.30536,512.38293
43.70625,42.38125,1780.4302,0.27023134,0.0029710368,-35.511475,-145.18726,-254.15698,46.49731,91.695145,500.84802
43.70625,42.39375,1849.3685,0.6910826,0.00052218005,-9.357178,-34.715576,-188.52771,79.594284,91.82592,377.52576
43.70625,42.40625,1940.7028,0.50969124,0.0010534732,-4.27771,13.422119,-115.82117,60.954903,103.54468,512.4778
43.70625,42.41875,2100.5725,0.22680971,-0.0012823946,14.711426,24.89917,22.781006,37.523327,129.46622,685.1437
43.70625,42.43125,2329.6353,0.408884,-0.0018967747,11.735596,56.627686,232.76562,62.241467,175.02,661.48035
43.70625,42.44375,2578.5615,0.045680847,-0.0009264368,19.309326,168.71948,458.71875,23.462736,110.4106,488.3684
43.70625,42.45625,2283.5615,0.24902363,-0.0031753138,17.69629,-76.00928,135.96582,33.726845,124.046364,523.8137
43.70625,42.46875,2063.4954,0.2069429,-0.00027215158,-10.311279,-147.04834,-100.89014,26.400757,138.07788,549.07434
43.70625,42.48125,2013.3286,0.4054227,-0.002109609,12.113892,-91.227295,-151.66406,48.135227,118.39764,569.8008
43.70625,42.49375,1957.9633,0.24697627,-2.9760056e-05,0.51379395,-67.03967,-184.63733,46.743984,132.02652,575.88684
43.70625,42.50625,1864.4011,0.4220372,-0.0015875722,13.432739,-62.76599,-239.24976,44.547726,117.56487,625.255
43.70625,42.51875,1752.364,0.12189183,0.00053470256,-6.328247,-115.10193,-306.8025,21.189621,82.733,401.07922
43.70625,42.53125,1801.6105,0.35000664,-0.0042852326,35.89563,-35.73059,-222.1709,50.049976,88.28222,439.8075
43.70625,42.54375,1726.139,0.5748097,0.00060926325,-5.3236084,-70.801636,-269.13184,67.39807,85.350746,433.92993
43.70625,42.55625,1799.9047,0.439148,0.0030945071,-2.4013672,32.825317,-169.47705,57.249454,89.7204,393.7937
43.70625,42.56875,1732.926,0.49818456,-0.0040408885,33.111572,-14.04248,-206.36267,53.413483,99.58037,427.29248
43.70625,42.58125,1681.8291,0.22337316,0.005221084,-35.72461,-55.810425,-229.57922,43.777847,114.446495,531.00977
43.70625,42.59375,1677.7032,0.30369145,0.0038254715,-39.24646,-82.198364,-204.4325,37.884693,146.69527,554.99
43.70625,42.60625,1810.0253,0.26127508,-0.0057021603,37.959106,59.55725,-48.632446,52.63554,159.26001,583.7826
43.70625,42.61875,1758.3976,0.43925968,0.0039858567,-22.204712,41.976196,-87.01721,63.427124,143.73935,523.77563
43.70625,42.63125,1709.8231,0.69675547,-0.00081789674,30.182007,56.384888,-113.761475,83.35916,132.74883,494.5177
43.70625,42.64375,1414.5166,0.16387175,0.0040704883,-56.263916,-174.84875,-384.17078,49.061188,110.52375,535.0554
43.70625,42.65625,1544.9661,0.3847213,-0.0008033845,14.481567,-60.34082,-235.72168,66.652084,166.11366,686.57153
43.70625,42.66875,1575.2028,0.4377124,0.004180673,-25.90503,-29.413574,-198.65906,50.677906,173.6174,716.93823
43.70625,42.68125,1624.522,0.63647306,0.0015969333,-13.688843,16.893555,-132.27026,73.04793,137.70168,666.671
43.70625,42.69375,1715.9233,0.60786426,-0.0012398454,7.852661,5.7612305,-19.162476,69.15923,162.30989,735.04456
43.70625,42.70625,2050.5476,0.045752812,-0.0038427028,35.00525,226.03125,336.22107,26.091187,143.03583,660.1262
43.70625,42.71875,1713.4218,0.5237978,0.000735749,-14.434326,-52.60498,20.378052,61.781876,177.30835,777.9038
43.70625,42.73125,1698.724,0.31456617,-0.007563584,45.063477,130.84326,15.8359375,73.75805,185.5229,782.2521
43.70625,42.74375,1450.8894,0.18586944,0.0032081641,-19.106201,50.533813,-219.08154,40.506172,146.77449,658.8021
43.70625,42.75625,1289.4178,0.5072793,0.001832216,-10.365845,-99.23718,-362.3131,60.947723,172.9205,729.4254
43.70625,42.76875,1355.6968,0.69290334,-0.0019164497,6.845215,-70.42566,-275.69275,68.87307,187.9661,731.52
43.70625,42.78125,1142.3884,0.060209274,0.005256093,-68.567505,-265.71423,-466.1006,47.561802,164.84653,688.7356
43.70625,42.79375,1268.1019,0.5780474,0.0045393263,-22.178589,-127.241455,-323.1858,84.782074,183.82396,708.1886
43.70625,42.80625,1350.1909,0.49244794,0.0036810127,-22.307373,-55.338623,-217.2594,83.48802,207.01752,723.01746
43.70625,42.81875,1365.1505,0.51727194,0.002519166,-21.213867,-59.370605,-180.49219,56.912212,212.3779,716.14355
43.70625,42.83125,1535.6326,0.31709427,-0.00070024974,10.713013,175.15356,20.695679,50.47772,192.81177,717.9507
43.70625,42.84375,1226.6307,0.5126509,-0.00063473015,1.1845703,-76.326416,-255.4596,56.07807,138.44449,569.4591
43.70625,42.85625,1322.639,0.6186255,0.0027941135,-20.952148,-21.620483,-127.51758,55.614746,143.72847,591.6493
43.70625,42.86875,1347.4517,0.5315993,0.00102928,-12.986938,-9.174561,-66.51721,51.306675,158.38284,647.32764
43.70625,42.88125,1336.2775,0.4866241,0.00043265632,-1.2626953,46.79431,-49.16638,63.765194,147.02763,604.133
43.70625,42.89375,1271.0922,0.59541607,-0.0037418143,28.009277,41.19104,-86.73987,68.70772,118.00371,503.12628
43.70625,42.90625,1307.0895,0.04670055,-0.006290965,45.229614,54.295044,-21.56958,38.61347,123.13864,522.7486
43.70625,42.91875,1406.6818,0.67732507,-0.002568201,18.919067,137.29785,115.63806,69.51259,111.97042,481.20374
43.70625,42.93125,1118.1569,0.24535345,0.0036093576,-31.582153,-132.4237,-143.20227,37.976967,111.87884,466.55365
43.70625,42.94375,1369.5801,0.15650854,0.00038089382,2.7159424,110.38147,132.20728,22.121822,105.29779,450.63617
43.70625,42.95625,1230.7172,0.5747612,-0.0016131538,14.838013,12.135376,-47.102905,48.456165,86.52095,404.07202
43.70625,42.96875,1175.8009,0.25244755,-0.0012882353,9.401611,41.09668,-192.56543,34.56154,79.20069,340.5445
43.70625,42.98125,1060.215,0.34611693,0.0010241999,-14.060181,-46.251465,-402.7223,45.307285,70.409515,330.40692
43.70625,42.99375,1106.943,0.1993809,0.0008959071,-7.8391113,-272.4751,-454.96326,29.212584,429.71255,1104.5425
43.69375,42.00625,1668.9788,0.07547741,-0.0003487823,-8.964478,37.765747,154.67163,37.033768,117.398895,571.6835
43.69375,42.01875,1568.4927,0.3492927,0.001716985,-13.447266,-22.180298,55.03528,47.644516,156.21219,649.41895
43.69375,42.03125,1513.267,0.27934888,-0.00064981513,9.074463,38.15857,4.97937,50.670506,154.3219,649.0591
43.69375,42.04375,1493.9333,0.33904514,-0.0045771208,44.30298,54.583496,-5.796631,61.373856,109.64317,487.21362
43.69375,42.05625,1379.1357,0.33395457,0.0030448951,-37.766724,-154.15625,-111.992676,45.94426,107.13193,435.52795
43.69375,42.06875,1526.1915,0.36256948,0.004259619,-37.7323,-9.482788,38.137573,52.60228,86.521675,352.06592
43.69375,42.08125,1394.8469,0.36634275,0.00077729765,0.15246582,-48.92444,-99.77344,36.825603,77.673195,366.84692
43.69375,42.09375,1363.9989,0.2599122,0.005770306,-39.924927,-46.612305,-146.50171,36.96113,46.249325,265.4419
43.69375,42.10625,1389.297,0.108921684,0.0025458217,-20.915161,-56.36084,-137.60303,20.907534,54.192944,323.65234
43.69375,42.11875,1436.3301,0.44088674,0.003924896,-26.063477,-19.94336,-107.44055,48.355453,66.98134,323.65234
43.69375,42.13125,1431.7855,0.47291657,0.00036136416,-29.86206,-68.471924,-136.60706,52.02163,90.741394,443.88037
43.69375,42.14375,1496.3342,0.10423947,0.004054304,-54.334717,-115.820435,-108.10303,43.908997,112.00446,465.53284
43.69375,42.15625,1677.687,0.4241887,0.003093097,-37.22473,-55.112915,28.316162,55.67989,108.502304,487.37842
43.69375,42.16875,1825.9148,0.43883044,-0.0003147929,7.446533,83.00769,143.11841,56.142673,109.62436,494.89417
43.69375,42.18125,1563.374,0.47022772,0.0021135316,-18.73413,-104.83618,-152.88135,47.668125,122.4357,519.8937
43.69375,42.19375,1617.0138,0.5695772,-0.00044862184,1.9388428,-48.07727,-129.78967,63.676918,117.56168,507.5924
43.69375,42.20625,1835.0026,0.4381594,-0.0027188894,25.941895,115.6095,63.972168,63.55116,107.04672,432.1725
43.69375,42.21875,1916.1448,0.49097922,-0.0036385644,29.784546,166.3783,114.52832,50.92151,106.09783,404.62708
43.69375,42.23125,1781.5682,0.51089704,-0.001669349,19.297485,36.12964,-54.23523,57.94178,96.611336,404.62708
43.69375,42.24375,1696.5947,0.39221513,-1.2886546e-05,-2.204956,-65.17236,-169.92749,55.0931,92.17239,392.3506
43.69375,42.25625,1918.7563,0.32918924,0.0008998862,-0.19873047,98.76611,25.431396,43.89761,95.15776,406.86975
43.69375,42.26875,1879.702,0.5465757,-0.0022257364,11.519287,-7.8154297,-53.752197,67.771675,97.519226,473.7334
43.69375,42.28125,1803.8868,0.30118018,0.0029551182,-32.71753,-143.22693,-169.23828,45.083256,98.95959,464.10876
43.69375,42.29375,1876.4987,0.40648124,0.0017685493,-27.694824,-116.78296,-138.28906,57.13799,90.81575,406.65747
43.69375,42.30625,1994.3064,0.39261964,-0.0015369706,17.356567,-53.436035,-55.236816,51.2884,91.3236,403.36487
43.69375,42.31875,2044.9166,0.30114746,-0.0022208397,23.09021,-71.34631,-30.564331,33.143627,81.89628,353.69873
43.69375,42.33125,2225.5513,0.34717113,-0.0030539895,28.561768,78.668945,138.50171,43.237717,66.72331,273.93823
43.69375,42.34375,2076.8364,0.29545996,-0.0040286365,27.817871,-13.061523,-9.366699,35.35534,86.95401,349.84534
43.69375,42.35625,1920.9718,0.14800048,0.0041523217,-23.912354,-125.57349,-152.13684,28.905016,88.61997,480.07678
43.69375,42.36875,2195.849,0.57741004,0.0015104058,0.859375,154.17554,135.19824,77.39832,115.05216,544.98975
43.69375,42.38125,1938.1887,0.055948757,0.0053480603,-40.671387,-84.40869,-118.66748,27.495455,101.56402,505.56494
43.69375,42.39375,1987.9913,0.34448513,-0.00028713627,9.4678955,42.580566,-79.46033,44.02272,102.12492,426.27185
43.69375,42.40625,1888.3827,0.35214248,0.0008938902,-5.2559814,-36.718628,-204.245,52.002403,84.90436,365.9635
43.69375,42.41875,1920.2504,0.13031508,0.0018382455,-26.831787,-102.28784,-194.95862,30.066593,88.6369,513.5311
43.69375,42.43125,2093.3623,0.4136993,0.0001105023,-7.053467,-69.21826,-38.894775,58.855755,132.39713,661.48035
43.69375,42.44375,2302.6375,0.40831524,0.00035079298,-6.6433105,-37.864014,151.08447,43.27817,136.17085,590.2706
43.69375,42.45625,2444.0535,0.2427874,0.0023055847,-20.690918,70.343506,271.52515,46.151924,114.76498,563.74854
43.69375,42.46875,2264.584,0.44661728,0.0010103122,-4.5063477,50.905518,84.653564,61.66036,143.25851,659.1437
43.69375,42.48125,2155.1287,0.112310074,-0.0040544067,34.6416,96.03955,-18.802734,29.529646,87.54713,444.2522
43.69375,42.49375,2086.5872,0.40519983,-0.0034169168,39.93799,125.88623,-58.69287,43.488503,82.858315,367.6637
43.69375,42.50625,1869.879,0.1897199,0.0046967575,-24.66272,-40.18286,-234.48035,36.180103,79.89994,362.3866
43.69375,42.51875,1975.958,0.06994093,-0.00021280613,16.196533,82.39697,-86.6543,27.654114,85.46637,376.8241
43.69375,42.53125,1884.6722,0.46864668,-0.0013980296,10.092407,-2.2005615,-144.57422,64.198906,81.36338,362.1267
43.69375,42.54375,1797.6635,0.31229407,0.00489334,-34.711548,-81.35962,-203.67065,39.981247,88.19722,403.3589
43.69375,42.55625,1963.9424,0.30735314,-0.0035917866,32.634033,93.010864,-14.230469,40.159058,90.65181,409.6986
43.69375,42.56875,1785.4916,0.5233591,-0.0024501407,13.72168,-73.91565,-168.26978,47.20964,94.968414,446.08582
43.69375,42.58125,1960.87,0.39700696,-0.0015106451,13.834839,86.14111,29.647339,42.21374,114.72685,455.6593
43.69375,42.59375,2060.229,0.23106878,-0.001180805,13.272217,138.11047,155.81714,26.823498,101.4421,441.80603
43.69375,42.60625,1906.8237,0.22350542,0.0034822726,-22.750366,22.882202,29.66858,36.646965,91.442604,421.09583
43.69375,42.61875,1825.7308,0.47660536,-0.0016429517,16.908447,27.026123,-28.710815,57.747295,96.47409,485.0962
43.69375,42.63125,1783.7048,0.38729182,-0.0030249143,41.093384,88.68213,-39.746216,55.834576,112.54777,494.5177
43.69375,42.64375,1588.3677,0.6548793,0.0013896846,0.026733398,-16.877197,-205.35889,63.36403,107.610405,487.97888
43.69375,42.65625,1469.9479,0.5827199,0.00260113,-28.90625,-125.67395,-302.62305,59.18826,143.25589,545.9374
43.69375,42.66875,1589.9644,0.49172565,0.0027295526,-23.657593,2.109253,-169.33618,77.79299,151.87823,576.3041
43.69375,42.68125,1317.3278,0.064211726,0.0038860533,-42.5177,-234.14807,-418.7301,33.931915,137.75793,561.2406
43.69375,42.69375,1395.8242,0.4586657,0.0067657703,-45.077637,-160.24207,-316.20618,51.942276,169.38344,786.69775
43.69375,42.70625,1645.7251,0.3537695,-0.006416473,50.54602,49.693726,-47.084717,61.379963,216.57388,821.19934
43.69375,42.71875,1689.7023,0.35836938,-0.0059639313,49.18921,153.49585,6.9866943,73.01884,213.61589,853.0676
43.69375,42.73125,1272.6438,0.3291701,0.0036586854,-14.170288,-167.61829,-412.1914,67.45461,142.38153,599.1937
43.69375,42.74375,1507.5431,0.4887727,-0.007819461,54.82776,97.053345,-173.94226,90.13601,155.25302,579.64795
43.69375,42.75625,1263.6633,0.3363158,-0.00028991688,2.9742432,-117.60657,-406.1516,38.876408,150.38617,587.98584
43.69375,42.76875,1516.3044,0.45468718,-0.003509198,29.282349,109.08533,-140.17102,76.12654,165.87119,778.0626
43.69375,42.78125,1498.4536,0.5945179,0.002384589,-16.925049,-49.818115,-142.59497,77.15244,212.83737,808.81287
43.69375,42.79375,1776.9498,0.47561827,-0.003046163,24.191895,118.67346,146.80627,61.89305,196.97398,808.81287
43.69375,42.80625,1759.7723,0.17218578,0.00092783466,-3.354004,83.390015,146.00244,29.76995,157.01195,715.4464
43.69375,42.81875,1728.8079,0.2900929,-0.0016675595,12.828125,122.46289,137.69629,31.312937,130.37447,564.8291
43.69375,42.83125,1419.4325,0.574098,0.00041951152,-2.250122,-76.25476,-139.60767,83.77052,135.1601,569.85205
43.69375,42.84375,1364.39,0.5784857,-0.0020658362,5.0145264,-87.84375,-161.77673,52.092464,127.334206,601.86646
43.69375,42.85625,1554.8827,0.22224423,0.0007825723,6.2089844,57.225098,61.250122,36.052044,111.915146,569.827
43.69375,42.86875,1541.1466,0.29416937,-0.0010006799,15.000244,33.682617,82.7561,49.585785,87.94174,457.89124
43.69375,42.88125,1319.7417,0.6468795,0.0031810787,-21.14856,-87.69458,-109.78931,57.634624,102.53292,524.0342
43.69375,42.89375,1355.5032,0.4262979,-0.00232458,16.224976,-6.81958,-43.61267,59.0,121.40274,565.81165
43.69375,42.90625,1456.0378,0.4447742,-0.0051809708,35.37378,47.49414,88.41406,48.429073,129.31454,565.81165
43.69375,42.91875,1358.1515,0.40528026,0.004561631,-26.976685,-41.326782,25.51941,64.14729,114.61185,518.4581
43.69375,42.93125,1447.3392,0.23389293,-0.006567961,58.8313,82.800415,141.2699,49.859802,96.53691,439.97412
43.69375,42.94375,1381.1884,0.24103333,-0.0011527073,6.1013184,69.690796,96.54834,24.166092,92.48311,371.7633
43.69375,42.95625,1246.8856,0.35120365,-0.004297556,26.339722,14.216064,-76.62573,56.713093,82.45908,364.4978
43.69375,42.96875,1226.0841,0.4750076,0.00030182418,16.248291,35.85547,-181.64783,62.58494,89.104576,359.3437
43.69375,42.98125,1167.9586,0.3829815,-0.00014044916,-5.001343,-24.159912,-328.65527,38.519474,79.18728,354.11603
43.69375,42.99375,1159.998,0.083371915,0.003012581,-14.941895,-280.87097,-432.36914,17.968723,388.87112,989.45557
43.68125,42.00625,1415.2633,0.48077977,0.002095312,-22.65564,-64.81079,-78.57019,59.918694,119.93123,530.03015
43.68125,42.01875,1310.9573,0.39029282,0.0056627244,-56.71643,-96.29089,-184.3789,50.877304,122.452545,561.3115
43.68125,42.03125,1227.7439,0.5213148,0.005548726,-41.5083,-126.8208,-262.90808,42.53528,98.6509,481.41528
43.68125,42.04375,1442.435,0.18366513,-0.00090035435,26.215942,36.63098,-36.520508,40.370163,106.54048,471.60864
43.68125,42.05625,1616.3387,0.045728683,-0.0035316383,34.663574,109.516235,148.7013,24.545876,93.39834,397.0077
43.68125,42.06875,1507.5645,0.58551854,0.002113972,-17.766113,21.623169,45.930542,74.27819,112.5,472.1101
43.68125,42.08125,1384.3972,0.39237604,0.003772476,-28.346191,-14.840576,-81.87915,43.626255,89.54538,427.3971
43.68125,42.09375,1420.6443,0.5027429,-0.0006494,1.5291748,24.932373,-62.628906,37.369774,59.465324,271.80286
43.68125,42.10625,1432.4009,0.29432496,-0.0010680698,10.985107,24.512207,-66.201416,30.489752,63.206013,305.0
43.68125,42.11875,1354.4242,0.54700375,-0.00037581942,-2.1798096,-82.785645,-159.98035,51.716778,92.903175,437.1438
43.68125,42.13125,1569.6124,0.45988438,0.003943735,-28.3833,36.940918,29.532959,39.268307,99.51131,457.05493
43.68125,42.14375,1716.7429,0.4042241,-0.0026603914,18.35144,66.798096,136.474,51.329815,110.55655,488.82825
43.68125,42.15625,1672.3452,0.37000665,0.0025049555,-28.732666,-13.401001,46.4115,63.324562,125.95932,554.48083
43.68125,42.16875,1691.7474,0.5082548,0.0006796255,17.409424,77.079956,31.478882,63.680843,136.23692,554.48083
43.68125,42.18125,1446.1141,0.35923094,0.0011998154,-15.919556,-130.14905,-248.65723,43.269505,107.21824,472.31238
43.68125,42.19375,1535.503,0.47206727,0.0006850783,-5.508301,-103.18762,-186.83813,61.41661,122.86781,516.8425
43.68125,42.20625,1628.7288,0.38979492,-0.0069897627,44.793945,-88.56287,-116.573975,55.673153,117.21881,483.47595
43.68125,42.21875,1548.282,0.1579056,0.0045696273,-52.257935,-187.62476,-225.5011,45.839394,106.28617,454.3767
43.68125,42.23125,1717.6335,0.27121958,-0.0041541723,40.68689,-32.4469,-89.044556,51.371197,110.341515,485.02722
43.68125,42.24375,1640.234,0.28716686,0.0024932253,-42.783203,-165.93738,-197.04395,38.86515,122.009224,476.49133
43.68125,42.25625,1726.294,0.4811717,0.0011593793,-23.005981,-135.15198,-142.21289,59.73274,104.06368,464.60864
43.68125,42.26875,1835.9756,0.23246308,0.0057771173,-36.602783,-73.17615,-76.76453,48.329597,104.67569,438.64966
43.68125,42.28125,2106.057,0.12998095,-0.004034167,44.33203,155.17871,151.46423,31.22499,95.15645,415.5736
43.68125,42.29375,2071.6943,0.28943166,0.0007721917,-3.6174316,77.2323,75.28821,45.63442,85.33317,418.22266
43.68125,42.30625,2180.6494,0.33632913,-0.001469338,28.628418,111.91455,149.23083,42.21374,85.48684,403.36487
43.68125,42.31875,2228.1497,0.10927983,-0.0015866845,11.068848,102.38086,166.7815,18.165901,69.59526,308.6731
43.68125,42.33125,2214.028,0.2319985,-0.0025025294,25.019775,50.746826,137.47607,36.228443,61.84254,283.9818
43.68125,42.34375,2122.6592,0.1589563,0.0023719461,-22.369385,-30.956543,41.378418,25.592968,81.89933,371.27722
43.68125,42.35625,2128.7776,0.21050608,-0.0029366587,33.4917,-15.128906,52.07715,29.849623,94.51984,404.44812
43.68125,42.36875,2254.8787,0.09257698,-0.0010922963,16.348389,100.233154,182.19507,25.13961,85.6738,404.44812
43.68125,42.38125,2160.5642,0.1793064,-0.0029610163,27.576416,56.723633,85.49536,32.924156,82.939735,378.14685
43.68125,42.39375,2004.6243,0.34668738,0.0018281861,-15.653442,9.35791,-88.333496,51.232315,97.397385,423.3673
43.68125,42.40625,2012.0415,0.21709466,-0.0037550896,41.303467,46.79431,-111.83862,48.21307,79.690025,364.90466
43.68125,42.41875,2056.114,0.4610192,-0.0011004811,9.715332,27.603027,-89.38721,60.081196,65.51145,328.0481
43.68125,42.43125,2153.3665,0.14543879,-0.0019170739,13.7854,43.96826,-5.5910645,15.280706,82.767746,421.36047
43.68125,42.44375,2297.6077,0.47228524,-9.625157e-05,6.5046387,38.081787,125.84985,56.240555,141.05495,616.8375
43.68125,42.45625,2395.845,0.46428746,-0.0010076064,9.845459,77.73486,213.50806,57.030693,130.07114,564.1477
43.68125,42.46875,2178.627,0.32939523,-0.0003726237,4.8740234,-20.005371,-2.0129395,44.899887,135.53413,633.1603
43.68125,42.48125,2059.3625,0.4053545,-0.002164157,13.822876,-8.115967,-110.0166,48.83134,79.94373,424.51453
43.68125,42.49375,1912.141,0.39136338,0.0015448234,-18.01294,-94.73987,-224.23718,40.264748,73.65969,336.93872
43.68125,42.50625,2070.5464,0.41477147,-0.0018617323,23.492432,89.73865,-20.6792,38.121517,72.601654,315.97607
43.68125,42.51875,1992.15,0.4153894,-0.0022557802,22.572266,23.22705,-56.93567,58.10981,70.68062,328.8086
43.68125,42.53125,2028.4814,0.24637821,-0.0025595946,22.119629,44.763428,11.124878,33.73796,77.54192,361.17798
43.68125,42.54375,2066.1055,0.2439749,-0.0040400336,34.745483,77.98511,73.8761,42.337925,77.35793,373.91467
43.68125,42.55625,2077.744,0.052383322,-0.0034385447,32.478394,99.86047,104.89319,27.147743,74.3253,355.0155
43.68125,42.56875,1890.9927,0.23516963,0.0037454348,-36.733032,-67.29016,-62.019775,44.42128,77.81067,380.74023
43.68125,42.58125,1993.6216,0.30593988,-0.004327503,32.556396,20.350342,61.772217,43.321472,85.54969,433.22607
43.68125,42.59375,2077.2896,0.28483358,-0.0036852201,12.550293,58.30432,172.50232,29.67322,85.86909,443.735
43.68125,42.60625,1987.3682,0.24187423,-0.00085655885,13.073853,58.867065,113.25708,38.04931,140.82614,603.01025
43.68125,42.61875,1720.5707,0.60725325,0.0054919766,-41.840576,-59.955322,-125.240234,80.76664,118.492615,548.3297
43.68125,42.63125,1679.34,0.550887,-0.002149984,9.954468,-49.110107,-132.05493,88.78908,136.06157,571.3097
43.68125,42.64375,1753.3817,0.6032508,-0.0014931781,12.722046,5.9938965,-27.316772,76.03618,162.7452,606.77844
43.68125,42.65625,1741.5016,0.539911,0.0028261556,-33.86609,-48.239624,-17.546875,65.72671,145.49828,614.93933
43.68125,42.66875,1851.464,0.3979405,0.0013709454,-3.501587,90.56213,107.9198,49.45958,131.6577,721.287
43.68125,42.68125,1829.2977,0.36248595,-0.004334786,34.94226,206.80042,108.715576,65.222694,162.62303,620.6411
43.68125,42.69375,1708.4337,0.64374655,-0.0029484986,50.45764,221.13428,7.1916504,60.86871,151.22417,642.47034
43.68125,42.70625,1319.5806,0.93769175,-0.00039208418,1.9055176,-152.81006,-370.55725,64.0166,147.00935,606.83057
43.68125,42.71875,1551.9265,0.7357144,-0.0050292076,33.02295,60.24597,-143.49963,108.94838,163.50688,638.69885
43.68125,42.73125,1350.5425,0.23969969,0.008289828,-54.125977,-158.55762,-361.4474,53.92935,156.16498,635.43823
43.68125,42.74375,1576.405,0.3954693,0.0019843436,-20.96228,-5.8969727,-144.06873,52.626038,157.0,838.51636
43.68125,42.75625,1627.9742,0.44316453,-0.0027988718,15.135376,19.036865,-87.066895,48.314075,179.02444,797.8041
43.68125,42.76875,1547.5717,0.21064351,0.0006161798,-8.613525,-103.19092,-158.52942,39.09923,197.3208,797.8041
43.68125,42.78125,1920.451,0.12897137,-0.0040235026,40.05591,157.81384,224.4646,41.52108,145.53607,663.20105
43.68125,42.79375,1825.3676,0.52522945,0.0016835037,2.939331,54.500244,134.58203,81.035484,121.56788,505.71118
43.68125,42.80625,1675.1019,0.58199155,0.0004531442,0.8227539,-24.7771,-6.7526855,92.13712,127.27922,533.38794
43.68125,42.81875,1477.6714,0.54099774,0.0009363226,-20.205933,-113.66467,-179.36377,77.78496,136.76166,564.8291
43.68125,42.83125,1616.5563,0.61099845,0.00046031876,-5.173218,55.46582,-4.750122,71.23553,128.9244,538.2938
43.68125,42.84375,1675.7715,0.3155067,-0.002666254,18.108154,67.44458,87.092285,39.912403,129.79022,566.3374
43.68125,42.85625,1648.9574,0.33493838,0.0022861497,-8.619751,18.022705,91.17493,43.21458,103.73403,536.3756
43.68125,42.86875,1593.2007,0.36179084,0.0026481976,-12.145386,5.1158447,68.75012,50.87239,104.56696,588.59204
43.68125,42.88125,1481.0424,0.31491917,-0.0010822605,15.494019,9.840942,-15.708374,49.568134,110.40833,496.6715
43.68125,42.89375,1412.1929,0.29367194,0.003853753,-30.88733,-63.228394,-50.965576,38.22303,113.09951,536.2855
43.68125,42.90625,1625.5142,0.25083652,5.431556e-05,7.223633,121.0365,195.96948,32.39599,96.05337,434.71143
43.68125,42.91875,1498.638,0.42455432,-0.0013798827,15.323975,62.376343,99.84851,60.46073,89.30705,416.92896
43.68125,42.93125,1305.3784,0.2122985,0.0006659683,-10.3532715,-63.669556,-70.20386,52.070866,90.92167,374.62964
43.68125,42.94375,1208.9684,0.20475347,0.0005254593,-5.8380127,-74.118286,-144.99182,36.484585,91.44466,371.7633
43.68125,42.95625,1312.4729,0.49128225,-0.00089355715,7.3338623,53.47473,-75.59851,48.18454,89.009834,398.1554
43.68125,42.96875,1345.4888,0.27487466,-0.0027714164,20.553223,47.57776,-119.35376,39.522144,97.05218,417.82495
43.68125,42.98125,1296.7765,0.24741483,-0.0022238973,7.2454834,-3.8708496,-248.95203,31.638584,77.76567,398.05127
43.68125,42.99375,1216.5786,0.29070938,0.0021030933,-23.459106,-278.81482,-419.05603,29.35558,355.6568,901.9293
43.66875,42.00625,1291.3632,0.36700734,-0.0015570355,15.316162,10.150879,-172.50928,58.326668,156.08492,572.7047
43.66875,42.01875,1350.0656,0.25569335,-0.0065504257,39.395752,95.59253,-120.34375,37.694496,132.89046,554.1895
43.66875,42.03125,1282.6321,0.48075765,0.0009983565,-1.9569092,15.098145,-185.07373,66.445465,117.708855,521.7262
43.66875,42.04375,1436.0315,0.5195964,0.003949857,-32.05713,78.17639,-19.847412,58.37594,140.92595,617.32794
43.66875,42.05625,1513.8127,0.29840693,-0.0017145323,6.4626465,85.64868,70.06677,33.28288,126.70142,575.44336
43.66875,42.06875,1308.196,0.47304592,0.004623038,-48.38147,-91.42346,-128.63916,60.19344,121.16157,503.7583
43.66875,42.08125,1378.2611,0.51617295,-0.00075419486,12.152954,-8.352173,-63.476807,67.30249,105.57995,514.00745
43.66875,42.09375,1456.4075,0.036609977,-0.0022530402,21.435791,70.53247,-4.5566406,22.477766,92.92134,465.14282
43.66875,42.10625,1292.4795,0.34955075,-0.00299296,11.063965,-76.89575,-187.67834,30.610456,84.72603,414.12708
43.66875,42.11875,1391.5703,0.27908984,0.0044624256,-34.89966,-73.11926,-103.96826,48.95661,117.223076,464.7539
43.66875,42.13125,1597.7622,0.49144515,0.00055817346,5.652832,60.530396,78.02527,57.993534,82.49848,416.01636
43.66875,42.14375,1602.0416,0.11719442,-0.004857954,34.152954,49.86975,42.9386,48.584976,135.05185,614.1201
43.66875,42.15625,1439.7743,0.21541408,0.0030835057,-24.500488,-99.27612,-163.64941,35.986107,139.48924,614.1201
43.66875,42.16875,1386.6678,0.3030874,0.0039428617,-37.35913,-134.9552,-252.44556,41.8569,91.944275,437.5072
43.66875,42.18125,1573.3013,0.4368301,-0.0016351497,-2.536621,-18.979248,-100.390625,54.421963,110.12947,465.9109
43.66875,42.19375,1690.3801,0.3927471,0.0058322255,-46.70923,-17.036133,-9.196655,52.079266,154.0852,667.1328
43.66875,42.20625,1775.3328,0.50613123,0.0059015257,-41.234863,-7.643799,55.73352,69.327126,156.0809,619.3513
43.66875,42.21875,1823.1377,0.38575947,0.0019109207,-12.545288,-1.5734863,77.51868,63.247528,141.39572,573.4734
43.66875,42.23125,1957.5591,0.26459917,-0.0018929745,10.55896,97.94263,177.98865,52.02163,120.02604,515.53735
43.66875,42.24375,1906.322,0.26990107,0.0026523047,-22.061646,35.921875,94.16016,39.94997,109.3995,447.0354
43.66875,42.25625,2041.716,0.31603914,-0.0026917935,19.930908,164.31848,193.19324,35.45772,100.91581,464.60864
43.66875,42.26875,1933.7101,0.30617976,-0.002332939,15.53125,16.81897,40.547607,64.226166,93.4251,426.89697
43.66875,42.28125,1855.328,0.3145223,0.001942107,-18.663208,-100.070435,-78.936646,34.691498,86.87923,375.7572
43.66875,42.29375,2031.7039,0.2989606,-0.0018698197,13.072876,38.760742,54.460083,41.901672,92.28353,437.08972
43.66875,42.30625,2189.4624,0.2179698,-0.004371141,39.768555,149.08398,174.11267,33.98529,89.82622,416.17822
43.66875,42.31875,1978.1412,0.1006779,0.004394605,-37.47351,-94.89514,-72.13318,35.83992,76.072334,353.61694
43.66875,42.33125,2147.2322,0.27525225,-0.0030626648,32.484863,14.456787,73.90991,36.083237,69.57011,303.56238
43.66875,42.34375,2199.7214,0.3589364,0.0023843457,-21.908203,-4.6938477,111.67676,33.68234,67.41291,340.2047
43.66875,42.35625,2269.2014,0.22237478,-0.0008338777,0.5732422,26.160156,177.53564,26.981476,67.53147,347.63293
43.66875,42.36875,2235.9224,0.1804836,-0.0021466308,14.591064,23.859863,140.36938,36.93237,76.19383,386.2162
43.66875,42.38125,2053.0183,0.51331115,-0.00022642555,-16.703857,-70.54419,-49.73535,60.926186,89.87213,401.87927
43.66875,42.39375,1907.5084,0.19862661,0.0050813565,-40.01355,-134.2904,-212.79407,42.026775,96.55698,424.9956
43.66875,42.40625,2127.8076,0.28709143,-0.00016374743,15.293701,95.25635,-21.33496,38.268787,92.779305,424.9956
43.66875,42.41875,2067.3135,0.37790665,0.00084818195,-1.8879395,-14.84668,-99.34253,40.267853,79.36939,395.08582
43.66875,42.43125,2010.4064,0.15864632,0.004108396,-40.400024,-118.65735,-162.9491,30.240702,71.19691,361.49146
43.66875,42.44375,2170.3748,0.3399429,-0.0008561367,14.391357,-23.41748,-7.0270996,42.54997,76.08548,429.30847
43.66875,42.45625,2273.15,0.36248937,0.0012120673,-6.0512695,41.345215,94.421875,26.457514,66.97761,376.61865
43.66875,42.46875,2210.5798,0.33701685,-0.0023335018,23.187012,30.122559,41.23706,40.18706,89.42874,423.2069
43.66875,42.48125,2085.618,0.51018125,0.0002012762,-5.626953,-19.026611,-66.92236,62.197266,86.97126,413.05188
43.66875,42.49375,2116.976,0.097411886,-0.0046982495,35.610107,49.18457,-2.3967285,35.580894,71.58561,400.58313
43.66875,42.50625,1956.3458,0.3668359,0.003445769,-44.200684,-86.857056,-118.223755,50.107384,68.117546,354.32874
43.66875,42.51875,2105.9595,0.15269959,-0.0029517766,22.307861,58.472168,70.234375,34.168697,73.839355,354.32874
43.66875,42.53125,2078.179,0.20305084,-0.0017862208,10.243408,4.946533,70.73035,41.80311,58.077534,298.12708
43.66875,42.54375,2081.4507,0.283475,-0.0012277238,6.0927734,-1.0634766,91.86279,33.667492,64.33506,330.31482
43.66875,42.55625,2043.1741,0.32049173,0.0034202903,-22.100586,-24.463623,64.1001,30.27375,70.671776,338.32397
43.66875,42.56875,2026.6124,0.4833592,0.0024967266,-17.932129,10.305298,60.401245,34.586845,66.88983,311.57825
43.66875,42.58125,1877.2234,0.13628872,0.004385121,-24.80188,-107.63049,-71.22839,22.062412,76.44933,393.13257
43.66875,42.59375,2158.365,0.32652697,-0.002550332,24.155762,168.22021,236.15674,35.679127,117.30196,505.05334
43.66875,42.60625,2012.0359,0.63553756,-0.003450847,42.54492,93.95996,122.475586,80.280754,149.55684,603.01025
43.66875,42.61875,1666.7604,0.30381972,0.0037203862,-52.81543,-184.03882,-190.48828,60.386257,138.3239,589.89136
43.66875,42.63125,1944.9872,0.52838653,-0.0013211202,-6.4769287,46.60901,120.73584,61.004097,147.30411,589.89136
43.66875,42.64375,2018.9712,0.20768438,-0.0037976,30.816528,102.11145,229.99707,41.92851,109.40407,485.88684
43.66875,42.65625,2003.0658,0.34535202,-0.0027317898,26.828491,140.1847,242.02112,48.24417,110.36191,557.6162
43.66875,42.66875,1898.3676,0.3067092,-0.0031002597,41.44409,158.1543,151.77295,37.983547,167.73119,724.6509
43.66875,42.68125,1675.5671,0.22188796,-0.0067406883,61.565063,76.16528,-56.621338,66.970146,162.79819,623.041
43.66875,42.69375,1391.7626,0.5818235,-0.0026530477,-3.8041992,-151.69824,-334.35046,91.30512,160.3387,642.47034
43.66875,42.70625,1711.6852,0.45108867,-0.0023183052,53.709106,124.79077,-17.607422,62.29366,159.154,620.93835
43.66875,42.71875,1794.8105,0.41499037,-0.0023365885,12.531616,147.4104,48.380615,39.758648,135.40495,644.99316
43.66875,42.73125,1463.4178,0.37835956,0.0068708602,-52.27881,-186.94775,-308.16846,51.470867,119.05041,535.5183
43.66875,42.74375,1798.6128,0.37763283,-0.0020249772,19.619873,77.71045,5.5654297,45.893898,157.54523,794.44336
43.66875,42.75625,2014.6471,0.347076,-0.00203464,16.685913,155.98926,213.26135,52.96933,188.27109,698.3082
43.66875,42.76875,1960.9878,0.5828715,0.0019289473,0.11010742,37.92334,160.42847,88.3445,181.87839,698.3082
43.66875,42.78125,1989.2776,0.14923237,-0.002399632,16.545654,93.39343,196.25293,24.994999,136.37723,615.12146
43.66875,42.79375,1763.0865,0.6630371,0.002569901,-13.500488,-24.81189,-23.669312,85.7715,138.79121,574.55054
43.66875,42.80625,1795.568,0.4489414,-0.004831624,40.26892,69.318115,16.548096,78.1185,155.22484,588.3528
43.66875,42.81875,1802.4646,0.16107789,-4.5791694e-05,17.866943,109.55347,45.192505,38.483765,170.86179,610.1697
43.66875,42.83125,1504.387,0.33450028,0.0042156563,-41.58313,-179.9845,-220.15088,50.808464,120.55497,542.48486
43.66875,42.84375,1814.2703,0.26363188,0.000103078375,2.4783936,75.492065,121.451416,37.19543,78.69403,411.45435
43.66875,42.85625,1837.4308,0.15690629,-0.0023303763,35.154297,102.86914,174.07825,32.113083,75.003334,363.90674
43.66875,42.86875,1670.8563,0.31837085,-0.00039172705,2.6243896,25.256958,39.668945,38.967934,91.80686,450.0343
43.66875,42.88125,1534.5802,0.4530717,-0.007365909,57.33081,-15.69873,-70.590576,67.55368,93.80965,437.88403
43.66875,42.89375,1608.3678,0.54441696,0.0019233949,-22.97168,50.70056,35.267212,59.196705,99.49246,479.93762
43.66875,42.90625,1528.9076,0.5162711,-0.0012431755,15.819702,-3.9644775,-9.293213,55.17246,105.82887,466.8778
43.66875,42.91875,1413.6661,0.1970987,-0.00020804243,5.206543,-42.117798,-92.381836,46.17494,103.110374,485.97046
43.66875,42.93125,1376.7642,0.48849332,0.0032850786,-27.21045,-14.630371,-101.81152,45.92521,123.581955,542.48145
43.66875,42.94375,1252.7303,0.090309896,0.00076503603,-8.124512,-48.1344,-201.43372,15.588457,81.69455,414.41992
43.66875,42.95625,1352.7659,0.5776522,-0.002104271,18.447876,11.362183,-125.14758,62.89575,106.69056,431.68152
43.66875,42.96875,1401.41,0.28408697,0.0008583816,-6.430176,-36.55249,-139.00183,39.06565,93.59955,397.42688
43.66875,42.98125,1464.8436,0.34964126,0.00036674982,-3.2406006,29.216797,-142.46033,49.101936,100.6448,388.4662
43.66875,42.99375,1338.1599,0.31425837,0.0001499821,2.0205078,-236.09888,-346.1958,38.975956,314.42566,896.4568
43.65625,42.00625,1157.9386,0.53859025,0.00012700038,7.6695557,-93.01355,-312.6698,76.35607,148.61696,621.3435
43.65625,42.01875,1020.28094,0.11193476,0.0019003773,-30.057556,-184.88824,-458.8565,31.270992,111.77097,540.63885
43.65625,42.03125,1037.227,0.3526923,0.0039354116,-55.74048,-188.10449,-438.30005,58.33738,121.83595,498.8838
43.65625,42.04375,1076.507,0.5746531,0.001970102,-28.513062,-205.7395,-383.25793,59.73797,136.50458,547.84845
43.65625,42.05625,1156.1136,0.60396165,-0.0035269537,11.637207,-138.61072,-291.06323,71.4694,142.41971,535.1477
43.65625,42.06875,1134.0261,0.12749474,0.0066324277,-47.589355,-154.59827,-304.24573,43.418026,141.34975,551.4927
43.65625,42.08125,1534.9916,0.425883,0.0032437393,-15.860352,203.36938,95.583374,59.77667,148.91734,591.7648
43.65625,42.09375,1337.7588,0.6819699,0.00013512195,9.175781,-31.790894,-112.948975,76.22664,131.62209,583.73584
43.65625,42.10625,1386.0208,0.41615635,-0.0015572337,10.731323,-22.23291,-78.656006,53.557213,126.73052,552.5874
43.65625,42.11875,1580.7352,0.19209296,-0.00036502175,7.99646,109.273926,106.59192,37.523327,118.820244,476.68713
43.65625,42.13125,1485.7325,0.33188242,-0.0013840398,14.744629,33.75879,-9.009277,47.41308,106.263824,454.28955
43.65625,42.14375,1385.5868,0.58829975,0.00031604528,0.28686523,-61.60266,-145.43958,53.244717,82.92994,419.80457
43.65625,42.15625,1526.1836,0.3368244,-0.005107088,47.4458,43.480713,-43.741943,49.10448,88.57765,457.95203
43.65625,42.16875,1635.6641,0.36099327,-0.004117587,32.097412,72.86194,28.700317,43.89761,106.9217,490.95874
43.65625,42.18125,1733.8495,0.5577277,-0.0006624926,9.961792,46.24536,91.461914,78.74008,109.6141,589.57275
43.65625,42.19375,1818.31,0.4167197,-0.0040510185,32.106934,0.5469971,149.97278,62.401924,112.675415,531.83057
43.65625,42.20625,1834.5631,0.55184,0.0025109071,-24.850952,-22.690308,145.65295,66.2948,103.503624,494.7555
43.65625,42.21875,2012.9371,0.31970698,-0.0034673733,35.39624,153.5415,297.69153,41.752247,115.804794,492.41394
43.65625,42.23125,1786.4603,0.22339237,0.0053377193,-37.964966,-63.26465,36.51013,49.135017,127.1387,505.4264
43.65625,42.24375,1717.83,0.3854553,0.0029999742,-24.664917,-90.96973,-67.84119,39.881073,126.56224,505.4264
43.65625,42.25625,1812.1448,0.5135487,-0.0055310572,40.653687,3.7280273,-11.671509,54.196404,106.35671,482.95667
43.65625,42.26875,1836.2074,0.4398261,0.0004369854,12.114624,-4.2320557,-30.083618,61.68468,87.65558,420.39075
43.65625,42.28125,1843.0347,0.6098104,-0.0019028308,8.771606,-47.311523,-65.53772,75.97533,83.8272,383.77917
43.65625,42.29375,1884.418,0.46532512,-0.0010093597,-1.0715332,-63.510864,-70.70007,60.27852,91.98098,462.0548
43.65625,42.30625,1958.8727,0.3646571,0.0018102673,-8.591187,-33.269287,-36.837524,58.98093,75.28114,389.01538
43.65625,42.31875,2052.549,0.2442775,-0.0007020701,17.902832,4.3552246,17.1427,25.41653,77.165405,379.16772
43.65625,42.33125,2058.2139,0.16066279,0.0030251103,-35.75586,-77.3562,-5.9904785,30.975798,75.93748,316.6349
43.65625,42.34375,2215.4922,0.30961308,-0.00077083916,4.6657715,23.973633,129.2832,34.87836,79.2843,381.53015
43.65625,42.35625,2186.1765,0.30215308,-0.0022703907,11.012451,-30.305176,87.78784,40.90232,91.2661,388.95837
43.65625,42.36875,2297.0203,0.091417134,-0.0023283241,18.6333,87.10913,187.67065,28.591957,78.31347,386.2162
43.65625,42.38125,2181.411,0.35092515,-0.0035743387,21.20752,13.088135,62.304443,46.75468,85.6271,401.87927
43.65625,42.39375,2247.558,0.07919122,0.0006536697,2.2001953,102.95825,113.70801,14.508618,105.107086,427.39307
43.65625,42.40625,2110.8447,0.39825535,-0.0020530524,11.66748,-35.019775,-49.81128,58.7835,101.13852,427.39307
43.65625,42.41875,2122.481,0.41012615,-0.0022714618,22.121094,-22.157715,-52.901123,47.159306,74.70609,364.24463
43.65625,42.43125,2177.9043,0.25978598,0.0030731473,-16.294678,8.513184,-1.472168,47.81736,67.59068,317.2931
43.65625,42.44375,2254.0437,0.18240222,-0.0023510603,11.362793,29.764648,74.32031,20.796635,72.100624,355.09583
43.65625,42.45625,2272.578,0.3325797,0.0013410497,-16.305176,11.973877,95.83545,41.133926,58.72393,283.7932
43.65625,42.46875,2286.606,0.28184178,-0.00044395818,-1.2182617,48.354492,119.00342,40.336086,66.730804,327.21484
43.65625,42.48125,2291.8955,0.30769658,-0.003958799,28.36621,97.418945,137.53052,29.824486,69.41541,336.20093
43.65625,42.49375,2130.9705,0.40333885,0.001201261,-8.087402,-21.675293,0.5239258,32.465366,80.1249,356.43164
43.65625,42.50625,2132.157,0.2782355,-0.003256055,19.732666,1.9067383,38.258545,35.630043,82.94576,350.64
43.65625,42.51875,2203.41,0.2669173,-0.0028298374,24.840332,73.82837,139.8562,34.576004,65.90903,340.0343
43.65625,42.53125,2045.0256,0.30384347,0.0016768748,-15.695557,-60.065918,2.4238281,27.386127,49.8999,278.0526
43.65625,42.54375,2123.0334,0.13231415,-0.0010854065,8.763428,18.690674,89.43933,18.734995,55.425625,263.99988
43.65625,42.55625,2092.6558,0.36356327,0.0005629896,-18.595703,-24.5,60.838135,46.674404,58.698383,286.76965
43.65625,42.56875,2026.8514,0.45601034,0.00061341905,-1.8282471,-36.807007,2.270996,44.18993,81.4862,359.07092
43.65625,42.58125,2011.9586,0.37921578,-0.0006727573,-1.7709961,26.240356,3.8125,63.958973,97.095314,397.75952
43.65625,42.59375,1826.1561,0.59135395,0.00053624687,-13.270874,-122.480835,-152.60669,49.897396,119.43304,496.14172
43.65625,42.60625,1867.9557,0.3659997,0.0046286397,-25.359253,-79.043335,-74.73938,71.07039,143.78021,542.4569
43.65625,42.61875,1935.0972,0.54412675,0.0006979357,-24.09314,-58.77722,30.04895,59.466377,137.49272,532.8666
43.65625,42.63125,2071.7178,0.20247748,0.001815749,-7.8100586,58.299683,201.9939,27.193748,95.82536,513.49036
43.65625,42.64375,1956.3425,0.373723,-0.0047205654,56.898804,26.11145,125.73059,58.681343,119.92081,526.48596
43.65625,42.65625,1625.4288,0.38445354,0.0069350423,-65.76221,-146.05334,-170.34485,61.725197,171.0022,703.7268
43.65625,42.66875,1515.3281,0.72141814,-0.00021357478,-2.7601318,-96.69934,-261.0149,102.52317,158.47003,689.1019
43.65625,42.68125,1577.2932,0.6071004,-0.0014457196,7.925049,-7.0303955,-189.76831,90.91617,156.73386,677.75366
43.65625,42.69375,1597.4696,0.22536631,0.006793197,-66.26599,-93.082886,-175.79663,56.224995,181.63081,759.15796
43.65625,42.70625,1835.0612,0.3690376,-0.0020163346,15.55542,80.85901,43.703247,56.10704,146.11212,694.28064
43.65625,42.71875,1676.897,0.7121244,-0.0036258625,7.261963,-83.9353,-140.91504,65.448456,112.244156,575.66187
43.65625,42.73125,1685.4922,0.37956235,0.004762165,-45.057373,-66.98755,-165.82141,47.09034,108.15036,512.97253
43.65625,42.74375,1593.4014,0.14205618,0.008216665,-50.958862,-192.37585,-290.4502,43.33301,138.39798,687.0658
43.65625,42.75625,1954.8645,0.70306474,0.003225814,-28.675903,-4.433838,49.10144,89.68556,170.41713,616.50256
43.65625,42.76875,2162.693,0.23812999,9.9889745e-05,4.9904785,79.56641,244.36047,24.186773,71.267105,347.69275
43.65625,42.78125,2073.1086,0.13571185,-0.0020718272,24.5979,49.992554,157.24548,29.512709,115.350555,540.9552
43.65625,42.79375,1937.6604,0.7371617,-0.003597435,28.170166,-3.5935059,28.302612,99.39442,145.06636,555.8208
43.65625,42.80625,2000.1178,0.10745652,-0.0007014014,3.571045,74.48572,101.62195,24.41823,122.00615,536.4834
43.65625,42.81875,1932.433,0.14495851,-0.0025272884,23.971924,56.144043,59.705322,23.547823,110.51244,572.9044
43.65625,42.83125,1751.4253,0.45341584,0.0010468037,-20.147827,-61.970947,-83.03699,39.962482,100.58703,509.62378
43.65625,42.84375,1797.8369,0.28667548,0.0030965607,-17.10315,-19.512817,2.7235107,32.140316,76.49183,495.04016
43.65625,42.85625,1779.4426,0.27973804,0.0016857046,-11.136475,-1.8128662,19.35437,42.38809,72.551704,357.61768
43.65625,42.86875,1688.2412,0.3228358,0.00027422316,1.0905762,2.1000977,-32.256714,41.725292,88.93537,457.4535
43.65625,42.88125,1661.7378,0.14718238,0.00013884071,8.662109,6.2752686,-28.04712,36.027767,110.77454,576.3109
43.65625,42.89375,1666.3531,0.33321148,-0.000459787,-6.8116455,15.465454,13.493408,53.338543,107.60228,576.3109
43.65625,42.90625,1543.4572,0.4169731,-0.0022567501,11.029175,-55.414917,-70.01099,48.851818,107.64525,491.07812
43.65625,42.91875,1683.0045,0.55198467,-0.001964728,14.425903,101.430176,99.95044,57.714817,116.50858,491.07812
43.65625,42.93125,1517.3624,0.38025898,0.0029340824,-26.433472,1.4012451,-40.53076,72.825134,136.19287,550.24915
43.65625,42.94375,1360.645,0.25841764,-0.0009293785,10.043213,-41.944458,-173.33789,33.865543,111.69937,481.48108
43.65625,42.95625,1472.6244,0.66691446,-0.004373641,49.095337,37.18091,-77.32251,71.64321,118.307335,449.1454
43.65625,42.96875,1575.6526,0.12066722,0.00058394513,-0.30895996,53.64624,-27.257446,15.708278,68.97645,358.5459
43.65625,42.98125,1591.53,0.23036309,0.0011016165,-11.401978,41.920532,-67.95532,29.631065,65.33567,357.6505
43.65625,42.99375,1493.7484,0.18479767,0.001562324,-10.7196045,-181.13367,-233.09741,35.146122,252.39107,823.0078
43.64375,42.00625,1547.4137,0.40719646,-0.0009585975,5.942505,100.3656,76.187744,65.545784,164.97273,691.95123
43.64375,42.01875,1233.0026,0.53302616,0.0022751042,-19.394653,-125.13196,-254.67139,51.20791,185.40327,697.585
43.64375,42.03125,1293.9915,0.39175677,0.0041024648,-34.43921,-26.348022,-194.97632,63.868027,162.27522,673.99725
43.64375,42.04375,1420.4164,0.38768536,0.0019276013,-21.111572,44.821655,-54.865967,55.26301,182.01477,748.2269
43.64375,42.05625,1357.1736,0.42099556,0.00304447,-30.827759,-32.807373,-110.53662,65.390175,206.6041,761.18604
43.64375,42.06875,1261.3461,0.57646334,0.000730674,-1.5708008,-85.517334,-200.53479,63.68477,193.68144,750.93896
43.64375,42.08125,1073.5364,0.22374359,0.0030144725,-40.881226,-228.92676,-388.12573,46.80144,168.19594,670.36255
43.64375,42.09375,1340.1605,0.69526005,0.0009923914,19.334473,19.961182,-124.49756,75.25706,150.44933,590.67334
43.64375,42.10625,1633.1277,0.3926886,-0.007286345,50.236694,245.05298,161.68713,54.70603,139.26593,622.1011
43.64375,42.11875,1416.0482,0.5771958,-0.006380361,49.342407,-12.568848,-59.028687,76.699905,127.72725,632.70056
43.64375,42.13125,1384.9315,0.45254457,0.0016855386,-5.4050293,-85.52429,-110.64636,71.01056,155.4606,709.2422
43.64375,42.14375,1415.764,0.22241186,0.0068235844,-56.039795,-130.39233,-118.420166,44.994446,157.67293,685.4243
43.64375,42.15625,1670.6504,0.40465787,-0.004832301,44.93994,70.57556,96.919556,52.103264,126.68465,646.15137
43.64375,42.16875,1750.6384,0.6397648,-0.004205718,37.104614,91.02966,142.09985,49.80211,102.07963,451.3296
43.64375,42.18125,1687.5474,0.17700233,0.0059703966,-46.655884,-53.517944,42.646484,48.87484,98.639496,474.39465
43.64375,42.19375,1759.6448,0.5126443,0.004247964,-38.596558,-13.560791,85.68396,67.54443,113.394226,504.099
43.64375,42.20625,1704.7998,0.58375245,0.0016555667,-14.538208,-13.639404,8.973511,64.57748,131.18594,558.3948
43.64375,42.21875,1688.4655,0.37011972,-0.0007385155,2.151123,-5.704956,-34.61975,36.100555,132.35841,601.24817
43.64375,42.23125,1620.5895,0.24520394,0.0050551738,-37.249268,-77.7843,-134.86487,50.70503,123.920334,588.8595
43.64375,42.24375,1664.9437,0.32695085,0.00023875538,4.6966553,-42.701782,-122.605225,55.852486,83.6107,382.8119
43.64375,42.25625,1900.5558,0.1326624,-0.0011137807,26.922485,121.276245,78.62512,38.183765,95.882744,439.4613
43.64375,42.26875,1960.7256,0.41358805,0.0013276068,-3.2352295,93.24463,97.29846,56.7164,106.004715,452.81946
43.64375,42.28125,2033.0944,0.46865097,0.00045037275,-1.7867432,94.14966,128.47083,40.32989,108.80717,455.78967
43.64375,42.29375,2011.934,0.33406645,-0.0023790763,15.151367,16.165161,61.875854,57.201397,101.905594,441.0702
43.64375,42.30625,2026.6743,0.3254084,-0.0029800248,23.717651,-11.732422,35.94043,49.061188,80.2901,368.06763
43.64375,42.31875,2087.87,0.2886225,-0.001944841,13.407715,-0.20239258,54.226196,32.526913,73.16078,353.82922
43.64375,42.33125,2182.0503,0.38251093,0.000349984,-1.7709961,62.79956,116.531494,42.544094,84.56063,391.67285
43.64375,42.34375,2122.714,0.35853365,-0.00073986157,4.831299,17.67749,30.159424,54.438038,89.755226,391.67285
43.64375,42.35625,2154.3975,0.3618242,-0.00078810076,20.395752,26.829834,42.43091,40.267853,83.803345,380.31934
43.64375,42.36875,2274.7637,0.17421085,-0.00267308,19.514648,113.558105,148.3562,30.643106,77.865265,333.70654
43.64375,42.38125,2130.2,0.35206312,0.0027195716,-20.862305,-39.121582,-8.879395,47.02127,74.61903,328.73755
43.64375,42.39375,2218.6707,0.4003647,-0.0028534413,17.916992,7.857422,66.02026,49.386234,62.42195,270.9209
43.64375,42.40625,2319.9282,0.02189947,-0.00091314496,9.411865,87.90454,143.9231,6.78233,62.012096,312.23938
43.64375,42.41875,2243.7263,0.2188398,-0.0013598877,9.603027,35.01831,56.009277,29.529646,70.064255,312.15125
43.64375,42.43125,2209.6646,0.28788266,0.00191366,-9.246338,-13.306885,18.27295,38.314487,63.19019,277.29297
43.64375,42.44375,2267.3289,0.10216997,0.0009912114,-6.1032715,-10.463379,75.73218,15.182226,45.689167,252.11133
43.64375,42.45625,2324.3647,0.065825544,-0.001628135,14.592773,41.124023,136.91968,11.247222,49.684002,251.79883
43.64375,42.46875,2171.8252,0.2785172,0.0007647221,-13.238525,-58.764404,-8.850098,31.772629,75.17979,312.208
43.64375,42.48125,2171.3857,0.21023817,-0.0030025118,25.974854,-13.606934,-0.5180664,30.878796,77.4403,347.0265
43.64375,42.49375,2290.395,0.15031369,-0.0029379705,29.310791,126.76416,134.80664,27.248854,72.56721,304.3977
43.64375,42.50625,2149.0942,0.3158907,-0.0009599722,-3.6867676,-14.593506,21.716553,43.27817,65.61631,293.20166
43.64375,42.51875,2243.3694,0.19633251,-0.000884631,10.39917,85.00366,139.89209,21.737064,55.344376,270.30017
43.64375,42.53125,2173.6345,0.21563587,-0.00036993175,19.72168,62.058105,88.41821,28.740215,64.40885,327.5631
43.64375,42.54375,1981.4764,0.27003908,-0.0007153819,-5.593994,-90.46301,-96.5697,25.578312,64.899925,294.4037
43.64375,42.55625,2147.4373,0.13767079,-0.0007573997,9.4592285,67.03784,71.859375,21.851774,80.315,352.76196
43.64375,42.56875,2177.712,0.20211406,-0.0022902482,29.372314,117.46289,112.812744,30.724583,89.364426,369.43103
43.64375,42.58125,1941.948,0.6201947,0.0017764327,-20.830688,-64.097046,-100.67053,50.45295,102.294914,417.58252
43.64375,42.59375,1883.4323,0.17187531,0.0069992114,-51.906494,-123.179565,-124.07971,51.046547,118.111176,465.0598
43.64375,42.60625,2198.0667,0.08866728,-0.00049404375,11.129395,123.031494,227.76465,21.587032,119.54079,517.6133
43.64375,42.61875,2144.165,0.33901933,0.0013954795,-11.171387,33.341553,210.58801,34.503624,81.437096,407.5703
43.64375,42.63125,2008.7662,0.6176784,0.0019263929,-24.871826,8.214111,109.13342,62.046352,132.3877,569.10583
43.64375,42.64375,1853.7317,0.8093105,-0.00246499,20.199707,30.119751,-8.994995,95.85667,159.75137,698.105
43.64375,42.65625,1587.38,0.52894413,0.005161193,-45.53247,-77.16113,-242.50928,81.13723,162.07251,663.3441
43.64375,42.66875,1615.8694,0.40389878,-0.009657163,85.840454,8.110718,-199.27747,80.26207,136.48444,604.57764
43.64375,42.68125,1731.9503,0.60041565,0.0026059856,-36.25879,14.651733,-90.546265,66.31742,169.5811,765.0399
43.64375,42.69375,1818.5813,0.6913899,0.0037209978,-20.692505,-66.77637,-28.89087,76.0559,150.39198,654.38806
43.64375,42.70625,2037.3033,0.3619619,-0.0025664526,23.647827,101.99512,156.81482,39.3351,132.92009,567.6571
43.64375,42.71875,1836.7614,0.50027645,0.004740792,-21.296753,-55.736816,-81.25769,58.356663,128.97481,567.41614
43.64375,42.73125,1887.5948,0.480022,-0.0010733455,7.4865723,6.2855225,-74.65173,51.090607,117.3744,658.07764
43.64375,42.74375,1861.5184,0.45082855,-0.0044955444,30.528076,-13.305542,-140.22424,40.94814,119.25393,658.07764
43.64375,42.75625,1906.6434,0.3612569,0.0007671809,-2.5742188,-84.94922,-119.99219,45.332108,186.26057,736.7991
43.64375,42.76875,2159.4163,0.23468319,0.0001365722,-9.2854,12.295654,119.79236,24.617067,97.3807,472.60876
43.64375,42.78125,2136.4014,0.06808207,-0.0018065812,2.6416016,-1.6469727,106.36389,14.628738,85.0294,516.61035
43.64375,42.79375,2117.064,0.19354546,-0.00090556254,6.0717773,23.910889,99.51489,30.894983,75.369095,464.6848
43.64375,42.80625,2016.4456,0.08938667,0.0018639492,-21.440063,-35.02417,16.829102,21.047565,64.43214,315.66833
43.64375,42.81875,1992.0787,0.06283352,-0.0010236191,16.973145,9.22522,30.507812,16.68832,85.66796,450.33643
43.64375,42.83125,1908.9944,0.2982598,0.002716191,-19.431274,-26.134644,1.6396484,29.71111,76.48039,410.8584
43.64375,42.84375,1939.5947,0.18666182,-0.001839822,22.713013,31.275513,82.538574,32.973473,74.18389,349.60974
43.64375,42.85625,1859.622,0.12610486,-0.0023342788,20.586914,14.804932,43.15393,29.597298,89.89855,478.2671
43.64375,42.86875,1711.1895,0.39346865,0.0023906678,-20.518555,-71.330444,-59.254395,38.37968,95.49869,556.47095
43.64375,42.88125,1840.8407,0.31804648,-0.0006312967,-2.151123,19.35144,107.25049,56.149353,135.48616,609.18726
43.64375,42.89375,1784.9268,0.40572163,0.00034916773,-7.5319824,-19.364502,100.00818,68.813156,152.16273,620.04126
43.64375,42.90625,1654.5382,0.31450117,2.531107e-05,-4.2197266,-46.952637,19.776123,52.725704,113.966,598.6234
43.64375,42.91875,1625.5443,0.4573032,0.0025180245,-31.920044,-32.44568,23.35315,73.78855,98.96211,460.4912
43.64375,42.93125,1447.5573,0.20114449,0.00036689796,-13.452881,-124.21301,-134.90918,25.119713,123.55768,562.71265
43.64375,42.94375,1507.1597,0.5839302,-0.00089775445,11.496582,-12.677612,-54.046875,72.04686,113.9989,454.18872
43.64375,42.95625,1648.4023,0.049396094,-0.00113403,8.685059,83.10571,72.496826,12.757351,118.401855,436.5166
43.64375,42.96875,1606.6068,0.18068683,0.0010098706,-7.1905518,23.719849,-21.73584,28.284271,76.79681,373.98376
43.64375,42.98125,1525.879,0.062003322,0.00071876467,-4.4711914,-60.710205,-156.14539,5.147815,47.12218,252.2002
43.64375,42.99375,1600.0298,0.08495914,-3.6677407e-05,-2.1009521,-124.354126,-148.15479,22.152878,208.68877,556.7772
43.63125,42.00625,1617.6914,0.32392883,-0.0018656232,27.30481,93.614746,117.09741,50.435604,116.5,497.27563
43.63125,42.01875,1649.8756,0.31423077,-8.377274e-05,0.7011719,104.32593,128.57043,56.373753,151.43233,615.96655
43.63125,42.03125,1520.3165,0.42251733,-0.0047636493,42.03479,-4.836426,-5.6330566,57.21888,162.0162,640.07275
43.63125,42.04375,1397.2955,0.436431,0.0017131025,-39.05298,-150.39014,-115.80188,51.52669,124.462845,572.5947
43.63125,42.05625,1772.9813,0.3424221,-0.0027973547,22.336304,161.76099,265.83545,41.93447,121.73537,586.31165
43.63125,42.06875,1605.3108,0.5319007,0.0008384525,-11.380859,33.348633,101.901,69.56831,171.94621,777.7357
43.63125,42.08125,1604.0936,0.48808905,-0.0036877012,49.00244,213.9552,106.80261,67.8491,195.68948,715.18164
43.63125,42.09375,1140.2157,0.7065251,0.0015497239,-18.571167,-141.87646,-346.89722,64.5,131.7787,571.61633
43.63125,42.10625,1188.2771,0.47370628,0.003727907,-49.27893,-119.36914,-290.97058,54.011574,118.298355,555.8833
43.63125,42.11875,1501.0378,0.14945434,-0.008002399,64.85669,85.94861,26.606323,55.24378,152.7371,717.35706
43.63125,42.13125,1792.5856,0.44330537,-0.0044642277,43.930542,216.49695,299.5183,48.53092,159.64178,709.2422
43.63125,42.14375,1946.2516,0.12225474,-0.0041705878,51.881714,248.56787,411.05603,40.34848,147.52542,638.6389
43.63125,42.15625,1745.6774,0.49473464,0.0034442628,-33.092163,26.598999,169.21143,75.95887,124.75576,607.8064
43.63125,42.16875,1577.3212,0.23368567,0.0060339253,-44.432983,-86.733154,-30.292358,54.593956,115.46536,552.02075
43.63125,42.18125,1693.6135,0.36338738,-0.0021440983,18.523438,46.390625,46.92395,55.769615,136.79181,574.27246
43.63125,42.19375,1586.9589,0.3438129,0.0039782906,-31.732544,-31.074219,-98.13562,60.158127,132.80907,574.27246
43.63125,42.20625,1564.1918,0.30087027,-0.005321813,27.478516,-10.293945,-151.66772,47.222878,89.755226,440.8733
43.63125,42.21875,1522.5222,0.5909469,0.00046827653,-12.481567,-75.69336,-228.73425,58.88973,79.049034,403.19995
43.63125,42.23125,1714.9496,0.40710324,-0.0025807603,4.050537,69.05115,-71.28198,61.404396,75.63233,362.04822
43.63125,42.24375,1828.9792,0.17520154,-0.004621288,47.6344,117.38025,13.563477,39.80264,85.08084,413.6588
43.63125,42.25625,1835.2355,0.46999392,0.004773351,-36.223877,34.815918,-13.451782,57.46303,92.28217,421.84802
43.63125,42.26875,1900.442,0.4729992,-0.0009508195,3.6530762,9.235107,12.727905,52.564247,96.17562,437.75403
43.63125,42.28125,2028.9564,0.42541513,-0.0011165027,11.24707,76.57385,107.76062,40.524685,94.71272,425.53455
43.63125,42.29375,2019.0312,0.27766418,-0.0032732247,23.700317,15.842529,59.901245,53.117794,96.77035,442.8026
43.63125,42.30625,2062.1538,0.4363713,-0.0025249037,18.078247,22.330688,65.14758,51.026955,78.02403,356.11475
43.63125,42.31875,2140.3152,0.09367827,-0.0030232673,19.05542,98.911255,104.34558,27.513634,98.052284,415.72754
43.63125,42.33125,2058.9998,0.14384633,-0.0040888563,24.888428,38.960205,-4.0932617,40.638653,102.92594,415.72754
43.63125,42.34375,1973.0569,0.37503704,-0.002517123,29.25708,-37.89746,-116.14526,42.201897,82.2405,358.86523
43.63125,42.35625,2064.1152,0.45935205,0.0018894604,-3.3952637,-7.2626953,-46.678467,75.21968,93.60288,402.04333
43.63125,42.36875,1968.2827,0.0998579,0.0034014685,-41.497437,-156.80005,-160.35522,32.37283,83.89279,359.85156
43.63125,42.38125,2101.0835,0.3751412,0.0014952874,-7.9333496,-58.672607,-45.021484,48.03124,74.22264,317.9734
43.63125,42.39375,2210.527,0.24009922,0.0024359913,-17.159668,-2.6384277,47.943848,42.725872,66.71581,274.73218
43.63125,42.40625,2288.1462,0.2645256,-0.0010431138,8.861328,49.56665,105.94263,24.768932,50.219517,217.24487
43.63125,42.41875,2231.3342,0.24543786,-0.002861,15.325439,-4.571533,39.466553,23.569048,36.311153,189.81763
43.63125,42.43125,2242.3103,0.21915115,-0.001568953,3.541748,-8.458252,44.810303,19.634153,31.424513,162.79028
43.63125,42.44375,2269.2095,0.08022315,0.0010176974,-11.746094,-10.827637,69.46631,10.173495,31.112698,145.61206
43.63125,42.45625,2251.5762,0.25154546,-0.0036326875,20.620361,-29.340332,55.22461,26.63644,48.4252,242.55469
43.63125,42.46875,2118.4038,0.037449732,0.002856186,-41.418457,-114.93457,-69.235596,33.955853,77.52741,302.96387
43.63125,42.48125,2079.3923,0.3066947,0.0027267563,-27.918213,-100.781494,-99.286865,39.20459,81.03394,328.234
43.63125,42.49375,2025.5809,0.2549941,0.0011778548,-23.722778,-117.644165,-139.00818,31.654383,78.625694,325.92603
43.63125,42.50625,2028.621,0.41292813,-0.00038142124,4.6262207,-82.61658,-114.72522,43.266617,80.82388,342.2069
43.63125,42.51875,2133.8047,0.23201673,-0.0029687372,36.85034,39.289307,11.279785,29.15476,86.80726,348.46826
43.63125,42.53125,2161.9602,0.32047448,-0.0040480085,29.002197,92.44165,56.697266,53.004715,86.29021,359.34082
43.63125,42.54375,2087.204,0.3047643,-0.0049660867,49.03174,56.124634,-6.881592,52.723335,72.18379,308.474
43.63125,42.55625,1978.0735,0.4779116,-0.00057177054,7.3602295,-44.921753,-108.61328,58.243027,76.710495,323.8955
43.63125,42.56875,1996.6604,0.38731542,-0.0017384292,12.27002,-56.356934,-77.11255,64.13852,99.46607,428.83826
43.63125,42.58125,2150.8838,0.26440787,-0.0010656987,18.683838,41.13208,99.73193,52.720963,148.9463,576.7031
43.63125,42.59375,2191.68,0.18655704,-0.00084298645,0.3918457,40.728027,173.13354,39.255573,144.27231,576.7031
43.63125,42.60625,2151.6028,0.32297897,0.0010535248,-7.803711,-6.7929688,167.27783,35.220734,96.82975,497.04102
43.63125,42.61875,2090.6614,0.39043528,0.00021657125,-3.8813477,3.1018066,138.22168,32.132538,123.7962,599.77783
43.63125,42.63125,2040.9894,0.41313812,-0.0056299972,49.427002,136.09204,117.23938,70.8149,166.70332,712.7777
43.63125,42.64375,1758.217,0.54793566,-0.0011549973,25.431885,42.17993,-138.05139,80.23403,149.90413,633.15967
43.63125,42.65625,1536.7224,0.70912015,-0.002330625,-7.149048,-139.61194,-337.01733,67.47407,161.07375,680.1044
43.63125,42.66875,1924.5801,0.07773765,-0.0045674443,50.704468,143.29163,52.496704,56.628174,193.13014,792.8585
43.63125,42.68125,1796.5704,0.64364433,-0.0050735734,26.825562,-82.387695,-100.878296,82.287605,153.67172,701.594
43.63125,42.69375,1861.8121,0.51779085,-9.495614e-05,-15.015625,-94.27661,-75.64722,72.09889,108.96559,500.65283
43.63125,42.70625,2113.464,0.38351238,-0.0024528475,24.740967,76.65076,132.05579,52.810986,98.45303,523.5176
43.63125,42.71875,2116.0786,0.31040254,3.7424943e-05,-0.87646484,23.793945,84.60083,42.97092,173.19643,826.8319
43.63125,42.73125,2037.8046,0.22107159,0.0012485456,-12.112915,-106.161255,-45.1593,39.5664,230.61223,826.8319
43.63125,42.74375,2167.905,0.70708704,0.0034684094,-33.718506,10.315674,45.172363,114.25848,235.99788,799.17224
43.63125,42.75625,2071.4204,0.5161602,0.001948306,-27.307373,-132.52124,-72.062744,87.55284,199.81366,724.06726
43.63125,42.76875,2302.4973,0.2717057,-0.0013514076,6.9086914,28.817139,155.07349,30.240702,116.7326,583.91736
43.63125,42.78125,2234.9912,0.2744304,-0.00022610102,-3.532959,-26.86499,110.620605,20.049938,92.62559,390.07544
43.63125,42.79375,2200.2822,0.16574289,-0.0021446676,13.760498,-22.438477,102.54932,27.92848,104.381516,468.56372
43.63125,42.80625,2160.862,0.25443175,0.00038304352,-7.737549,-25.729248,93.01465,33.652637,122.229294,489.5664
43.63125,42.81875,2135.5823,0.27216873,-0.0008029634,1.7961426,19.40918,124.38013,41.503014,113.63318,504.8545
43.63125,42.83125,2021.1877,0.3642043,-0.0007536719,2.9146729,-14.888062,74.60266,29.702694,78.93827,374.1996
43.63125,42.84375,1991.885,0.15481555,-0.001656293,4.7406006,18.669434,96.40198,36.76615,61.591396,309.46814
43.63125,42.85625,1987.7821,0.34959817,-0.0007378827,15.756714,63.249023,134.39783,34.59046,75.31268,379.77563
43.63125,42.86875,1914.4542,0.15316103,-0.003598661,13.90625,-17.21399,107.5614,38.428505,117.770966,506.60046
43.63125,42.88125,2073.615,0.57641155,-0.000611798,5.8933105,73.13562,303.24084,67.353546,126.18637,506.60046
43.63125,42.89375,2061.0317,0.18630639,-0.0015914614,16.532593,78.09119,339.91724,44.170124,135.04536,571.13904
43.63125,42.90625,1894.1981,0.6512671,0.00025229075,3.7698975,20.720093,222.87512,68.60576,155.78752,565.46313
43.63125,42.91875,1837.4023,0.55140996,0.0007295026,7.714966,48.188354,193.39465,79.03322,165.32393,655.968
43.63125,42.93125,1609.9624,0.2328452,0.005316052,-54.610962,-98.200195,-13.118408,54.728878,174.83778,622.0121
43.63125,42.94375,1690.4805,0.32064205,-0.0032734836,28.724976,12.963989,94.454346,50.653233,132.5415,560.53894
43.63125,42.95625,1691.8226,0.05664078,0.00033189164,-6.1346436,3.3808594,84.94006,13.536986,65.178604,414.00488
43.63125,42.96875,1645.4298,0.077804886,-0.00021231186,1.9256592,-5.116699,-10.914551,13.133925,53.57005,270.24634
43.63125,42.98125,1625.4805,0.23453039,-0.00089433766,10.871582,-4.2145996,-79.17114,33.06811,59.939552,226.47388
43.63125,42.99375,1669.3041,0.1324852,0.00033783593,-0.9448242,-91.221924,-96.493774,23.515951,190.34114,528.2527
43.61875,42.00625,1411.0264,0.64881974,-0.0012647972,-10.439331,-110.04602,-148.25598,71.70251,110.80501,469.2251
43.61875,42.01875,1632.6504,0.4857261,-0.0020608276,14.1188965,22.399902,51.930664,53.884136,116.023705,544.16077
43.61875,42.03125,1784.9786,0.18166815,9.263491e-05,-1.0338135,92.37891,201.32422,24.90482,127.59996,624.6753
43.61875,42.04375,1690.4542,0.31015489,-0.006093192,45.75537,-9.185303,125.30908,51.633324,145.86981,624.6753
43.61875,42.05625,1635.0629,0.19867261,0.00431324,-31.917236,-101.3927,78.12756,45.983692,119.36708,603.4557
43.61875,42.06875,1775.0841,0.44667858,-0.0041872617,32.767334,67.12854,219.19678,71.330215,117.57232,614.2235
43.61875,42.08125,1553.4227,0.3990625,-0.004368207,32.2146,73.42944,12.574463,83.89875,193.13338,792.7456
43.61875,42.09375,1283.8556,0.7260832,-0.0028427963,29.495483,-60.923218,-232.23584,88.682014,144.8128,574.4728
43.61875,42.10625,1285.4049,0.6633759,-0.0021110373,6.9665527,-40.96167,-211.44092,106.10196,144.07376,574.4728
43.61875,42.11875,1353.0565,0.48750263,-0.004837962,27.745483,4.2384033,-128.7976,78.09689,166.5229,720.948
43.61875,42.13125,1420.6614,0.568263,0.00068376894,8.354858,-38.92859,-76.013306,75.24294,204.23332,834.5465
43.61875,42.14375,1566.2545,0.46997815,0.0038918946,-13.835693,-9.790283,24.444458,79.14386,224.58517,834.27734
43.61875,42.15625,1635.2455,0.38638154,0.0007955736,10.444214,30.508423,49.28186,76.360985,203.66333,785.40857
43.61875,42.16875,1544.9945,0.7921071,0.0008793564,7.6384277,-15.570679,-69.26074,97.74073,145.61594,666.4049
43.61875,42.18125,1419.1497,0.7298923,0.00023697279,-1.557373,-113.06372,-236.17786,52.73993,109.43377,516.84753
43.61875,42.19375,1419.218,0.18119887,0.0011809831,-5.6973877,-98.19263,-279.1858,40.205723,87.69835,419.9994
43.61875,42.20625,1409.2733,0.23412377,0.003704207,-44.090088,-119.07959,-325.07544,46.314144,78.28154,371.52417
43.61875,42.21875,1559.0809,0.41598645,-0.0057314234,27.572632,-18.73169,-216.29199,57.2691,87.69692,403.19995
43.61875,42.23125,1612.9739,0.5040278,-0.0035470354,31.327515,-18.108643,-199.47717,62.663784,85.67088,386.99915
43.61875,42.24375,1603.4678,0.23177692,0.0025600833,-14.9696045,-75.31421,-236.84851,41.79414,92.01902,456.5437
43.61875,42.25625,1676.5366,0.33798683,-0.0019830747,16.792603,-62.677734,-191.58606,31.360804,104.42701,438.2528
43.61875,42.26875,1756.0773,0.4789958,-0.0019381433,16.524414,-38.44922,-143.24805,34.583233,110.85125,491.0221
43.61875,42.28125,1737.1996,0.07678436,0.0053130975,-48.09265,-84.05505,-189.29211,37.84838,98.98358,460.54553
43.61875,42.29375,1854.6858,0.28928012,0.005895652,-35.164307,-16.767212,-106.15466,39.544277,103.070366,448.28992
43.61875,42.30625,1846.1516,0.34985146,0.004959336,-33.052246,-74.467896,-149.28369,33.03029,98.754745,439.39136
43.61875,42.31875,1963.8379,0.36085284,-0.0039832518,38.876953,30.866821,-65.94397,57.686653,88.394005,403.50317
43.61875,42.33125,1909.2726,0.3330782,-0.0011790553,19.088745,-57.382812,-142.69543,42.62628,84.99412,368.7671
43.61875,42.34375,2113.4539,0.32651266,-0.002444521,20.556885,95.75598,36.188477,38.013157,81.25731,360.19775
43.61875,42.35625,2098.2432,0.21991332,0.0025572162,-20.217285,12.045898,-3.7961426,22.293497,90.50138,391.03088
43.61875,42.36875,2204.4353,0.21137688,0.0007520607,-6.258545,61.767334,80.6001,23.937418,77.86206,348.8391
43.61875,42.38125,2224.2407,0.18156786,-0.0010702591,14.362061,54.760498,78.63452,29.086079,61.915264,317.9734
43.61875,42.39375,2113.2183,0.26080436,0.0022549145,-22.433105,-90.78711,-52.681396,31.646484,65.8559,277.77148
43.61875,42.40625,2204.1807,0.28482577,-3.9145143e-05,3.8151855,-14.979004,18.449951,38.736286,47.07441,224.62256
43.61875,42.41875,2223.865,0.06402489,0.0012883649,-5.720459,6.7216797,25.310059,12.144958,31.128765,158.03564
43.61875,42.43125,2265.3757,0.032421913,-0.00021260051,1.5534668,29.37207,56.058838,3.8729835,28.035692,127.742676
43.61875,42.44375,2252.1182,0.16988596,-0.002578814,17.923096,-10.465332,39.577637,21.482552,35.41186,172.09619
43.61875,42.45625,2302.938,0.117659606,0.00026863758,0.16748047,30.154785,97.99658,19.052559,46.238514,242.55469
43.61875,42.46875,2312.3154,0.113766864,6.340092e-05,-0.09741211,62.57617,116.33203,14.124447,66.70832,287.09106
43.61875,42.48125,2286.4736,0.19463578,-0.000560035,-2.7277832,73.08838,99.25049,18.411953,73.64442,311.93054
43.61875,42.49375,2288.6335,0.12618773,-0.002810565,26.401855,123.55786,116.940186,23.547823,84.973526,350.11328
43.61875,42.50625,2128.393,0.31233206,0.0024953913,-15.754883,30.381104,-22.225586,39.350986,86.74387,340.44543
43.61875,42.51875,2004.9254,0.4121992,-0.00078918174,-5.819214,-61.26233,-123.52942,41.31283,77.92946,370.1775
43.61875,42.53125,2066.359,0.27475616,-0.000789207,5.352539,-7.626709,-40.661865,44.78281,87.16937,384.62646
43.61875,42.54375,2045.8375,0.31444094,-0.0019794889,9.779175,-16.431763,-45.9281,34.080788,82.95782,393.12927
43.61875,42.55625,2111.7026,0.27953988,-0.0022746325,16.20166,41.1521,31.265625,27.838821,96.811676,442.8391
43.61875,42.56875,2066.8008,0.4398909,0.0039608073,-23.722656,-59.710938,1.7456055,53.3526,96.88653,442.8391
43.61875,42.58125,2242.1936,0.45019504,0.00060493377,-2.881836,23.912598,197.2008,45.491756,95.202415,398.80078
43.61875,42.59375,2374.069,0.02624582,-3.82817e-05,-0.78393555,108.30298,357.72876,5.2915025,82.170555,375.5647
43.61875,42.60625,2153.7913,0.22649819,0.005261611,-40.188965,-44.378174,166.927,48.481956,109.428055,518.0437
43.61875,42.61875,2175.0344,0.38941708,-0.0035078397,54.46997,140.73926,213.52112,63.776955,141.29579,622.6472
43.61875,42.63125,1851.4418,0.7732984,0.0015629235,-10.057495,25.645508,-90.73511,87.173676,159.43336,691.18274
43.61875,42.64375,1506.3938,0.1735859,0.0066479053,-55.46167,-198.97375,-419.60657,44.039753,136.94981,599.7395
43.61875,42.65625,1976.394,0.25474906,-0.008990736,66.35962,193.78748,58.319214,67.37025,170.95833,651.73706
43.61875,42.66875,2064.0635,0.43075025,-0.002735281,14.996582,114.62598,137.06714,51.16151,134.8119,679.43164
43.61875,42.68125,2142.2866,0.23436028,-0.00079369836,7.2316895,137.34277,181.51526,43.382023,111.6602,522.0209
43.61875,42.69375,2043.3424,0.19841146,-0.004584979,37.46228,34.388916,28.930176,56.75826,106.83282,522.0209
43.61875,42.70625,1995.943,0.49455172,6.561687e-05,-12.847168,-85.82507,-73.53894,35.846897,101.619385,523.5176
43.61875,42.71875,2227.4817,0.29694584,0.00020993545,-1.3276367,-28.457764,99.70923,45.02777,170.67513,666.76953
43.61875,42.73125,2536.3984,0.12203437,0.000103595696,1.6728516,127.989746,353.86035,18.854708,156.40813,608.1113
43.61875,42.74375,2472.592,0.10894971,-0.0016258566,18.332764,43.516113,247.20728,21.598612,125.84911,598.0137
43.61875,42.75625,2384.1948,0.28415838,0.0006307991,-6.760742,-5.276367,134.43213,22.549944,89.28886,505.74072
43.61875,42.76875,2415.972,0.067041755,-0.00042358422,3.7558594,47.35327,160.69507,22.538855,68.337395,441.32593
43.61875,42.78125,2423.3994,0.48353532,0.0026645742,-9.64209,67.46338,196.15869,51.594574,77.781746,342.3894
43.61875,42.79375,2408.6836,0.3027185,0.0013047049,2.6652832,78.01538,223.91162,32.42684,78.21445,366.92725
43.61875,42.80625,2308.8853,0.17314702,0.0021805745,-23.691406,5.7060547,170.48877,29.12044,72.814835,351.2837
43.61875,42.81875,2234.492,0.37997866,0.00085635984,1.340332,4.00708,164.79785,42.225586,92.62019,424.26514
43.61875,42.83125,2056.9805,0.2723397,0.0016429134,-15.858398,-73.71484,53.247314,23.64318,97.04381,469.26013
43.61875,42.84375,1957.9941,0.1011878,0.0042094537,-51.793823,-98.493164,6.61792,32.144207,100.24221,513.73047
43.61875,42.85625,1949.8243,0.5074437,-0.002188475,16.292358,-3.1937256,48.461304,69.27482,138.56587,718.4236
43.61875,42.86875,1954.3488,0.4488922,-0.0042881323,35.577515,72.173096,102.132935,104.02163,195.61186,766.95374
43.61875,42.88125,1967.9493,0.43057913,0.00051266834,8.378784,56.36328,149.62036,84.42452,223.26834,781.6315
43.61875,42.89375,1964.265,0.39297333,0.00046087863,-11.073364,13.705933,187.64294,50.204582,173.55475,757.046
43.61875,42.90625,2087.8115,0.1171586,-0.00032369417,7.4350586,160.80249,351.05176,17.74824,133.18315,639.6633
43.61875,42.91875,1993.8201,0.057260197,0.001049602,-7.089966,104.20105,279.62524,11.736694,113.62218,579.7886
43.61875,42.93125,1940.4471,0.16035406,-0.0010883306,11.486572,100.0188,251.41833,20.383818,110.207756,444.0664
43.61875,42.94375,1879.444,0.11062404,0.0012771749,-5.684204,86.74841,222.03662,24.581497,89.47485,375.37244
43.61875,42.95625,1793.8325,0.028815687,-0.0014053986,6.937378,26.409302,130.5227,17.599716,73.30927,350.04663
43.61875,42.96875,1719.5153,0.15073542,-0.0012075127,7.7546387,3.121582,15.45166,18.02082,64.74952,299.75305
43.61875,42.98125,1667.4716,0.040736903,0.00010326438,-3.9837646,-18.509033,-74.946045,5.6347136,43.95452,214.55505
43.61875,42.99375,1674.2681,0.295581,-0.0009334028,3.3189697,-110.56079,-120.06201,39.768078,169.33768,475.75964
43.60625,42.00625,1666.5093,0.47873774,-0.0010642064,13.60791,90.98938,3.7730713,49.335587,115.38522,586.3535
43.60625,42.01875,1526.4926,0.52229995,0.000984137,-21.205444,-122.491455,-150.44202,53.195396,116.680115,589.4763
43.60625,42.03125,1723.1268,0.4015511,0.0022688613,-28.798462,-42.73706,54.26526,53.747093,124.674576,651.5342
43.60625,42.04375,1948.3369,0.3798206,-0.0020448922,20.074951,78.62744,310.45557,52.557114,125.720924,579.01794
43.60625,42.05625,1894.1311,0.36307448,0.001408485,-5.5655518,18.834595,269.7262,52.23026,122.51327,579.01794
43.60625,42.06875,1907.3226,0.6203049,-0.0026504095,41.569336,165.10071,289.73633,76.08712,149.48495,676.7435
43.60625,42.08125,1486.6953,0.46795428,0.00061614456,-4.276245,-1.4332275,-102.22046,61.106464,186.01814,772.0112
43.60625,42.09375,1277.3954,0.5615541,-0.0016617492,9.754272,-149.59082,-270.61304,63.512794,146.15488,659.8662
43.60625,42.10625,1600.2458,0.75960237,0.0012912367,9.602173,122.077515,80.45154,74.27651,193.6666,796.3633
43.60625,42.11875,1257.1259,0.85732454,0.0017956439,-10.112915,-129.55408,-242.06128,105.306694,212.80801,796.3633
43.60625,42.13125,1449.0289,0.7465677,-0.0020022881,35.541138,111.74927,-58.762817,73.14455,142.74672,691.1113
43.60625,42.14375,1475.3748,0.69137555,0.0017726829,-28.380615,29.278442,-77.93787,100.192314,173.54683,763.5896
43.60625,42.15625,1587.6046,0.74401885,-0.001045547,2.9754639,18.73059,-1.3939209,108.353584,181.05386,699.7107
43.60625,42.16875,1728.1394,0.691181,0.0036627715,-22.57483,76.05017,119.265625,85.47514,197.76564,738.16455
43.60625,42.18125,1755.4482,0.2860173,-0.002639693,15.619507,89.47327,105.53821,46.760025,192.34149,685.21484
43.60625,42.19375,1605.463,0.49559227,-0.00039316274,1.1118164,-36.80066,-90.03125,47.27843,172.74982,682.5027
43.60625,42.20625,1545.9628,0.11512226,0.005045908,-39.333984,-99.69055,-185.7633,34.86402,150.53821,651.0143
43.60625,42.21875,1622.1014,0.51175404,-0.002139525,6.496216,-35.183838,-154.34851,51.550945,135.21834,610.8895
43.60625,42.23125,1732.115,0.44136247,-0.00383836,30.310669,37.13806,-88.06189,51.882076,143.41025,578.18274
43.60625,42.24375,1671.316,0.44105884,0.002804442,-26.956787,-57.85327,-178.73486,43.43098,135.96231,553.80774
43.60625,42.25625,1764.9923,0.50406843,-0.0008286864,5.2022705,-10.512939,-113.99414,49.51515,132.75352,559.18787
43.60625,42.26875,1802.8828,0.4263086,-0.0021796618,12.161743,-13.807129,-107.93298,54.77682,126.33487,531.0084
43.60625,42.28125,1833.8231,0.25786316,-0.0053051757,38.244873,14.331299,-102.6438,52.428524,102.248474,500.53186
43.60625,42.29375,1789.9366,0.41264284,-0.00030939726,-0.47302246,-54.849976,-180.35669,51.62606,82.091415,453.6056
43.60625,42.30625,1912.7999,0.1511107,-0.0035953182,38.819824,2.6047363,-86.33411,32.699387,103.768974,456.54736
43.60625,42.31875,1948.1559,0.25115213,0.0025961497,-24.217896,-11.199829,-75.76099,51.259144,101.55787,420.65918
43.60625,42.33125,2072.0693,0.278268,-0.00056275766,14.092773,56.49182,30.8042,33.763885,86.311935,422.2915
43.60625,42.34375,2054.2437,0.1864768,-0.0005788221,-1.6191406,-24.069824,-11.035156,27.3313,57.043842,324.45618
43.60625,42.35625,2180.3438,0.2855212,-0.0009064645,8.150635,28.174316,90.78174,27.568098,67.97426,294.98743
43.60625,42.36875,2242.122,0.29397726,-0.0007287107,10.850098,76.488525,129.0144,36.20083,65.82552,286.1759
43.60625,42.38125,2046.0562,0.047815006,0.00279684,-20.167969,-88.756836,-92.83252,17.986105,54.83612,259.34485
43.60625,42.39375,2158.8035,0.19291697,0.0035025044,-21.557617,-17.927979,-4.6135254,26.46696,61.514225,259.93262
43.60625,42.40625,2206.9185,0.13492174,-0.00041525267,6.936035,4.044922,19.179932,22.38303,42.760963,206.78369
43.60625,42.41875,2199.0452,0.08160201,-0.0008573223,7.6169434,-1.8583984,-6.885498,14.106736,36.02083,165.22876
43.60625,42.43125,2235.7659,0.15603903,-0.0016273012,11.858887,16.244629,17.374023,23.70654,33.13608,151.03857
43.60625,42.44375,2201.506,0.28388384,-0.00021160902,-4.166748,-49.005615,-18.602295,29.487286,42.49706,202.9563
43.60625,42.45625,2308.8928,0.0553731,0.00010415269,-1.6933594,38.433105,95.507324,8.062258,37.516663,176.20654
43.60625,42.46875,2210.015,0.29121763,0.0006755991,-7.7124023,-36.658936,3.3564453,44.3396,55.928524,231.25269
43.60625,42.48125,2130.5735,0.40390828,0.0015210438,-22.862793,-70.081055,-67.448975,42.89522,68.32276,293.49878
43.60625,42.49375,2047.3105,0.17280254,0.002859748,-30.249268,-124.09863,-132.18042,37.7955,75.75289,329.1355
43.60625,42.50625,2102.0115,0.28846496,-0.00037922637,-0.20751953,-52.282715,-53.286133,48.83646,88.20998,345.89978
43.60625,42.51875,2234.138,0.35649744,0.00018724508,-2.9621582,75.191895,99.9563,45.983692,94.06912,363.5099
43.60625,42.53125,2169.8975,0.31182468,0.003553928,-30.14795,-11.112549,55.44922,49.89489,85.08819,367.32104
43.60625,42.54375,2157.6787,0.17735751,0.00022725092,-1.9506836,-10.198975,56.786133,30.504099,78.46336,354.59326
43.60625,42.55625,2171.8188,0.24967885,-0.00059502927,-2.8425293,-8.934814,85.38721,34.849678,79.45124,338.19067
43.60625,42.56875,2298.9053,0.36344197,-0.003031666,23.27002,122.06055,228.34473,33.08323,84.811554,447.59863
43.60625,42.58125,2020.6475,0.13662902,0.00514781,-49.17383,-146.93066,-30.471191,40.577087,108.205826,517.3364
43.60625,42.59375,2278.1204,0.2699596,-0.0011869763,8.718506,81.7605,252.57593,35.623028,119.0126,495.73608
43.60625,42.60625,2215.8647,0.2864678,-0.0054713977,52.117676,70.201416,212.31921,53.62835,136.57416,669.20776
43.60625,42.61875,2085.5652,0.17790908,-0.0029071562,42.8562,107.568726,101.18323,40.65095,156.31938,725.8185
43.60625,42.63125,1905.615,0.5800468,-0.0037503233,34.498413,118.111694,-69.06201,79.61941,153.91313,669.6776
43.60625,42.64375,1538.641,0.26960382,0.0035126533,-48.886597,-210.02771,-429.60828,60.212124,137.60722,576.34656
43.60625,42.65625,1676.2659,0.45335263,-0.0007752026,-32.480835,-191.68665,-294.41162,56.271664,152.2457,669.6797
43.60625,42.66875,1762.7188,0.47961056,0.0012930104,-38.23401,-198.90454,-223.08167,56.273884,122.66519,574.4175
43.60625,42.68125,2018.1628,0.5374673,-0.0041977135,52.889893,17.39563,-8.5703125,59.344334,105.27464,486.07495
43.60625,42.69375,2027.0529,0.64229,-0.00014969143,-6.508911,-28.581665,-63.83191,67.911705,83.6122,452.98523
43.60625,42.70625,2148.9128,0.5037965,0.00043558987,-11.487305,-0.020751953,-2.19458,38.826538,100.36185,570.8331
43.60625,42.71875,2312.0881,0.4273476,0.001404226,-9.794434,-60.198242,102.64819,55.695602,207.37767,745.3701
43.60625,42.73125,2629.1653,0.1271015,0.00030938076,-2.2949219,75.97949,368.76758,20.37155,115.30828,541.06836
43.60625,42.74375,2548.6392,0.25144005,0.00010626417,2.597412,8.525391,249.02197,31.59905,73.00685,351.1211
43.60625,42.75625,2445.4197,0.36550525,-0.0013221622,0.6726074,-23.641602,123.47778,39.768078,80.2091,382.89795
43.60625,42.76875,2297.7068,0.3616582,0.0033429908,-43.135986,-125.98511,-22.938232,56.899033,79.07907,370.0061
43.60625,42.78125,2289.9785,0.49464723,0.0027058881,-33.814697,-101.45923,4.555908,59.008472,87.18085,479.41455
43.60625,42.79375,2337.2395,0.3019331,-0.0018153628,17.564209,39.461426,107.66626,54.931774,142.81807,646.53296
43.60625,42.80625,2322.2131,0.17812172,-0.00061674224,6.01416,113.8811,149.82812,30.083218,171.53134,681.8601
43.60625,42.81875,2346.3105,0.1788373,-0.0014979875,17.683838,148.56396,246.34253,37.62313,161.7498,671.85864
43.60625,42.83125,2276.4832,0.37537625,0.0011017118,-0.7873535,82.87891,238.43457,47.65501,108.752014,616.4906
43.60625,42.84375,2253.1016,0.16496052,0.0022463242,-1.652832,88.58862,264.88635,24.135036,91.66515,423.1233
43.60625,42.85625,2084.2224,0.23348112,0.0013024897,-6.862793,84.34729,144.50757,40.06869,198.27505,806.3678
43.60625,42.86875,1777.7034,0.5514768,-0.0008315726,7.7209473,28.495361,-121.19055,84.10856,204.23393,800.3888
43.60625,42.88125,1445.969,0.44145432,0.0043619513,-52.466553,-192.64294,-425.1018,54.888523,184.4336,741.54675
43.60625,42.89375,1522.2023,0.64252234,0.00022767455,-11.8828125,-141.03491,-316.79944,86.23225,221.25381,774.35583
43.60625,42.90625,1770.3871,0.8389638,-0.0050663305,56.333252,105.849976,-39.524048,141.39307,242.26431,806.44714
43.60625,42.91875,1738.1168,0.36122492,-0.0069773253,68.5448,79.80176,-52.500122,94.8077,246.17169,817.426
43.60625,42.93125,1692.2996,0.2894614,-0.0050269207,40.849243,48.059204,-65.93347,57.27565,236.0535,782.9601
43.60625,42.94375,1656.3143,0.4303713,0.0012071035,-17.808838,30.504883,-61.652344,54.740295,227.01872,749.6925
43.60625,42.95625,1721.2875,0.6533592,6.758743e-05,-6.868408,81.9751,4.826294,83.30666,216.30649,753.78064
43.60625,42.96875,1657.7953,0.19671467,0.0061955284,-38.533813,10.296509,-88.906006,42.18412,162.74059,692.3718
43.60625,42.98125,1749.3506,0.104454815,-0.0005274203,6.5285645,130.42297,-27.95459,12.479984,126.8503,588.4701
43.60625,42.99375,1674.3052,0.14164943,-0.0011465766,11.532837,-40.338013,-145.58264,17.783419,236.11172,762.5049
43.59375,42.00625,1608.027,0.44140583,0.0008151419,-5.5196533,-41.175537,-144.7168,54.168716,144.76532,550.1349
43.59375,42.01875,1934.1362,0.23991518,-0.0038145042,33.18445,162.7555,171.99902,41.80909,129.3184,510.65686
43.59375,42.03125,1721.1868,0.39836514,-0.001490419,9.734497,-113.38574,-26.104614,39.88734,131.26309,636.95483
43.59375,42.04375,1934.7089,0.42071584,0.0010722665,-23.20996,-0.22009277,223.33557,50.376087,104.11532,498.54797
43.59375,42.05625,2046.7928,0.045265477,-0.0034002347,33.471924,102.36218,351.48132,31.61487,107.513954,572.5427
43.59375,42.06875,1594.6228,0.46105167,0.002398493,-45.95398,-181.30847,-84.43152,52.22547,167.13841,701.3413
43.59375,42.08125,1415.5692,0.5051649,0.0031690388,-44.081787,-112.21741,-219.6991,76.55717,188.68161,780.6233
43.59375,42.09375,1346.6481,0.88330454,-0.0012513179,22.411377,-119.06677,-234.68213,76.39699,150.48753,668.24963
43.59375,42.10625,1724.516,0.4896724,0.0011955983,-14.565918,92.68567,177.39099,75.37904,187.3466,763.62634
43.59375,42.11875,1802.8164,0.37060615,-0.0017429433,40.134644,207.17297,278.92773,72.038185,223.18323,895.24255
43.59375,42.13125,1305.4802,0.5838612,0.001714402,-10.240967,-86.25232,-220.79248,81.36876,174.62245,734.57983
43.59375,42.14375,1236.9563,0.5663788,0.00179475,-27.764038,-168.71033,-324.42383,69.74776,190.25969,763.5896
43.59375,42.15625,1545.1628,0.50908184,0.0062485132,-47.639282,-21.206543,-38.888184,82.69976,193.49355,768.1819
43.59375,42.16875,1672.5304,0.5061836,-0.0036093195,27.9375,-51.466553,73.782715,88.24965,158.74113,713.35156
43.59375,42.18125,1806.3656,0.3524485,-0.0021060363,14.466309,-10.156128,168.48352,55.977673,112.735306,531.614
43.59375,42.19375,1904.5568,0.26275912,0.002864815,-30.787476,59.390137,217.28333,49.517673,115.134705,505.72595
43.59375,42.20625,1813.6367,0.47947422,0.0017933112,-17.512573,-39.295776,87.9801,65.218864,125.58264,522.9586
43.59375,42.21875,1918.9626,0.38102862,-0.00422449,20.225098,51.09253,148.32422,63.496063,137.19147,541.08386
43.59375,42.23125,2020.1628,0.15898906,-0.0035943207,31.68335,121.17749,200.35205,34.594074,129.16075,514.91724
43.59375,42.24375,2007.091,0.32006425,-0.0024503917,17.506958,88.007324,149.52039,59.160797,122.57345,515.03406
43.59375,42.25625,1936.4377,0.45236918,0.0046871905,-29.094482,-23.391602,44.971558,59.165024,123.05283,527.6162
43.59375,42.26875,2091.0063,0.17185847,-0.0001791368,5.477539,90.30798,168.35681,29.899834,118.28779,475.49512
43.59375,42.28125,1956.7096,0.36461407,-0.0018181126,7.385132,-28.062012,8.343872,53.858612,125.5229,466.8944
43.59375,42.29375,1911.1489,0.3449761,0.0032261282,-33.352417,-73.456055,-66.43567,46.13838,126.364555,453.96472
43.59375,42.30625,2102.0942,0.36535823,0.0010231287,1.0266113,62.82837,103.28003,43.110325,106.498825,416.12378
43.59375,42.31875,1985.3358,0.21946822,0.0037814367,-37.813354,-48.586548,-30.585938,36.63332,75.95558,328.17017
43.59375,42.33125,2075.7627,0.29633123,-0.0016710254,23.152832,54.68213,48.526123,43.82351,67.36839,314.12317
43.59375,42.34375,2054.371,0.36319774,-0.0026437491,11.234863,-7.0646973,8.0164795,48.38388,67.57218,309.7063
43.59375,42.35625,2117.5195,0.3249794,0.001479797,-17.098389,-9.941162,48.514893,44.547726,79.224365,335.88477
43.59375,42.36875,2133.1187,0.1916062,-0.0013355553,9.393066,7.003662,36.784668,25.913317,80.67528,323.5675
43.59375,42.38125,2109.7861,0.20805673,-0.0005313651,3.475586,3.6748047,-17.130127,31.86691,62.3418,296.73645
43.59375,42.39375,2176.727,0.21355793,0.0024616313,-19.937988,17.169922,21.2583,31.016125,60.44419,288.8722
43.59375,42.40625,2111.1074,0.17750365,0.0008441711,-15.3063965,-78.22681,-72.17871,18.641352,48.04165,238.28271
43.59375,42.41875,2224.9568,0.07453893,-0.00081949215,7.2685547,36.804443,18.435059,14.177447,39.67997,202.26416
43.59375,42.43125,2240.3164,0.15865456,-0.0021308763,18.407715,46.6709,18.125977,26.78619,38.697544,176.59888
43.59375,42.44375,2260.4688,0.20093912,-0.0017430122,13.355469,34.238037,34.17212,24.062418,46.162754,203.05542
43.59375,42.45625,2234.743,0.1526975,0.0027685873,-24.268555,-25.410889,12.12207,26.589472,40.24301,178.65894
43.59375,42.46875,2285.015,0.24372546,-0.002340244,26.598633,45.75,66.85962,35.860844,55.452682,235.8208
43.59375,42.48125,2206.924,0.26207063,0.0012466974,-8.755127,11.242676,-1.9169922,50.71982,65.25335,290.35938
43.59375,42.49375,2253.82,0.18051699,0.0019305795,-11.391357,62.794434,65.747314,30.008331,73.77669,303.19873
43.59375,42.50625,2117.539,0.18142831,0.002413433,-29.058594,-54.605225,-46.093018,28.82707,88.22131,375.70605
43.59375,42.51875,2140.5632,0.26830384,-0.0030926818,19.49292,0.5058594,-3.0917969,45.760246,111.36651,413.9961
43.59375,42.53125,2074.972,0.48515543,0.002300593,-21.742188,-75.53711,-50.15674,67.815926,116.32068,444.9525
43.59375,42.54375,2280.9827,0.3225641,-0.0008347453,8.303711,112.629395,168.09082,35.7701,93.57083,444.9525
43.59375,42.55625,2025.0986,0.139647,0.0038519641,-28.634766,-129.51562,-70.31592,36.912056,115.57898,478.73596
43.59375,42.56875,2177.07,0.46943942,-0.0011486822,4.504883,84.534424,100.20776,48.933628,128.20491,495.93164
43.59375,42.58125,1903.8014,0.51420397,0.0019806712,-18.80957,-138.71167,-152.41882,41.009144,116.86103,516.3312
43.59375,42.59375,2169.3154,0.41031784,-0.0021891103,20.526855,139.04639,134.73547,62.565964,127.44803,545.82043
43.59375,42.60625,1914.3911,0.5772708,0.0027714348,-28.719727,-60.881958,-104.723145,75.87819,155.73375,686.2499
43.59375,42.61875,1816.8059,0.662449,0.0030489222,2.4979248,-45.821045,-192.5249,56.044624,141.03635,630.08215
43.59375,42.63125,1722.5376,0.8098454,-0.0010783295,7.7060547,-79.65723,-287.29492,113.02654,134.91849,560.2571
43.59375,42.64375,1937.6908,0.6652171,-0.003730682,43.812256,75.08887,-73.13159,69.699356,164.6109,694.17773
43.59375,42.65625,1991.6516,0.51903355,0.0026822388,-34.0011,12.972412,-28.956299,47.584137,156.2802,700.80945
43.59375,42.66875,2068.898,0.48970637,0.00032257,5.9836426,54.08618,26.540283,71.763504,138.74257,616.2302
43.59375,42.68125,2049.3928,0.5138889,0.0009816919,-6.947998,45.643677,-39.79883,45.47527,107.3301,527.8877
43.59375,42.69375,1983.7311,0.41412637,0.0022547566,-27.400146,-64.77722,-171.86096,41.785164,88.78345,454.09192
43.59375,42.70625,2271.893,0.13689207,-0.005092148,42.128906,96.198,55.309082,25.377155,111.62661,562.3806
43.59375,42.71875,2506.9053,0.94457614,0.0015783763,6.404541,74.88013,241.89014,110.33812,207.2993,694.18506
43.59375,42.73125,2709.1965,0.100322895,-0.0009022126,11.354248,72.82886,406.97607,24.320772,113.73214,558.7656
43.59375,42.74375,2660.8635,0.10541895,-0.0015889173,17.769775,23.516602,329.74854,18.152134,84.59905,398.10913
43.59375,42.75625,2618.8718,0.15371533,-0.0027150302,22.23877,46.127686,274.4004,19.14419,92.800865,478.76416
43.59375,42.76875,2525.049,0.10985087,0.0014005768,-10.128662,9.79834,190.84937,18.668154,100.12242,445.57202
43.59375,42.78125,2501.8135,0.32341018,-0.00076751667,17.59375,86.36328,210.14673,55.09537,128.37056,569.1516
43.59375,42.79375,2079.7415,0.20351253,0.0030835657,-41.190186,-177.17212,-150.13452,44.435345,160.80112,722.3042
43.59375,42.80625,1923.9982,0.37903056,0.00024408802,-11.349976,-175.20569,-243.20251,50.226986,177.33443,852.3347
43.59375,42.81875,1789.4933,0.5319148,0.0030762893,-34.31787,-234.84485,-310.7445,61.957645,202.36107,754.7267
43.59375,42.83125,1996.0555,0.6787358,0.005229743,-48.67224,-41.75647,-55.64807,117.36588,226.03595,830.4231
43.59375,42.84375,2162.2341,0.64011365,-0.00022284426,10.285156,114.81189,149.62048,78.542984,211.05627,867.0067
43.59375,42.85625,1927.4309,0.9837136,0.0058838017,-41.229248,23.528564,-49.404663,128.40366,250.58432,909.9104
43.59375,42.86875,1522.7948,0.67758495,-0.0016312308,-4.3825684,-188.2279,-424.80823,79.72923,204.61183,800.3888
43.59375,42.88125,1641.1647,0.42514992,-0.0003439859,21.500122,-25.363281,-286.45947,71.52622,207.06883,848.03723
43.59375,42.89375,1666.9644,0.28344452,0.00034824575,-2.244629,8.941528,-237.26074,63.431065,215.01337,862.54553
43.59375,42.90625,1563.647,0.43896928,0.0015370928,2.690796,-34.612793,-316.08167,46.408512,191.12169,781.2743
43.59375,42.91875,1508.714,0.5159836,-0.0018117062,8.692993,-84.23901,-348.9215,65.87678,199.41666,709.7036
43.59375,42.93125,1511.1163,0.27824572,0.0010980214,-19.644897,-90.22656,-303.45618,80.88572,202.35365,732.0869
43.59375,42.94375,1404.1982,0.19174464,0.00097253115,-5.5968018,-147.01843,-361.49817,42.2167,181.43387,691.301
43.59375,42.95625,1304.8312,0.46144474,-0.00057029707,7.186035,-224.11438,-450.66675,71.34336,176.75053,670.88
43.59375,42.96875,1204.3674,0.6474702,0.0090012,-86.70349,-310.6184,-572.1848,104.18193,174.06177,688.704
43.59375,42.98125,1388.8777,0.6135889,-0.005004401,57.734375,-88.18042,-411.4215,102.73936,154.5453,622.8762
43.59375,42.99375,1292.9558,0.334282,0.0020543225,-2.7788086,-328.6129,-541.714,48.545082,297.07028,883.0134
43.58125,42.00625,1622.1624,0.41067412,0.002627073,-26.738647,-131.55396,-184.08472,42.494118,127.62053,527.07446
43.58125,42.01875,1830.8739,0.43107334,0.0036872937,-19.450684,-20.862915,20.73059,64.93073,108.48848,476.61902
43.58125,42.03125,1987.1381,0.1458215,-0.0004108673,4.935547,57.06958,194.59619,24.5204,90.08052,434.5902
43.58125,42.04375,1934.9066,0.31148833,0.00073118636,-8.547974,-43.08899,175.44543,38.118237,80.7171,398.1101
43.58125,42.05625,2044.9242,0.18434052,-0.0006762463,9.284302,83.66272,299.1206,24.94995,107.714905,529.95215
43.58125,42.06875,1888.8231,0.18103696,-0.0012590572,18.289429,88.661865,163.51416,47.267853,175.50854,725.66345
43.58125,42.08125,1648.3643,0.5352425,-0.0055663385,39.57251,97.413086,-22.16333,77.96153,179.01396,742.59094
43.58125,42.09375,1386.6486,0.44721946,-0.002438316,20.581665,-123.37219,-219.1676,62.368862,161.69261,745.62524
43.58125,42.10625,1805.7021,0.44583786,-0.002108642,28.150146,75.88843,234.44617,79.37569,194.84866,832.92224
43.58125,42.11875,1857.4291,0.55873895,-0.0021935008,35.95227,145.3147,308.94885,76.29712,205.20113,810.4564
43.58125,42.13125,1440.3193,0.6087079,-0.005784477,71.8855,8.800659,-106.34973,71.1776,187.22981,781.9404
43.58125,42.14375,1538.3774,0.3765908,-0.008093171,59.137207,179.99353,-33.148438,56.09813,145.2743,602.6864
43.58125,42.15625,1321.2697,0.644891,0.00059886405,-17.103638,-109.5188,-260.32776,98.17459,140.81726,618.40234
43.58125,42.16875,1566.7963,0.70626616,-0.0015904293,0.7696533,28.264282,-25.648071,113.42068,179.42548,765.21484
43.58125,42.18125,1890.779,0.48976445,-0.0006657417,16.312866,147.19763,252.62708,63.958973,173.07224,742.0266
43.58125,42.19375,1910.5345,0.40481347,-0.00035098774,-4.844116,-11.733643,215.33899,56.947346,116.14861,600.916
43.58125,42.20625,1999.8191,0.24968447,-0.0015147307,8.927612,1.0499268,261.00916,34.896275,72.76847,339.35156
43.58125,42.21875,2066.4807,0.1883358,-0.00035910963,14.009766,75.31592,281.8329,25.129663,68.4927,346.83167
43.58125,42.23125,1962.8467,0.39617917,0.001379936,-13.223267,7.679199,129.9292,41.7193,81.83978,378.11572
43.58125,42.24375,1951.9995,0.2819627,-0.0020433387,22.350586,-13.755371,84.69824,50.74692,87.652725,434.3374
43.58125,42.25625,1962.617,0.3212603,0.0034594724,-21.318726,-77.49243,64.6084,42.676105,71.409035,399.62244
43.58125,42.26875,2077.412,0.28746942,-1.0068145e-05,-7.5129395,-32.321533,152.90991,38.28838,65.06535,310.37292
43.58125,42.28125,2163.0405,0.08561252,-0.000653887,11.663086,46.236084,221.65906,29.410883,68.490875,359.59387
43.58125,42.29375,2148.3796,0.087656535,-6.732525e-05,-0.9694824,46.55835,184.08118,11.958261,66.94027,312.17908
43.58125,42.30625,2106.1423,0.32617965,0.00075974414,-13.07666,20.818604,126.170166,33.294144,74.60898,301.4203
43.58125,42.31875,2082.3857,0.1810104,-0.0038728332,34.54895,80.72742,91.21277,43.994316,84.73488,334.4463
43.58125,42.33125,1903.2648,0.13330202,-0.00015541606,-7.4353027,-69.42432,-99.65906,20.248457,59.65945,309.70898
43.58125,42.34375,1959.0686,0.09318348,0.0019908757,-21.798828,-76.87512,-67.57031,16.170961,69.83194,303.34363
43.58125,42.35625,2138.3728,0.29815796,-0.0011958915,3.4326172,56.397705,83.4541,32.825294,63.06346,289.4486
43.58125,42.36875,1982.1973,0.07189212,0.0029432543,-19.563965,-86.257324,-104.82153,19.621416,63.517715,289.85767
43.58125,42.38125,2019.9713,0.39127627,0.0026407018,-26.47583,-65.00696,-103.23596,39.46834,70.2282,287.52148
43.58125,42.39375,2153.9348,0.259462,-0.0004160596,6.8269043,-9.232666,-0.5703125,26.767517,62.23745,295.0863
43.58125,42.40625,2286.898,0.15410152,-0.0022364075,24.045166,96.093994,102.96875,19.157244,53.730812,238.28271
43.58125,42.41875,2180.219,0.31824392,-0.00017265875,-1.3476562,4.2563477,-31.394531,37.91438,51.492718,237.5747
43.58125,42.43125,2145.9233,0.34669608,-0.0005193164,7.2209473,-29.374268,-83.63818,28.213472,46.722584,206.31567
43.58125,42.44375,2168.7659,0.28266624,-0.00061708083,10.140869,-29.019775,-64.70239,31.976553,42.219666,182.1648
43.58125,42.45625,2173.7686,0.32313055,0.0017333432,-20.843018,-57.549316,-56.200928,27.358728,44.73813,211.90308
43.58125,42.46875,2184.5269,0.18711148,0.0027440889,-19.792236,-51.564697,-42.2583,29.571947,48.430363,235.8208
43.58125,42.48125,2113.9915,0.20652997,-0.00010580278,-8.713379,-87.16333,-102.59448,21.29554,67.98897,294.32068
43.58125,42.49375,2121.6516,0.3245373,-0.0012816762,5.0007324,-44.500732,-75.363525,57.280014,88.88194,340.79773
43.58125,42.50625,2118.9653,0.17318946,0.002245207,-14.360352,-3.0097656,-56.442383,39.717754,95.540565,381.35718
43.58125,42.51875,1956.448,0.2727033,0.0003992401,-15.217041,-125.52661,-201.61938,34.532593,87.34701,403.57837
43.58125,42.53125,1908.6814,0.11773884,0.0035053932,-40.590942,-156.40063,-230.9314,36.376503,91.5478,431.71558
43.58125,42.54375,2138.4075,0.3137565,-0.0035122198,31.845215,83.40552,13.9938965,55.848007,109.877205,474.8241
43.58125,42.55625,1934.2333,0.36540055,-0.0011056991,-5.6259766,-94.24304,-171.41516,35.035698,119.967705,505.6725
43.58125,42.56875,1926.7145,0.53363997,-0.0020835015,16.76892,-39.924927,-159.02185,73.095825,103.8316,470.3451
43.58125,42.58125,2002.6273,0.2731766,-0.0081559485,66.95422,71.76648,-64.20569,53.087193,101.94607,495.75427
43.58125,42.59375,1904.9478,0.7311046,0.00081423984,12.087036,-6.0526123,-144.09204,92.985214,106.41428,525.25586
43.58125,42.60625,1841.253,0.7188378,-0.0060624513,46.128418,-11.962158,-197.7804,86.3409,118.1662,561.41833
43.58125,42.61875,1870.3503,0.67838097,-0.00037541433,27.400879,22.851562,-165.24268,95.874916,135.31815,598.09094
43.58125,42.63125,1949.5095,0.6165926,1.9504898e-05,2.515625,16.144287,-92.9281,62.455986,145.21106,623.5409
43.58125,42.64375,1932.5144,0.5294067,0.004463518,-34.859985,-99.79907,-118.525635,48.510307,125.81534,647.9081
43.58125,42.65625,2161.0618,0.45849147,0.0005360879,-5.8220215,23.937988,95.295166,48.52319,108.18503,520.7565
43.58125,42.66875,2105.0488,0.3059538,0.0033814264,-33.773926,-79.9187,12.875244,41.303753,104.93093,479.00305
43.58125,42.68125,2201.1365,0.38518256,-0.0013728893,7.470459,55.029297,58.48828,55.027267,115.527054,504.18164
43.58125,42.69375,2080.3528,0.556641,-0.002276611,11.520996,-33.41748,-128.17896,60.353127,92.43105,452.2837
43.58125,42.70625,2121.1072,0.30425236,0.0029742706,-19.37622,-50.028076,-142.88037,46.13567,94.65992,562.3806
43.58125,42.71875,2263.4417,0.20855579,0.0023790023,-13.587158,-99.67798,-36.621094,36.02083,185.03783,726.2837
43.58125,42.73125,2680.6204,0.9053034,0.0007164333,-8.570068,75.913574,355.4148,108.369736,170.4362,592.3413
43.58125,42.74375,2771.6309,0.11469583,-0.0011541137,15.79541,72.1228,424.10938,20.445047,65.47519,310.39795
43.58125,42.75625,2620.6965,0.28667146,0.0025678447,-19.841553,-27.537842,265.14136,39.319206,69.382996,361.75488
43.58125,42.76875,2580.3054,0.19306321,-0.0020686998,18.008545,3.791504,242.4668,54.00463,82.99097,410.85913
43.58125,42.78125,2396.7168,0.21193407,-0.00017646195,-11.275635,-111.849365,106.86133,51.38093,137.1769,647.6316
43.58125,42.79375,2604.9026,0.10915572,-0.0016912795,23.277344,171.88013,381.5166,32.787193,204.41502,803.3749
43.58125,42.80625,2221.1138,0.5271193,0.000951023,-18.118896,-42.56836,60.727783,97.48333,254.96373,965.8816
43.58125,42.81875,2103.0483,0.5333533,-0.00048327525,12.145508,78.171875,-2.0617676,71.43878,210.13448,966.60706
43.58125,42.83125,1787.4854,0.4418809,0.006407749,-17.506226,-88.92468,-283.35156,71.00704,147.05272,678.43896
43.58125,42.84375,1744.8654,0.65493715,-0.0010701263,2.5947266,-52.399414,-295.37695,113.54074,175.14137,751.4916
43.58125,42.85625,1483.5475,0.39208815,0.0039868183,-56.46875,-246.21033,-532.47986,62.40593,175.88774,802.9971
43.58125,42.86875,1786.7168,0.51382923,0.0019310525,-18.092285,-39.900757,-213.37524,75.198074,258.8827,907.0856
43.58125,42.88125,2173.7666,0.31681502,-0.0022712254,39.781494,196.5227,187.2843,57.449978,239.51826,907.0856
43.58125,42.89375,2027.5251,0.27518663,0.002840429,-19.41919,72.96741,58.889893,31.072496,181.93748,716.82983
43.58125,42.90625,1837.9825,0.4786222,-0.0028860127,7.314087,-36.572754,-108.52722,64.76882,187.75648,775.5891
43.58125,42.91875,1945.4833,0.3361717,-0.0017130958,-1.8996582,81.576904,25.473389,38.454517,181.07181,722.97144
43.58125,42.93125,1857.23,0.42133832,-0.0009487068,0.46704102,20.085327,-14.17334,42.906876,146.81451,674.7168
43.58125,42.94375,1750.2521,0.46981946,-0.0014137849,8.341675,9.727295,-67.48071,49.426712,146.63304,665.32263
43.58125,42.95625,1821.5323,0.31096685,-0.000991613,7.4161377,153.94312,22.386475,34.285564,165.93071,729.9717
43.58125,42.96875,1622.222,0.49758792,9.07005e-05,1.8220215,22.079468,-187.49707,55.13166,195.26712,791.64246
43.58125,42.98125,1574.8121,0.37290454,0.00045636646,-5.3549805,20.29248,-252.05444,46.864166,201.27592,797.728
43.58125,42.99375,1511.8911,0.35485193,0.0023924315,-17.447266,-166.8086,-344.45435,49.5,287.6478,883.0134
43.56875,42.00625,2006.8271,0.18289107,-0.0021917543,18.161377,107.12976,160.10657,34.738308,128.32576,484.96228
43.56875,42.01875,1747.1534,0.30705264,0.0044690096,-43.262085,-155.2511,-99.99646,39.357338,109.243996,499.06897
43.56875,42.03125,2068.3967,0.23663527,-0.0012250995,13.337891,72.0387,239.63782,36.530807,98.23696,454.72742
43.56875,42.04375,2106.959,0.13038096,-8.748095e-05,-0.07885742,56.138916,308.61536,27.973202,67.808556,328.90515
43.56875,42.05625,2094.4075,0.04357719,-0.0022170374,29.012207,131.26135,310.6134,33.83046,135.78383,692.4718
43.56875,42.06875,1803.4443,0.65930206,-0.0023257155,28.60437,61.877686,42.796753,74.94998,203.83203,788.3231
43.56875,42.08125,1376.6084,0.41215906,0.001898108,-11.538818,-157.63416,-325.46216,49.862312,149.98166,646.7771
43.56875,42.09375,1571.6952,0.5356584,-0.0028303955,5.5006104,-33.79077,-64.67578,69.54495,201.71638,781.6179
43.56875,42.10625,1905.5253,0.5343957,0.00018709591,-5.8099365,96.105835,308.55554,71.75479,158.30745,728.69495
43.56875,42.11875,1821.7777,0.48900598,0.002300023,-18.001465,122.74243,252.22559,69.2694,229.31693,874.10156
43.56875,42.13125,1306.4891,0.4504803,0.003863247,-34.633423,-104.62952,-260.40515,73.107796,177.83385,762.47034
43.56875,42.14375,1382.081,0.47180453,0.0023917633,-43.1532,-28.882446,-204.224,69.80688,172.41629,643.4176
43.56875,42.15625,1514.991,0.44036293,0.0024425082,-31.479126,36.249634,-76.175415,82.445435,147.23706,592.24023
43.56875,42.16875,1278.286,0.21337222,0.0011701564,-12.789551,-172.01184,-322.167,32.842426,140.47687,687.36475
43.56875,42.18125,1650.3932,0.26794004,-0.0032036747,36.45984,22.584106,1.8868408,48.744232,209.88033,761.48865
43.56875,42.19375,1932.6826,0.41965893,0.0016854709,-15.293091,54.35913,227.04907,47.52105,156.14177,703.568
43.56875,42.20625,1883.6118,0.41602597,0.005912855,-48.320557,-73.73096,132.28967,64.951904,129.2517,536.5608
43.56875,42.21875,2066.1309,0.06463528,-0.0026047255,29.224365,141.90894,269.6764,38.14774,132.21762,541.0116
43.56875,42.23125,1799.4082,0.47025874,0.00033807848,-3.1728516,-85.245605,-35.7135,66.383354,110.30412,513.5238
43.56875,42.24375,1882.4905,0.4364464,0.0023484621,-14.508911,-43.966187,22.024048,66.18723,115.14122,523.81995
43.56875,42.25625,2050.896,0.18515085,0.00021889366,-6.5178223,-8.549316,165.53223,27.477262,94.17537,416.00537
43.56875,42.26875,2219.633,0.17881483,-0.002360444,25.330078,84.97949,310.97632,30.315012,65.48664,310.37292
43.56875,42.28125,2082.5232,0.15838023,-0.00035095122,-3.2011719,-59.91455,157.23889,25.426365,53.525696,225.94263
43.56875,42.29375,2164.08,0.21362118,0.0002888501,-7.563965,49.92163,215.08435,28.930952,62.521996,328.04395
43.56875,42.30625,2046.4745,0.26317656,0.00015239099,-1.5848389,7.3033447,80.99719,46.51344,99.722115,460.80164
43.56875,42.31875,1904.0377,0.4154712,-0.0008055327,-0.079589844,-36.055786,-73.97522,43.88052,74.665924,383.078
43.56875,42.33125,1922.0565,0.12975316,0.00044267098,-6.4716797,-37.74353,-69.84485,22.338308,79.07117,381.61658
43.56875,42.34375,2129.501,0.3286525,-0.00028655576,12.596924,90.27173,111.42139,33.563374,66.44923,301.5133
43.56875,42.35625,2152.5398,0.33280417,-0.0019526486,25.426025,106.42639,103.46631,41.7193,65.128716,310.8606
43.56875,42.36875,1942.3004,0.1546461,0.0040380657,-30.284912,-98.68591,-141.90808,25.446022,64.2748,310.45264
43.56875,42.38125,2135.11,0.18908525,-0.0005169493,7.5959473,35.111572,12.6875,26.048033,76.67138,291.3568
43.56875,42.39375,2207.8765,0.08721653,0.0009802872,-6.2263184,45.591064,53.330322,12.903488,62.39391,288.47375
43.56875,42.40625,2131.2349,0.43919414,-0.0017121916,6.883301,-37.006348,-52.30786,49.734295,63.30087,282.10107
43.56875,42.41875,2211.0425,0.19381812,-0.00069091236,10.670654,35.536865,-0.06982422,31.424513,58.740955,279.00342
43.56875,42.43125,2281.0425,0.1946864,-0.0011085898,8.704102,65.37549,49.581055,33.69718,74.8131,303.09546
43.56875,42.44375,2272.1086,0.17258114,-0.0032318677,22.625,36.918213,33.924072,27.184555,66.58078,278.94458
43.56875,42.45625,2213.9668,0.35261816,-0.00032905207,-2.635254,-35.75122,-23.120605,36.262928,55.977673,272.34033
43.56875,42.46875,2278.8298,0.06854441,-0.0007280158,6.2233887,34.34619,44.128662,16.124516,61.41661,314.64502
43.56875,42.48125,2162.0374,0.46172005,0.00075669156,3.5698242,-16.004639,-62.709473,61.07782,72.501724,356.67126
43.56875,42.49375,2057.392,0.28429326,0.00042808033,-14.458252,-71.43579,-151.35303,32.80244,69.097755,308.06116
43.56875,42.50625,2175.144,0.2451715,-0.0016290736,22.559814,20.872803,-17.122803,36.721928,105.67876,436.3435
43.56875,42.51875,2308.8264,0.26668936,-0.0013321406,15.826416,139.46582,131.16821,40.06245,106.801216,471.64868
43.56875,42.53125,2160.927,0.21650946,-0.0022943392,24.53955,62.841064,6.0109863,39.780647,107.90041,463.17847
43.56875,42.54375,2081.4783,0.3368354,-0.0042054676,42.35083,67.677246,-52.83911,50.889587,91.019226,431.05334
43.56875,42.55625,2070.9268,0.46391866,-0.0029893962,29.015015,41.428955,-41.704834,42.041645,125.36247,513.09924
43.56875,42.56875,2039.377,0.4020381,0.0009018124,-16.287354,6.7851562,-53.595215,49.709152,148.46886,555.121
43.56875,42.58125,2010.8135,0.5489332,0.000532953,-2.6696777,28.424072,-69.10034,70.96126,134.77203,591.7811
43.56875,42.59375,2103.1646,0.13692294,-0.0046926476,46.59912,196.1914,35.37207,43.52011,133.0047,522.0232
43.56875,42.60625,1680.8256,0.57096833,0.008178858,-62.725098,-186.44043,-381.8446,68.62398,126.394226,555.69946
43.56875,42.61875,2022.7025,0.37532914,0.0008171622,-7.788208,53.23535,-40.98987,56.83089,144.20125,601.0857
43.56875,42.63125,2189.8164,0.25297642,-0.0020822522,25.398926,100.97949,110.72412,39.420807,99.61426,479.00574
43.56875,42.64375,2131.7239,0.29274705,0.0005148364,-21.677734,-23.127686,32.96289,35.0,96.987114,478.12354
43.56875,42.65625,2298.726,0.29294655,-0.0015874049,24.848145,69.576904,178.74951,38.9551,90.04166,465.4204
43.56875,42.66875,2301.5557,0.34341127,-0.0003738168,10.743164,27.34253,153.9895,46.4758,59.581875,298.82104
43.56875,42.68125,2312.8433,0.22465774,0.00022937913,-0.7609863,62.270508,121.83594,29.647934,64.49419,369.08862
43.56875,42.69375,2188.34,0.3122515,0.0020296182,-20.461914,-13.383545,-56.822754,34.110115,74.77634,341.1881
43.56875,42.70625,2195.9614,0.33145192,-0.00016235522,5.920166,-4.190918,-89.84961,45.513733,67.91907,341.5121
43.56875,42.71875,2277.41,0.29649472,0.0017509181,-11.508545,-19.501465,-33.114258,45.574116,99.526375,605.83765
43.56875,42.73125,2511.8093,0.303794,0.000832042,-4.706543,27.178467,183.23682,49.839745,175.16707,598.2239
43.56875,42.74375,2794.4521,0.37597743,-0.0025131137,26.374023,171.76392,450.42017,38.755646,148.20425,578.21704
43.56875,42.75625,2698.528,0.28388393,0.0034884217,-25.966309,77.8064,356.18896,40.099876,137.00912,577.6345
43.56875,42.76875,2634.6213,0.32794628,0.0022315083,-17.719482,67.84717,316.9414,48.851818,144.26712,639.9094
43.56875,42.78125,2604.36,0.3846888,0.0027239681,-20.525146,78.0686,333.41162,50.85273,165.73021,744.5735
43.56875,42.79375,2715.9053,0.24380878,-0.004313877,46.41577,254.90845,506.90283,51.502426,207.82083,752.69763
43.56875,42.80625,2378.6663,0.70871526,0.003465192,-24.927734,90.27539,224.15918,126.88775,236.56711,910.00415
43.56875,42.81875,2055.6323,0.3335405,-0.0009681669,-3.1430664,5.5788574,-57.62207,40.957294,202.02846,990.59534
43.56875,42.83125,1789.9563,0.62471515,0.0031456181,-43.003906,-52.058228,-298.8706,77.996796,145.75237,678.43896
43.56875,42.84375,1634.6279,0.7533661,0.0019340508,-29.278687,-94.90039,-430.40283,77.80746,116.886696,539.26355
43.56875,42.85625,1670.158,0.42457908,0.005290948,-42.539795,-119.9613,-381.8208,53.185993,171.4621,934.5281
43.56875,42.86875,2217.0361,0.9602164,-0.0028539463,35.394043,152.60425,172.22705,119.214096,243.22212,964.4697
43.56875,42.88125,2277.5747,0.1870011,-0.0007232595,10.767578,46.589844,245.24878,20.868637,105.214066,641.5012
43.56875,42.89375,2159.0542,0.19648117,0.00078470964,1.2668457,5.0688477,141.20728,45.282448,109.29776,561.58704
43.56875,42.90625,2084.7798,0.15692113,0.0003901885,-4.675293,-6.3308105,83.555786,31.937439,101.38787,521.26355
43.56875,42.91875,2019.6632,0.1276197,0.0023828691,-19.076172,-27.448608,47.965088,22.254213,82.086845,432.6432
43.56875,42.93125,1954.5508,0.31240988,-0.0016321875,8.034668,-19.851318,35.908447,29.895653,85.073494,446.9818
43.56875,42.94375,1839.1141,0.33204374,0.0019025764,-14.689331,-64.30188,-22.575562,40.413486,101.1311,474.5664
43.56875,42.95625,1861.8463,0.4239269,0.00055521197,3.1817627,8.30835,24.580322,39.54744,111.57509,557.91016
43.56875,42.96875,1740.792,0.21378754,0.0012848421,-22.213501,-55.222656,-102.491455,38.496754,114.672356,563.1223
43.56875,42.98125,1867.2231,0.66461223,-0.0012377629,20.847412,149.76611,8.00415,79.27484,122.23236,585.1323
43.56875,42.99375,1665.2041,0.49154034,0.002619041,-15.851807,-96.58557,-218.91992,56.402573,209.40332,685.104
43.55625,42.00625,2050.1704,0.15132362,-0.0018468829,23.689575,21.612305,169.25134,31.144823,77.91181,454.86523
43.55625,42.01875,1999.3947,0.3330448,0.0019484628,-6.1760254,-18.848389,119.58899,53.357285,99.5088,471.22803
43.55625,42.03125,2017.4944,0.37235746,-0.0021004998,12.880005,-31.003174,159.36853,35.93049,103.12371,539.6581
43.55625,42.04375,2092.829,0.29601038,0.001263602,-12.064453,89.04883,264.78516,37.973675,150.97351,639.73047
43.55625,42.05625,1867.71,0.23842335,0.0007382653,-3.4985352,45.306152,59.09143,34.90344,212.54294,834.42786
43.55625,42.06875,1499.4191,0.30093732,0.0028353878,-37.312866,-105.79016,-282.20032,54.33691,182.27315,781.3932
43.55625,42.08125,1382.1667,0.1545081,0.00253184,-30.442993,-174.14136,-345.20862,52.60228,149.72975,640.41455
43.55625,42.09375,1703.2395,0.46480832,-0.0032824744,26.157104,-30.91809,34.17212,63.674957,192.65903,749.47876
43.55625,42.10625,1938.9532,0.49802825,0.0010380836,-5.142334,118.234985,306.1372,47.89833,140.79506,672.5531
43.55625,42.11875,1534.054,0.37472403,0.0019193057,-16.817505,-64.47217,-72.48657,59.40749,237.6531,882.82556
43.55625,42.13125,1213.2861,0.3846548,0.0030702148,-20.881958,-138.03528,-393.81824,48.800613,135.5369,659.64307
43.55625,42.14375,1435.0062,0.29866475,-0.00036122603,17.254517,-14.3063965,-192.23865,56.63038,204.759,751.5431
43.55625,42.15625,1695.767,0.4662039,0.003843078,-38.692993,73.94299,60.50598,64.94036,162.12572,693.5121
43.55625,42.16875,1489.3602,0.7561373,-0.002557421,22.307983,-58.396484,-158.72156,56.431374,185.72627,693.5121
43.55625,42.18125,1436.5516,0.59494305,-0.0020445234,9.984741,-103.3761,-260.04028,67.16863,185.62866,761.48865
43.55625,42.19375,1735.5044,0.7354894,0.002401915,-27.439331,59.503174,-13.340576,80.377235,211.9882,786.4264
43.55625,42.20625,1613.7488,0.22005819,0.005966245,-37.222168,-113.313965,-171.75476,54.913567,190.11247,758.2975
43.55625,42.21875,1747.2799,0.284514,0.0017433778,-12.913574,-0.48461914,-77.072754,62.203297,160.025,685.56506
43.55625,42.23125,1675.4586,0.52699435,0.0005862388,-3.8267822,-145.08228,-183.34631,67.86015,141.40898,607.5487
43.55625,42.24375,2032.5326,0.37588367,-0.0002836312,9.048096,92.724,155.22717,54.03471,129.51834,547.6559
43.55625,42.25625,2146.43,0.28050178,-0.0017113561,16.731445,84.08081,247.94153,31.780497,80.83007,416.00537
43.55625,42.26875,2083.5923,0.27365416,0.0014276517,-7.9016113,-13.2229,165.90222,43.84632,72.19072,269.77698
43.55625,42.28125,2012.5471,0.09113034,0.002698553,-20.756348,-86.961914,81.3573,17.89553,68.337395,330.09973
43.55625,42.29375,2187.5994,0.18415152,-0.0009787327,15.723389,125.25806,234.08984,32.794815,98.140205,526.2462
43.55625,42.30625,1953.3748,0.2516514,-0.0016716612,16.191406,-1.861084,-17.383057,38.874798,126.76553,534.631
43.55625,42.31875,1768.891,0.114947274,0.005287671,-31.173096,-130.64893,-214.43433,28.89204,84.26298,415.73572
43.55625,42.33125,2039.518,0.21209058,-0.0013925242,15.484009,59.529663,43.33496,40.131035,88.570595,388.27295
43.55625,42.34375,1974.3358,0.08718932,0.0033478483,-32.264526,-46.71753,-49.221313,24.04683,74.52348,409.52368
43.55625,42.35625,1917.7125,0.3252705,0.0015871172,-16.440063,-64.41785,-136.62317,33.50746,80.1483,409.52368
43.55625,42.36875,2021.4861,0.32841495,-0.00024591404,-1.1746826,7.2248535,-68.51929,44.311398,91.18251,384.89197
43.55625,42.38125,2188.603,0.09658257,-0.00012253238,2.99292,92.91333,60.730957,9.874208,80.66288,340.86646
43.55625,42.39375,2005.5198,0.22841455,0.006581746,-43.389404,-124.63013,-155.35986,38.716923,62.805256,280.10876
43.55625,42.40625,2194.2822,0.0885781,-0.0003816749,5.011963,34.295166,3.0427246,18.248287,62.92853,347.56018
43.55625,42.41875,2253.4531,0.20069876,-0.0011544408,1.9106445,30.026367,33.91382,34.81379,68.74954,331.90283
43.55625,42.43125,2293.9888,0.34034693,0.00031779823,-3.848877,4.35083,54.171143,56.0357,59.122753,243.49438
43.55625,42.44375,2299.5881,0.18210535,0.001927543,-19.789795,-14.414307,55.11841,29.983328,47.649765,209.2522
43.55625,42.45625,2334.0981,0.244909,0.00017431677,5.442871,14.756836,91.05542,35.9444,50.53217,220.7168
43.55625,42.46875,2387.5676,0.09920318,-0.0017594479,27.774658,104.10083,147.23047,31.984371,75.52814,319.42773
43.55625,42.48125,2247.9385,0.26666895,0.00077517383,-3.1464844,33.46924,16.825195,37.349697,79.65551,355.07922
43.55625,42.49375,2228.7122,0.17125411,0.00029056592,-3.772461,20.595703,12.932617,22.901964,82.719406,349.5448
43.55625,42.50625,2269.5977,0.26239997,-0.0008533137,1.487793,-5.022461,69.65552,46.15734,91.39201,405.6101
43.55625,42.51875,2285.6328,0.4148553,0.001350968,-17.110107,13.9938965,101.1333,44.961094,91.31812,417.21472
43.55625,42.53125,2255.1238,0.1430918,-0.0019987074,25.790527,115.75659,96.940186,25.612497,122.09832,538.308
43.55625,42.54375,1902.3354,0.030262278,0.0063869515,-42.035645,-161.79346,-232.69019,35.784073,98.20641,409.59778
43.55625,42.55625,2153.8794,0.4602609,-0.0011962677,4.036133,2.7392578,41.03784,62.136944,125.96428,485.52112
43.55625,42.56875,2304.642,0.16699472,-0.0010672958,12.744629,119.21753,209.35791,30.683872,104.21372,448.41138
43.55625,42.58125,2136.496,0.38503873,0.0004361096,-11.2404785,34.561523,48.567627,46.631535,108.89674,554.34607
43.55625,42.59375,2063.546,0.4547478,-0.0018159851,19.91333,104.62048,-20.760742,65.58773,146.7336,570.9408
43.55625,42.60625,1943.2706,0.91253793,-0.0040760706,41.19458,3.6503906,-143.37732,91.75238,132.30363,565.22156
43.55625,42.61875,2178.5376,0.26569048,-0.0033021753,30.98169,109.40381,84.234375,39.08964,101.266975,607.8041
43.55625,42.63125,2176.4978,0.26836646,0.0037728832,-22.563965,21.308105,59.432617,46.465042,83.32467,378.82947
43.55625,42.64375,2246.6567,0.20294392,0.0041623125,-29.317871,23.49585,104.196045,34.256386,80.454956,374.93616
43.55625,42.65625,2356.2856,0.18759903,-0.0011901718,13.9021,75.54175,189.97852,26.720778,71.470276,299.7317
43.55625,42.66875,2355.3708,0.041344274,-0.00094479334,9.787598,44.34961,163.18164,16.015617,52.5357,246.49731
43.55625,42.68125,2310.1064,0.020790996,-0.00044912085,1.7856445,8.732666,86.23364,7.5498343,43.617657,253.02515
43.55625,42.69375,2291.1987,0.1486792,-0.0022376017,20.47705,26.49707,29.5083,28.363708,49.487373,263.18018
43.55625,42.70625,2286.874,0.03956793,-0.0016618462,19.987549,45.75708,-0.14941406,19.196354,43.57752,217.78052
43.55625,42.71875,2241.6528,0.3273832,0.0006412016,-0.34204102,-18.916016,-60.4375,30.88689,74.62908,419.1057
43.55625,42.73125,2303.1333,0.31687176,0.002295445,-18.229004,-10.234619,-12.026367,42.023804,157.4103,781.2689
43.55625,42.74375,2335.535,0.21606487,0.00024084449,-0.83251953,-49.15625,11.129883,46.06517,210.40437,793.4198
43.55625,42.75625,2368.5269,0.24113072,0.0013498976,-3.6108398,-43.51709,52.122803,40.27406,227.35545,794.7478
43.55625,42.76875,2280.329,0.47397426,-0.0011493338,3.5668945,-69.984375,-4.8413086,86.66314,273.76816,970.88403
43.55625,42.78125,2167.7688,0.5143521,-0.0027840314,8.999268,-82.36914,-74.28613,81.304985,298.6143,997.78577
43.55625,42.79375,2031.0464,0.53101224,0.000874773,-1.0819092,-102.94409,-156.7334,73.86305,274.1651,1009.9292
43.55625,42.80625,2024.3882,0.3992443,0.00093177566,-9.9626465,26.415161,-117.82861,56.462376,214.1559,1040.1538
43.55625,42.81875,1870.6582,0.591959,-0.0013912313,26.38977,-13.931152,-243.79102,68.421486,144.62106,751.39734
43.55625,42.83125,1754.6503,0.29733497,-0.0019706525,29.774902,-57.107178,-345.62854,60.940544,112.40663,486.09583
43.55625,42.84375,1929.969,0.5039382,-0.0033758166,42.51416,102.16724,-156.42065,57.926678,122.26406,612.64185
43.55625,42.85625,1841.9838,0.2975943,0.001600528,-22.765259,-136.31104,-239.7218,39.37639,204.25046,1018.4326
43.55625,42.86875,2393.243,0.6633108,-0.007136294,50.452393,156.89233,309.19995,85.10288,229.75095,912.59143
43.55625,42.88125,2372.7908,0.23003373,0.0025822688,-16.68164,10.313477,294.7539,32.233524,94.40868,457.4668
43.55625,42.89375,2330.141,0.21180476,-0.003429841,18.798584,49.710693,258.48193,40.124805,91.90756,430.99
43.55625,42.90625,2224.145,0.27328792,-4.0080562e-05,-4.8171387,12.202148,163.33813,41.490963,77.136246,386.03015
43.55625,42.91875,2136.369,0.26350534,0.0016671513,-26.095459,1.4641113,107.67993,34.256386,87.47571,455.38892
43.55625,42.93125,2071.3643,0.26504546,0.0028956728,-16.986328,31.22754,98.18237,34.154064,102.46707,562.1343
43.55625,42.94375,2094.2234,0.12653214,0.0009929285,10.18042,137.85864,177.82715,29.086079,130.08267,619.7671
43.55625,42.95625,2075.8308,0.16489471,-0.0045999265,42.708252,197.50879,184.68567,29.051678,143.11185,607.57544
43.55625,42.96875,1825.799,0.40708795,-7.826707e-05,-4.7633057,30.718018,-67.46948,33.977936,140.26315,645.51184
43.55625,42.98125,1641.2483,0.65568644,-0.0058508045,45.207275,-63.313843,-263.3634,102.88586,125.59657,585.1323
43.55625,42.99375,1641.2882,0.64528424,-0.0049166023,64.50256,-129.55322,-279.08057,101.624306,200.79031,685.104
43.54375,42.00625,2061.6274,0.21393657,0.0017001241,-15.112061,-7.076172,114.53882,29.91655,85.091125,453.2091
43.54375,42.01875,2172.0972,0.13133386,0.00047111188,4.343506,122.2749,235.8866,17.14643,110.68198,562.1239
43.54375,42.03125,2181.7979,0.38757956,-0.003266696,30.978271,199.06274,275.5161,41.946396,153.61234,753.70996
43.54375,42.04375,1670.7906,0.5241404,0.00479924,-48.963135,-144.46606,-195.87805,76.90416,214.57225,793.16626
43.54375,42.05625,1586.2186,0.8077421,-0.004554035,43.282227,-68.14929,-244.76074,76.30039,174.12567,735.3661
43.54375,42.06875,1478.429,0.58464915,-0.00052588,-1.6842041,-127.91907,-318.17725,81.06325,162.77745,682.98096
43.54375,42.08125,1756.0468,0.4010319,-0.0034459634,41.3114,65.89685,10.288818,61.306606,199.80553,806.4463
43.54375,42.09375,1948.0165,0.37674543,0.002660658,-20.989258,86.22949,256.0902,58.687733,163.84291,766.00635
43.54375,42.10625,1923.506,0.48070064,-0.0041964496,28.430298,123.04248,265.4718,63.38178,190.49016,772.5066
43.54375,42.11875,1436.5396,0.58177984,-0.0009408968,-9.026123,-58.670288,-195.09485,50.5198,214.3671,756.50574
43.54375,42.13125,1205.7698,0.21031228,0.0021508762,-15.221924,-127.62683,-423.94836,23.59555,95.73466,427.39868
43.54375,42.14375,1503.612,0.22228038,-0.0014340415,12.234253,24.784302,-146.98645,48.18454,179.60652,737.47217
43.54375,42.15625,1795.2682,0.4590507,0.00010293869,2.0076904,88.218506,129.33203,79.303215,149.21042,597.20984
43.54375,42.16875,1783.7034,0.38598645,8.7227505e-05,-2.9886475,63.525146,95.132324,54.23329,178.00562,690.8622
43.54375,42.18125,1637.2057,0.74821156,0.00049315946,12.042114,2.7630615,-100.57312,109.67224,186.87764,690.8622
43.54375,42.19375,1530.4264,0.65051824,-0.0073284274,52.698242,-53.497803,-253.71204,101.08165,166.23402,658.6499
43.54375,42.20625,1582.6077,0.74686795,-0.0015345996,25.595215,0.41931152,-230.24512,89.822044,133.97855,574.8943
43.54375,42.21875,1778.9666,0.36176193,-0.001004925,0.93200684,83.77576,-65.92041,83.95386,155.30534,714.9347
43.54375,42.23125,2017.3485,0.55750525,-0.002239952,30.528198,192.25208,141.72668,72.51207,140.68138,586.1432
43.54375,42.24375,2056.4006,0.26517692,-0.0016650102,26.986572,110.01819,166.32751,49.28996,121.723045,558.4636
43.54375,42.25625,2027.8036,0.0868351,0.00077113,-2.3771973,-9.10376,119.51123,27.124712,59.255802,323.45557
43.54375,42.26875,2109.0818,0.22969225,-0.0008725772,11.556152,74.13562,185.1825,35.50352,70.270905,399.9756
43.54375,42.28125,2068.224,0.35193893,-0.0009721637,16.338623,77.739624,132.5603,46.872166,118.61387,587.96375
43.54375,42.29375,1957.569,0.18465823,-0.0030981754,22.412964,48.249878,-1.7021484,48.150806,153.098,587.96375
43.54375,42.30625,1703.4464,0.2637893,0.004131614,-39.57776,-133.0846,-278.5393,44.05678,122.1628,579.0571
43.54375,42.31875,1959.9575,0.33891463,0.00064476073,-8.410889,108.1167,-38.57617,45.15529,104.61597,437.10254
43.54375,42.33125,1895.8453,0.44569826,0.0029731845,-27.083618,-29.730103,-118.11853,51.176167,115.53138,462.43506
43.54375,42.34375,1960.4796,0.58533293,-0.0045743207,39.658936,5.1154785,-80.95679,73.14198,96.13922,431.39783
43.54375,42.35625,1891.2412,0.49637428,-0.0010042557,3.3934326,-65.16553,-180.83301,52.690132,75.486755,367.78137
43.54375,42.36875,1927.9532,0.34376237,-0.00047853927,-7.5200195,-95.73755,-181.32947,43.12192,108.84967,463.05994
43.54375,42.38125,2108.2236,0.3370893,-0.0012952791,14.478027,-16.182617,-39.138184,59.803844,103.55916,449.0581
43.54375,42.39375,2183.677,0.21249025,0.0006074425,-4.715576,0.067871094,2.371582,26.888659,93.43447,396.65466
43.54375,42.40625,2169.6223,0.19626957,-0.0008829798,3.6271973,-57.34546,-41.52832,26.182055,74.933304,362.3617
43.54375,42.41875,2193.238,0.11349718,0.00054762256,-7.7128906,-80.514404,-44.689697,19.949938,58.87699,255.32983
43.54375,42.43125,2328.4463,0.1650329,0.000794857,-6.7680664,26.316895,73.301025,18.69492,46.952103,201.7019
43.54375,42.44375,2359.414,0.14447482,-0.0018292393,16.12915,38.727783,101.896484,20.639767,43.692104,181.5376
43.54375,42.45625,2357.39,0.18809421,-0.0025604686,27.666016,9.989014,103.711426,29.949959,33.970577,163.16553
43.54375,42.46875,2347.9385,0.21918787,-0.0021753735,25.213867,17.560547,101.25171,39.312847,54.73573,223.92896
43.54375,42.48125,2198.497,0.2006176,-0.00027848073,-1.557373,-68.31665,-37.352295,25.029982,68.40321,269.96094
43.54375,42.49375,2200.216,0.2827927,-0.0025848493,15.47876,-31.909668,-18.670654,36.311153,67.91539,323.15015
43.54375,42.50625,2352.3555,0.18760422,-0.0017231801,24.598145,81.38843,151.37402,37.65634,96.73934,387.47974
43.54375,42.51875,2274.7378,0.4678373,0.0013010344,-16.700684,15.26001,92.958496,59.569286,113.70136,468.59985
43.54375,42.53125,2026.5131,0.2579145,0.0016333156,-17.774048,-127.07922,-127.854126,57.72348,126.597786,524.72925
43.54375,42.54375,2055.35,0.45352978,0.00015366856,-13.413574,-79.88794,-77.01758,49.507576,111.43608,445.57397
43.54375,42.55625,2270.7573,0.15319808,-0.0013690969,13.230957,28.253174,158.9563,25.258661,96.60228,469.88647
43.54375,42.56875,2265.056,0.39113805,0.0044776383,-27.404297,26.335938,165.35791,57.5326,109.24743,552.46436
43.54375,42.58125,1979.3173,0.7105959,0.002250936,-32.66089,-106.065796,-120.10095,82.36959,157.23232,605.874
43.54375,42.59375,1794.1317,0.56719303,0.0011917709,-17.455933,-175.62146,-311.62024,66.856186,134.93517,532.6531
43.54375,42.60625,2066.9905,0.85502744,-0.0036688594,8.59375,31.609863,-49.67627,70.377556,147.38385,609.70386
43.54375,42.61875,2099.915,0.26454702,0.00034795707,-7.9404297,-52.89453,-34.374756,39.69257,101.796364,483.662
43.54375,42.63125,2049.6575,0.433749,0.0010034008,-16.700195,-126.8186,-116.27026,36.117863,88.34874,378.82947
43.54375,42.64375,2134.6123,0.4552194,-0.0017857685,2.2983398,-71.161865,-60.23047,51.79286,87.3012,374.93616
43.54375,42.65625,2248.2195,0.45126113,0.0025870965,-14.519287,-19.458252,27.829102,52.68776,83.985115,338.6941
43.54375,42.66875,2403.0522,0.105005324,-0.0027791543,21.790283,95.78833,161.49438,20.976177,62.78137,285.45215
43.54375,42.68125,2362.3823,0.11723298,-0.0017849309,11.904053,46.29492,102.93555,19.621416,43.891914,240.99536
43.54375,42.69375,2309.4617,0.099702835,-9.873686e-05,2.3745117,6.491455,26.4917,8.3666,35.832947,208.17432
43.54375,42.70625,2254.1191,0.13309667,0.0017472156,-11.37207,-27.77002,-40.167236,15.378556,39.319206,270.96558
43.54375,42.71875,2311.0142,0.18551528,-0.0020044288,13.985352,51.15161,12.5407715,18.05547,54.15256,262.49243
43.54375,42.73125,2213.8354,0.2417935,-0.0009501023,8.644531,-13.345459,-89.42847,33.090786,74.83983,332.95935
43.54375,42.74375,2077.18,0.47994646,-0.0007831088,-2.3359375,-113.80444,-227.9851,41.18252,95.4306,439.2567
43.54375,42.75625,2138.659,0.50385904,0.0021700389,-16.694336,-14.748779,-155.22217,52.97641,110.59837,529.93604
43.54375,42.76875,2110.1023,0.47084665,-0.004096951,35.994873,23.655518,-152.16724,71.871414,120.97314,531.73267
43.54375,42.78125,1993.9542,0.61229736,-7.277868e-05,2.1904297,-55.81482,-230.54846,92.17239,123.7962,523.7916
43.54375,42.79375,1964.5596,0.44895574,-0.0018828855,16.896362,-44.50232,-208.58813,48.420036,138.00725,579.0659
43.54375,42.80625,1882.0801,0.32159764,-0.0037850018,28.891968,-19.163208,-251.99365,66.99813,120.10516,576.7612
43.54375,42.81875,1973.6179,0.6238135,-0.0017867583,21.339966,97.90906,-144.36426,65.800835,117.30622,464.70776
43.54375,42.83125,1965.1102,0.39175686,-0.0056384043,41.78528,67.2113,-155.17297,56.11818,111.69266,464.70776
43.54375,42.84375,2046.7714,0.19376872,-0.004183628,30.86499,91.44592,-77.65173,42.88065,114.04604,542.0149
43.54375,42.85625,2165.8423,0.27349776,0.0007424195,-3.9716797,-13.706055,32.789307,50.408333,239.17986,911.64734
43.54375,42.86875,2563.9854,0.25201416,-0.0016744109,15.4001465,141.07104,412.9109,31.898275,197.95833,877.5791
43.54375,42.88125,2424.6953,0.335751,-0.0009404885,-0.9909668,-65.26831,263.86523,40.336086,86.81878,417.5078
43.54375,42.89375,2405.151,0.35170454,-0.00033338834,9.683594,-15.067627,234.12671,56.044624,106.54107,489.66016
43.54375,42.90625,2323.6687,0.17411016,0.0021331988,-10.409668,-14.250488,148.3125,44.726948,116.73474,537.9844
43.54375,42.91875,2249.6155,0.17872922,-0.0061532944,53.720215,61.472412,99.60669,51.975956,149.08722,724.78296
43.54375,42.93125,1905.9045,0.28535363,0.0027420209,-39.921143,-96.58838,-184.17505,66.65583,142.81107,562.1343
43.54375,42.94375,1687.4812,0.08960884,0.0040351464,-37.592773,-226.63391,-342.3993,34.586845,152.5336,637.7195
43.54375,42.95625,1728.3273,0.253642,-0.0022102545,18.921387,-166.94556,-269.18347,47.846107,171.21478,705.42163
43.54375,42.96875,1819.3936,0.5857902,-0.0028417988,24.709595,-34.61316,-164.99329,118.61703,185.27412,771.4689
43.54375,42.98125,1829.8096,0.52047783,-0.0006184139,10.856201,48.260498,-151.1167,61.834457,158.7002,739.68286
43.54375,42.99375,1815.8048,0.31656834,-0.00015982316,-6.5167236,-31.858032,-165.4657,39.150352,163.65436,624.5707
43.53125,42.00625,1944.237,0.43302876,-0.00281948,13.254028,-40.16284,-52.632324,70.804306,143.83585,634.0969
43.53125,42.01875,1807.223,0.5293448,0.0017965416,-19.419922,-78.94946,-175.94849,63.037685,190.34245,767.1116
43.53125,42.03125,1833.6006,0.6832226,-0.0018561018,32.19861,77.7677,-114.15259,91.405685,197.0184,770.9962
43.53125,42.04375,1456.7388,0.7790223,0.009507964,-49.203247,-218.33325,-446.50134,69.86057,180.63222,782.17285
43.53125,42.05625,1794.311,0.5726197,0.0011351437,-5.65271,44.7146,-61.894043,81.129524,241.60246,914.5427
43.53125,42.06875,2014.9426,0.31281123,-0.005468882,39.18274,131.65088,198.91565,52.756516,254.69688,916.2051
43.53125,42.08125,1977.0272,0.41507936,-0.0021514567,21.666992,31.466553,206.17114,70.06604,197.57024,834.6041
43.53125,42.09375,2029.8823,0.35494164,-0.0013012479,4.255005,113.66138,308.47314,47.505264,163.43576,719.52124
43.53125,42.10625,1736.1703,0.6176617,-0.0033824844,30.394287,38.566772,48.75244,77.27225,235.0819,914.4363
43.53125,42.11875,1391.8568,0.38267896,-0.0030961253,23.747437,-22.89624,-270.22388,53.06953,171.21368,725.08813
43.53125,42.13125,1326.8835,0.336464,-0.0008867555,-1.8048096,-58.724487,-337.96814,63.939423,145.36678,657.47327
43.53125,42.14375,1413.4733,0.45941082,0.0031956288,-39.657104,-137.22754,-279.03186,71.83662,159.97734,743.3876
43.53125,42.15625,1562.0225,0.17255612,0.0052394136,-51.804443,-144.82788,-154.71094,55.919586,148.03209,616.3718
43.53125,42.16875,1909.4758,0.54111284,0.0016781623,10.025024,81.455444,159.58765,65.86919,141.11697,630.00793
43.53125,42.18125,1900.394,0.38301238,0.0029372561,-20.662231,37.18579,104.65027,39.156734,140.28365,633.3102
43.53125,42.19375,1673.8197,0.46831143,0.0029595282,-38.241577,-49.661377,-154.68018,59.45166,186.03696,771.8804
43.53125,42.20625,1495.556,0.50792676,-0.004429594,30.06604,-108.60278,-350.69983,61.67455,132.70644,564.1975
43.53125,42.21875,1646.239,0.31784472,0.00068533554,8.60437,-14.384888,-220.09473,61.326992,170.91373,714.9347
43.53125,42.23125,1687.3102,0.5828163,-0.0038333838,17.462769,-41.960205,-197.11401,69.51618,189.85982,674.78516
43.53125,42.24375,1893.4961,0.53662926,-0.0015578606,8.841187,80.075806,8.338013,47.58939,189.92761,667.40845
43.53125,42.25625,1963.1332,0.53667825,0.0006759751,4.192871,56.43872,68.84473,49.411537,169.87936,694.7594
43.53125,42.26875,2008.7595,0.115860954,-0.002581742,26.270142,112.559204,103.23877,28.057976,170.16095,641.235
43.53125,42.28125,1783.3932,0.5328006,0.00060961733,-13.545044,-35.892944,-138.74963,46.78942,150.20735,611.75525
43.53125,42.29375,1631.0854,0.38668355,0.0012081668,-22.611328,-143.8728,-323.3474,44.034077,105.0607,494.4995
43.53125,42.30625,1730.6749,0.6947072,-0.00024894177,2.751587,-66.31055,-255.79163,68.08634,88.12208,396.76587
43.53125,42.31875,1671.3231,0.22053052,0.0013550902,-39.753296,-155.48962,-343.48242,38.568123,93.230896,422.8645
43.53125,42.33125,1780.4125,0.4618448,0.0016935199,0.15466309,-78.970825,-261.5608,68.51277,94.08905,418.30518
43.53125,42.34375,1981.4125,0.17670119,0.00018799836,2.713379,51.823853,-96.24768,34.452866,95.82536,435.88806
43.53125,42.35625,1975.9849,0.5110292,0.00082585326,-20.702026,-36.10547,-139.54785,61.90517,86.94251,394.47156
43.53125,42.36875,2012.3749,0.4131571,0.0008535682,-31.9917,-71.42761,-144.50574,44.704586,90.88179,436.7827
43.53125,42.38125,2107.5286,0.37650332,0.00065349095,-15.197754,-60.61499,-86.02905,50.224495,81.29883,408.9994
43.53125,42.39375,2261.8398,0.28869852,-0.00092009176,10.565674,34.506836,37.246094,49.061188,63.761272,277.08447
43.53125,42.40625,2325.9082,0.111058645,-0.0006220704,6.838867,75.372314,74.56714,16.477257,60.798847,260.89966
43.53125,42.41875,2337.6475,0.04332089,-0.0011916747,8.194824,74.93555,64.98706,12.020815,58.694122,237.37646
43.53125,42.43125,2225.1475,0.12804419,-0.00014057591,-4.0078125,-39.62793,-59.61133,17.088007,49.62862,213.84229
43.53125,42.44375,2320.0903,0.048074346,-0.0004790431,7.4921875,40.95752,37.019775,15.953056,46.70653,198.59814
43.53125,42.45625,2352.279,0.11416646,0.00029571677,-1.6386719,35.264404,77.346436,17.804493,45.18296,188.56665
43.53125,42.46875,2334.1086,0.11842821,0.0030257627,-21.445068,-2.5246582,68.45337,24.525497,42.673176,204.17285
43.53125,42.48125,2249.526,0.2752953,0.0024553416,-27.567871,-54.82251,-5.3449707,38.542183,74.37069,283.99194
43.53125,42.49375,2307.5896,0.37381658,-0.0018235106,19.869873,66.37866,70.954346,43.185646,82.33772,344.63257
43.53125,42.50625,2070.4656,0.28404352,0.0023062578,-30.506836,-132.48022,-144.37793,33.88215,91.27979,405.24744
43.53125,42.51875,2107.0664,0.43423304,0.0027800724,-19.504883,-47.020508,-88.569824,78.8321,112.54999,444.53442
43.53125,42.53125,2062.9978,0.45896938,6.397303e-05,-2.2873535,-86.79443,-104.76758,58.348095,109.48287,441.08228
43.53125,42.54375,2294.1873,0.08280584,-0.0006539053,6.5134277,73.31665,144.71191,15.182226,100.58081,430.92505
43.53125,42.55625,2347.3296,0.15885891,4.1669996e-06,6.8496094,77.65137,212.08838,26.1916,83.26464,370.2605
43.53125,42.56875,2244.4705,0.6588665,0.00095057354,-6.4555664,62.73877,113.56128,76.50817,150.93376,583.1904
43.53125,42.58125,1819.7576,0.46340263,0.0036217268,-40.596436,-221.12964,-315.5708,55.937466,157.66103,605.874
43.53125,42.59375,2164.3105,0.61024755,-0.004061604,43.164062,128.21521,16.725342,73.24957,154.70052,609.95825
43.53125,42.60625,2028.3309,0.30473262,0.00454254,-46.23523,-120.41785,-136.5282,60.975407,127.30279,623.25806
43.53125,42.61875,2194.3704,0.36248022,0.0041400786,-44.089355,-42.961914,8.804932,44.0284,87.44427,359.80322
43.53125,42.63125,2287.283,0.34586978,-0.0013701784,5.180908,39.717285,65.29248,36.31804,98.42002,389.46936
43.53125,42.64375,2122.6538,0.20686981,0.0049094968,-41.50708,-100.15039,-130.6272,41.27348,90.62285,389.46936
43.53125,42.65625,2281.8455,0.37744918,0.0004541454,0.5422363,15.624512,5.4538574,44.793972,85.77004,408.5664
43.53125,42.66875,2303.4075,0.3569952,-0.0030356422,11.489258,-29.340332,15.330078,43.133514,85.863266,402.05127
43.53125,42.68125,2293.1648,0.44618827,-0.0001729105,-2.0439453,-63.84497,2.0041504,36.26982,75.05665,340.6814
43.53125,42.69375,2409.877,0.2642585,-0.0004646633,7.258301,69.707275,108.19287,32.56532,52.187164,234.76318
43.53125,42.70625,2350.0522,0.046941012,-0.0016937483,14.070801,35.921143,48.31836,8.455768,34.0294,215.73438
43.53125,42.71875,2267.99,0.37121996,0.0019306642,-10.810059,-7.4873047,-29.5896,24.839485,50.129833,282.25024
43.53125,42.73125,2314.6558,0.33623764,-0.001462073,19.333252,94.19385,19.264893,41.940434,75.66373,399.3169
43.53125,42.74375,2115.6953,0.20259655,0.0048442325,-45.23535,-13.676514,-174.62866,41.503014,101.18301,435.0901
43.53125,42.75625,2008.3073,0.5269122,0.0005787756,-2.9370117,-71.53967,-267.09802,52.87249,89.179596,455.9441
43.53125,42.76875,2097.6777,0.40154615,-0.0011626927,18.064453,-34.44043,-148.85303,71.18989,147.3109,625.8202
43.53125,42.78125,2228.9763,0.15693878,0.00073574303,-6.850586,27.078857,8.399902,28.565714,150.96358,625.8202
43.53125,42.79375,2252.5127,0.4163543,-0.0007896713,13.614746,110.32422,74.34985,54.32771,139.72473,607.0005
43.53125,42.80625,1923.0311,0.1999172,-0.003310462,15.122681,-61.461426,-225.16614,43.422344,115.17161,577.3197
43.53125,42.81875,2112.1875,0.2703046,-0.0049119513,47.18091,118.67566,-33.38867,43.456875,123.66386,603.41223
43.53125,42.83125,1995.5532,0.22401643,0.0011322582,-17.108643,-55.330322,-164.04004,19.987495,109.23827,526.5602
43.53125,42.84375,1995.4268,0.20993857,0.0009928194,-13.036377,-86.64575,-175.68433,28.456106,120.07706,640.693
43.53125,42.85625,2180.2732,0.30582282,0.0006991722,-14.654053,-163.7627,-3.7285156,49.223976,265.34036,946.37915
43.53125,42.86875,2690.0327,0.28013614,-0.00071471534,1.4233398,102.24292,484.375,38.8973,164.93636,713.7405
43.53125,42.88125,2631.6265,0.31732568,-0.00088677945,1.1723633,35.50708,420.63428,50.660637,112.55443,526.56494
43.53125,42.89375,2565.0605,0.26344302,0.0040414906,-27.80664,32.621338,345.69556,43.749287,108.205826,533.7986
43.53125,42.90625,2462.0518,0.36579597,0.0026110525,-26.104736,62.083252,236.96558,36.407417,160.8493,770.8318
43.53125,42.91875,2065.1897,0.31077197,0.0030238337,-43.06201,-84.516846,-130.9375,63.702435,188.99736,724.78296
43.53125,42.93125,1811.3579,0.3152177,0.0054854616,-36.536987,-173.21558,-318.54663,40.43204,147.9983,727.6963
43.53125,42.94375,2041.479,0.7678598,0.0026347307,-20.822998,6.923584,-27.319824,117.30729,222.74088,753.64343
43.53125,42.95625,2152.6375,0.31119797,-0.0033131076,18.961914,61.65039,116.49719,44.294468,196.44719,755.98987
43.53125,42.96875,2147.4226,0.36087984,-0.002625448,23.401123,124.62463,131.08008,39.439827,130.74307,657.0985
43.53125,42.98125,1771.2567,0.37716278,0.004801674,-57.171265,-161.93604,-239.64026,62.607906,100.02125,471.40796
43.53125,42.99375,1907.9143,0.3295202,-0.00088807143,3.1896973,-45.024414,-100.4082,53.408802,103.59898,443.23242
43.51875,42.00625,1976.297,0.38732454,-0.0012875831,26.301025,87.043945,-45.753174,51.237194,120.49066,661.1561
43.51875,42.01875,1853.4158,0.6228578,0.0006436093,24.249878,123.786865,-162.4469,69.61861,127.70866,557.1354
43.51875,42.03125,1493.3206,0.25499162,0.0022632496,-22.632568,-166.09314,-495.2484,35.630043,138.537,693.76575
43.51875,42.04375,1769.8085,0.6782055,0.0046399334,-32.22412,-20.230469,-180.78967,111.75084,229.90106,834.29065
43.51875,42.05625,2114.592,0.69174236,-0.0015255137,11.148682,107.64905,215.68433,104.36954,207.73,927.10876
43.51875,42.06875,2158.2083,0.5835798,-0.0032385667,20.714355,103.22754,305.8534,84.896996,157.47858,752.4835
43.51875,42.08125,2093.4072,0.44118342,-0.0011333819,9.022217,133.68835,283.3767,69.641945,184.53862,811.7926
43.51875,42.09375,1888.5743,0.42068383,0.0013750074,-20.334473,101.7146,120.50232,69.75493,220.38545,919.4186
43.51875,42.10625,1571.022,0.3952703,-0.003388291,39.834473,51.13513,-167.79443,56.38262,200.18553,812.83984
43.51875,42.11875,1242.5488,0.09923063,3.0990236e-06,-6.435547,-137.10437,-480.2599,16.236532,125.38192,550.88354
43.51875,42.13125,1478.972,0.37161353,-5.7211262e-05,-6.076416,-47.82068,-254.63354,63.917915,213.56088,828.5491
43.51875,42.14375,1662.793,0.58419377,0.0028723986,-39.876587,-74.104004,-105.677246,65.26868,188.01729,874.49084
43.51875,42.15625,1767.0142,0.722834,-0.0007671059,7.041626,-30.498901,-39.325806,95.24442,163.48088,795.4966
43.51875,42.16875,1911.5009,0.5664402,-0.002130361,19.139038,29.92395,61.615845,78.91135,143.03233,632.40576
43.51875,42.18125,2119.4556,0.24955834,-0.0024514091,26.861084,161.8927,229.18518,32.101402,89.83179,474.4015
43.51875,42.19375,1760.252,0.2730439,0.0020873644,-14.555786,-94.200195,-151.68909,41.103527,152.81116,680.9988
43.51875,42.20625,1815.548,0.23006977,-0.0046756896,32.58374,96.13196,-107.37927,41.22499,144.09026,656.7323
43.51875,42.21875,1643.7681,0.4485515,0.005228322,-32.669434,-39.134033,-285.40283,79.58486,153.6221,584.36707
43.51875,42.23125,1653.3359,0.70814407,-0.0048099556,38.24524,-13.309814,-280.23035,107.10976,136.68942,549.1565
43.51875,42.24375,1483.8915,0.46122694,0.0032043168,-32.504883,-177.75134,-437.9276,57.58906,129.21687,566.3058
43.51875,42.25625,1579.953,0.65520996,0.0006093311,-6.213501,-134.87964,-340.2953,74.81477,150.54152,604.60925
43.51875,42.26875,1537.4159,0.1054377,0.0055215117,-52.867798,-244.97864,-387.9701,44.62903,137.98914,571.11584
43.51875,42.28125,1740.4792,0.53526896,-0.004855839,34.147095,-38.84961,-202.25806,93.28585,114.73666,471.34363
43.51875,42.29375,1898.4832,0.27184415,-0.0014836289,22.42456,93.28223,-74.71423,41.722298,99.659424,407.2279
43.51875,42.30625,1822.3774,0.39983487,-0.0026916282,10.119873,-24.310547,-179.60022,43.289722,74.97333,379.39355
43.51875,42.31875,1960.8109,0.3442826,0.00043102106,10.158203,94.43506,-74.855225,33.73055,88.98736,450.68042
43.51875,42.33125,1880.3071,0.32093635,0.0036921818,-33.1521,-50.988037,-190.60352,55.27884,116.1357,515.61255
43.51875,42.34375,1958.0098,0.44531894,-0.00217858,1.5042725,-50.3291,-156.58179,44.712975,103.62914,504.40125
43.51875,42.35625,2127.1748,0.1707384,-0.0007709131,6.104492,33.865967,-33.486084,21.283796,88.34308,416.9225
43.51875,42.36875,2160.0254,0.056422923,0.00012283996,0.33544922,0.6779785,-51.48755,11.247222,66.83188,335.46704
43.51875,42.38125,2211.4868,0.24670634,0.0006421241,-6.989258,11.3845215,-43.112793,28.089144,66.65583,310.6411
43.51875,42.39375,2237.9707,0.08331097,0.0013075945,-12.313477,-0.920166,-50.395508,9.591663,59.253693,262.896
43.51875,42.40625,2268.063,0.033041943,-0.0014349838,18.302246,16.045654,-51.8667,21.154196,51.9519,237.99219
43.51875,42.41875,2179.5159,0.22333284,0.0046304218,-26.76709,-66.84131,-160.95483,21.794495,44.911022,204.87573
43.51875,42.43125,2230.5298,0.16544312,8.762313e-05,-4.256836,-33.875,-117.93823,23.632605,57.214508,240.52686
43.51875,42.44375,2327.3367,0.20069696,-0.0019438737,18.896484,30.392822,-17.196045,33.188854,57.319283,244.16211
43.51875,42.45625,2263.1868,0.047128007,0.0005544228,-7.279541,-50.532227,-72.21704,14.142136,43.56604,215.94849
43.51875,42.46875,2321.808,0.29695702,-0.001362214,0.43115234,1.579834,1.7229004,22.95648,41.509037,216.6289
43.51875,42.48125,2290.9236,0.3116935,0.0024684214,-20.000244,-6.2192383,-14.104004,41.133926,69.785385,295.90112
43.51875,42.49375,2299.5537,0.32927972,-6.174871e-05,2.3830566,53.31958,14.198975,35.206535,82.677086,337.21265
43.51875,42.50625,2159.804,0.19413267,0.00024120805,-10.56665,-8.922119,-98.28955,24.392622,84.70242,379.5221
43.51875,42.51875,2049.764,0.2706597,0.0023954478,-28.678223,-63.303467,-185.73804,48.651825,70.95773,345.53503
43.51875,42.53125,2145.8918,0.22944398,0.0033343295,-30.398682,-29.489258,-61.86841,37.10121,101.653824,358.00256
43.51875,42.54375,2297.4937,0.29692003,-0.00015379323,3.8615723,44.062256,106.7395,39.185455,70.81313,337.9779
43.51875,42.55625,2369.202,0.05813557,-0.0017246281,21.215332,133.84131,188.75513,15.636496,91.67061,370.2605
43.51875,42.56875,2200.88,0.117965125,-0.0044547883,35.963867,92.76611,14.617432,42.667316,143.51132,583.1904
43.51875,42.58125,1852.3676,0.49471608,0.0047920914,-43.18872,-196.2528,-343.43665,51.34686,128.00977,529.1875
43.51875,42.59375,2230.045,0.6436457,-0.0035876571,28.78833,80.16553,16.656738,84.63746,150.19986,662.43384
43.51875,42.60625,2217.4458,0.4641164,0.00022689546,-6.29541,-27.462646,-18.634033,54.129475,101.60955,476.32886
43.51875,42.61875,2352.2888,0.20106588,-0.0010870645,20.223389,53.93457,92.89453,29.46184,81.5506,424.7102
43.51875,42.63125,2347.2888,0.21015641,-0.0013565065,10.208008,11.639648,51.615967,29.0,52.592773,326.61548
43.51875,42.64375,2333.0112,0.18186013,0.0017470068,-13.691895,8.822754,7.8242188,30.12474,70.41307,333.50244
43.51875,42.65625,2294.8945,0.38705724,-0.0013251158,6.6679688,-48.89795,-48.698486,34.59046,77.89416,382.40918
43.51875,42.66875,2470.291,0.29501006,0.0008710807,-5.2714844,85.47168,125.53613,33.23402,66.124886,298.12866
43.51875,42.68125,2397.335,0.37936887,0.00061962253,-0.55200195,27.246582,60.57495,50.39345,75.44203,340.2412
43.51875,42.69375,2299.9297,0.30830437,0.00017362022,-8.901123,-12.269287,-31.606934,38.249184,79.755875,343.54102
43.51875,42.70625,2256.7502,0.13573913,0.003075685,-24.379639,-12.939941,-62.05664,20.724382,75.881485,387.18823
43.51875,42.71875,2284.5068,0.08791843,-0.00041352847,10.972656,74.4021,-21.26001,20.784609,91.17565,364.42322
43.51875,42.73125,2094.4194,0.6524895,0.005633454,-34.338135,-63.721436,-203.14355,63.379807,89.537704,358.06274
43.51875,42.74375,1961.7885,0.248232,0.0060506756,-50.70288,-144.75452,-322.21155,46.12754,95.689606,393.83594
43.51875,42.75625,2043.587,0.1264227,0.003754372,-49.301147,-71.49768,-217.06018,44.620625,98.888824,414.10132
43.51875,42.76875,2284.108,0.4335537,0.002224838,-22.614746,26.596191,55.09961,53.921238,130.00961,568.5989
43.51875,42.78125,2465.5723,0.17146266,-0.0010842677,16.491943,155.77026,256.8369,26.153393,98.31836,441.70605
43.51875,42.79375,2163.2341,0.4256933,-0.00070562016,2.071045,-6.256592,-16.77832,48.620983,137.8967,578.18726
43.51875,42.80625,1986.3683,0.32319713,-0.0009817558,10.311157,-32.501953,-177.25305,47.214935,94.61897,482.60474
43.51875,42.81875,2100.639,0.3883083,-0.00022224437,0.4333496,57.8739,-67.246826,50.561844,109.39493,508.69727
43.51875,42.83125,2197.8499,0.17994763,-9.164197e-06,-0.1550293,52.020508,17.813477,27.721832,93.30059,447.55884
43.51875,42.84375,2182.4966,0.34002838,0.0023568643,-18.654541,-18.284668,-9.049316,48.420036,102.26681,443.42957
43.51875,42.85625,2399.2686,0.45549023,-0.0002058477,7.26416,9.416504,193.10327,61.725197,215.85759,876.3274
43.51875,42.86875,2683.8054,0.84406424,-0.0021928416,23.569092,141.84814,456.72656,103.7762,176.25833,691.48096
43.51875,42.88125,2400.1958,0.43487257,0.000428536,-13.026123,-93.18506,173.43848,81.68537,189.47955,666.51196
43.51875,42.89375,2352.8357,0.64028746,0.00012366372,-11.961426,-54.809082,128.09009,107.26136,196.1275,672.15283
43.51875,42.90625,2216.464,0.5738582,0.001189222,-18.516602,-58.31836,-1.6325684,93.59487,192.51753,770.8318
43.51875,42.91875,1968.2603,0.09252061,0.0042401864,-32.149048,-162.14331,-212.67603,29.647934,150.16158,804.16846
43.51875,42.93125,2066.659,0.28888825,0.0018148047,-13.105469,-98.026855,-45.57251,52.64029,203.30519,820.3285
43.51875,42.94375,2402.404,0.21373197,0.002237258,-9.977295,103.50293,354.14404,41.52108,173.04623,820.3285
43.51875,42.95625,2321.7083,0.32403883,-0.0019190159,17.572021,30.558838,305.26697,41.496986,120.55082,543.44434
43.51875,42.96875,2060.2969,0.38216394,-0.0022634687,10.105957,-106.017334,62.41748,53.483643,149.39545,715.178
43.51875,42.98125,2052.9053,0.20130903,0.0014170181,-15.625977,-31.568848,60.13867,37.536648,143.98785,657.07837
43.51875,42.99375,2032.6483,0.2566882,0.0004351489,-7.7452393,-35.358276,39.993896,44.070965,103.68944,623.6647
43.50625,42.00625,2012.488,0.7506212,0.00016476325,-0.3935547,6.5303955,-30.531372,105.6622,254.10529,971.17737
43.50625,42.01875,1590.9025,0.3664938,0.001837427,-18.630249,-154.60474,-446.50366,42.5147,162.9793,783.129
43.50625,42.03125,1660.8268,0.39316756,0.0041107037,-64.80017,-87.30286,-351.10828,66.45863,161.41638,654.62415
43.50625,42.04375,2121.6538,0.4367958,-0.0027321263,37.37256,135.26196,148.66809,56.753853,188.63126,824.59924
43.50625,42.05625,2203.7632,0.49154708,0.0021796385,-21.233643,40.627686,290.6366,59.32116,107.0,607.0021
43.50625,42.06875,2077.0952,0.734373,-0.0010612364,1.1806641,-13.984375,218.94153,83.72873,171.71198,771.75085
43.50625,42.08125,1725.0739,0.5970247,0.0024634725,-10.25061,-147.84436,-90.172485,88.28788,195.40407,850.88904
43.50625,42.09375,1500.8931,0.52068406,-0.0017404823,-11.230957,-128.45288,-282.7517,64.629715,212.04305,866.9158
43.50625,42.10625,1289.3204,0.25538382,0.0017307379,-15.279785,-121.06189,-480.8977,38.001644,151.51732,673.9718
43.50625,42.11875,1322.9519,0.2300407,0.0017355314,-13.353516,-89.48328,-450.36865,27.807373,141.97139,552.0559
43.50625,42.13125,1763.2948,0.5751096,-0.0013141388,21.727173,140.21802,-40.58142,68.53101,184.40376,798.4115
43.50625,42.14375,1944.7479,0.550791,0.0030682213,-6.2060547,101.93347,89.55176,66.58829,162.92484,775.6964
43.50625,42.15625,2159.9697,0.63061374,-0.0008160148,13.665283,199.41016,245.98743,63.87879,149.70721,652.1294
43.50625,42.16875,1920.1638,0.2806068,0.0044890363,-27.574585,-102.06421,-51.49109,53.967583,167.10101,897.3627
43.50625,42.18125,2022.7799,0.48653024,0.0005466,-9.063232,-45.160034,9.651978,53.74942,167.22739,794.88635
43.50625,42.19375,1927.7206,0.4520151,-0.00055669877,7.2039795,-105.32971,-107.936646,57.719147,190.29845,931.6323
43.50625,42.20625,1960.0054,0.41895995,0.0009888979,-5.5422363,9.0789795,-84.54089,43.51724,174.2577,825.1948
43.50625,42.21875,1899.5673,0.37169886,0.00095360685,-7.2510986,-11.216187,-140.45337,43.63485,138.03714,586.76465
43.50625,42.23125,1917.2687,0.071293265,-0.0023388476,22.838623,99.26831,-114.28064,25.248762,139.20578,662.8983
43.50625,42.24375,1682.2833,0.18947206,-0.0012122188,5.9978027,13.843628,-328.8424,29.958303,117.264656,480.6831
43.50625,42.25625,1673.74,0.49898332,0.0025458282,-26.146729,-2.0994873,-328.38855,68.143234,138.39888,524.72986
43.50625,42.26875,1918.858,0.10305971,0.00039974117,-2.7645264,91.20447,-83.524536,12.247449,141.69951,613.83655
43.50625,42.28125,1980.9525,0.19356956,-0.000613525,-0.2821045,73.12012,-39.644043,41.191624,119.94686,679.46423
43.50625,42.29375,1905.5114,0.16620792,-0.0026672848,21.69226,-50.789185,-136.71777,42.26405,122.71206,582.98425
43.50625,42.30625,1963.1178,0.24930775,-0.0014857507,8.472168,-28.512695,-98.8844,33.23778,140.05803,712.8827
43.50625,42.31875,1970.8751,0.36141184,0.0007777362,-2.8237305,-53.89209,-120.94495,34.26733,157.74821,738.80237
43.50625,42.33125,1945.5966,0.11460617,0.0039028458,-29.41919,-130.76941,-181.90515,26.334389,121.70661,665.4243
43.50625,42.34375,2110.7234,0.5665491,0.0010836198,-7.5859375,-15.909912,-64.86328,43.57178,104.36954,565.1897
43.50625,42.35625,2239.7585,0.23442493,-0.00073242164,8.026367,18.328125,10.065186,41.115692,133.58144,638.70386
43.50625,42.36875,2266.0515,0.14033423,-0.0005378936,5.0976562,-9.570068,-22.863281,24.114311,91.288,420.16943
43.50625,42.38125,2252.8713,0.049872562,-5.555118e-05,-0.3959961,-24.934326,-82.436035,8.154754,52.488094,276.1377
43.50625,42.39375,2309.075,0.07642909,5.063306e-05,-1.057373,-1.8762207,-59.75879,12.980755,54.378304,272.05322
43.50625,42.40625,2322.3616,0.09473367,-2.1486896e-05,0.14453125,2.0803223,-83.839355,16.970562,61.8385,301.3484
43.50625,42.41875,2321.6477,0.10314161,-0.0008455844,10.836426,18.27295,-109.92261,22.97825,62.37387,269.86646
43.50625,42.43125,2234.3044,0.068208665,0.0012221272,-17.81543,-78.65039,-205.59033,21.552261,55.9017,221.13354
43.50625,42.44375,2357.68,0.020221915,-0.0003448926,11.304932,15.252441,-75.18848,27.820856,47.56049,211.27222
43.50625,42.45625,2375.232,0.22940016,0.0012982386,-14.854492,31.116455,-40.448242,20.844664,49.979996,243.59546
43.50625,42.46875,2348.9368,0.12922765,-0.0005160356,16.55835,54.565918,-39.91919,25.719643,67.12675,298.54834
43.50625,42.48125,2271.5723,0.32619753,-0.0013577864,12.756592,44.34619,-95.47241,50.616203,64.656784,273.6848
43.50625,42.49375,2111.9565,0.17154373,-0.00063642854,0.31030273,-80.05371,-235.46973,17.804493,63.348244,300.4651
43.50625,42.50625,2093.417,0.26016343,0.00045502282,-6.9257812,-60.566162,-219.31543,24.758837,63.490158,291.7406
43.50625,42.51875,2130.7007,0.082735516,0.0032456312,-17.064697,-45.04248,-151.22925,21.552261,91.81776,394.00208
43.50625,42.53125,2330.1309,0.13401258,-0.0027219364,26.14502,89.859375,82.533936,25.855368,80.16234,394.00208
43.50625,42.54375,2256.5576,0.29360962,-0.0038847728,35.2937,29.628174,31.505127,48.13003,70.28869,434.95374
43.50625,42.55625,2111.7139,0.31046277,0.0010097116,-17.795166,-54.526123,-109.2749,44.305756,98.63823,477.65906
43.50625,42.56875,2061.1162,0.24292189,0.00069298723,-9.690674,-24.523438,-177.53174,21.272047,119.421524,544.8778
43.50625,42.58125,2130.9385,0.6170416,-0.0039206725,34.219482,37.54248,-125.33203,92.44458,126.62938,565.97986
43.50625,42.59375,2296.9834,0.27187392,0.00044005815,-6.3845215,84.60669,18.009277,34.992855,126.84637,618.88074
43.50625,42.60625,2443.8145,0.03386827,-0.0024577638,29.144287,157.0852,135.37817,21.011902,83.77052,370.31152
43.50625,42.61875,2402.6382,0.02625421,-0.00029455303,9.451904,79.23193,61.989502,13.856406,68.88396,285.33496
43.50625,42.63125,2417.986,0.13878551,-0.0005839034,4.312744,67.58667,34.674072,19.937403,52.69725,249.11865
43.50625,42.64375,2430.4639,0.23903474,-0.0023106616,23.924072,69.90503,12.82666,19.68502,46.443516,220.58179
43.50625,42.65625,2351.5327,0.14746161,0.0023925216,-17.949219,-33.875,-79.23804,27.055498,49.879856,273.57373
43.50625,42.66875,2439.1724,0.34087873,4.4476004e-05,-0.2163086,44.628418,15.497803,37.54331,53.94905,248.30176
43.50625,42.68125,2359.384,0.13340317,-0.0042100884,41.26953,11.465332,-46.848877,27.5318,72.625755,320.5376
43.50625,42.69375,2214.8574,0.31511384,0.0006951852,-9.098389,-73.73926,-174.11304,25.019993,71.13719,345.64355
43.50625,42.70625,2215.1375,0.37189227,-0.002887153,15.135742,-30.311523,-149.03711,61.58328,82.13403,390.56665
43.50625,42.71875,2130.6384,0.4332703,-0.0019490859,24.501465,-63.09546,-208.27588,60.299255,98.36158,418.20813
43.50625,42.73125,2222.8687,0.3682922,3.1577136e-05,4.495117,28.690918,-98.43677,57.72781,125.62643,505.58447
43.50625,42.74375,2258.162,0.28801847,-0.0029499312,21.589111,81.11841,-42.88501,41.70132,124.931984,505.58447
43.50625,42.75625,2156.9783,0.65429264,-0.00039602706,3.994873,-16.551758,-118.14087,68.11021,87.226715,423.31213
43.50625,42.76875,2296.295,0.1308238,-0.0008238385,11.017578,-6.288086,51.665283,35.0,107.86797,460.8861
43.50625,42.78125,2300.1768,0.44259083,0.0011563158,-12.064697,-5.062256,70.94043,63.221832,111.73182,453.91235
43.50625,42.79375,2078.138,0.32790667,-0.0015437455,0.017333984,-85.521484,-132.25562,41.036568,112.08925,572.68945
43.50625,42.80625,2121.9263,0.61703366,-0.0029300258,30.84497,68.22217,-81.196045,70.04285,93.85361,400.66443
43.50625,42.81875,1954.6876,0.26506358,0.0029011176,-34.719482,-119.44568,-256.0514,47.087685,102.08085,415.70447
43.50625,42.83125,2013.1509,0.15538476,0.0029723083,-43.115967,-149.43994,-202.8982,34.677082,89.13193,447.55884
43.50625,42.84375,2133.9412,0.4191883,0.0021373061,-34.576904,-96.07788,-85.62109,55.610252,87.42711,434.22754
43.50625,42.85625,2339.0947,0.31594396,0.0010764997,-22.58496,-21.63794,115.103516,47.12218,126.666885,715.4087
43.50625,42.86875,2411.0933,0.30863893,0.00096628006,-7.6123047,-57.458008,179.33911,35.91657,119.010506,627.81616
43.50625,42.88125,2403.9941,0.29724178,-0.0007510916,6.63916,-39.914795,187.27979,44.51404,157.77199,708.7649
43.50625,42.89375,2307.9194,0.25909278,-0.0017125873,12.081787,-29.562744,108.51514,43.3532,157.02388,815.0371
43.50625,42.90625,2219.515,0.276654,0.0020346928,-14.745361,-46.916504,40.56494,48.851818,147.45847,714.89844
43.50625,42.91875,2316.428,0.5186139,0.0005474365,-16.846191,30.364502,182.59473,105.68112,193.67757,744.11096
43.50625,42.93125,2615.5264,0.5105532,-0.007043884,63.39966,255.32617,548.9895,92.91125,192.07681,744.11096
43.50625,42.94375,2507.6892,0.31842017,0.0025750624,-19.125977,81.52222,504.2411,35.96526,147.34822,674.2589
43.50625,42.95625,2467.6277,0.32192093,0.00032522817,-2.927246,68.5437,492.27747,45.73292,135.86206,662.89465
43.50625,42.96875,2367.3245,0.2808439,0.0033309266,-16.862305,49.942627,404.41272,43.714985,141.88551,697.5696
43.50625,42.98125,2248.7747,0.34173784,0.0032374947,-17.059814,-15.257568,285.57568,40.00625,137.41725,628.71704
43.50625,42.99375,2260.0308,0.293019,0.0031515127,-39.5896,46.079346,291.35046,61.42882,168.52745,673.8845
43.49375,42.00625,2248.8408,0.67801154,-0.0041252025,44.484863,211.1416,161.55322,81.99695,277.9847,970.7362
43.49375,42.01875,1588.7147,0.5424885,0.004379792,-35.989502,-221.62378,-485.76013,55.081757,181.22983,742.2346
43.49375,42.03125,1990.556,0.6946261,-0.00018931009,14.670044,52.83142,-51.480713,109.14669,260.33536,1126.5007
43.49375,42.04375,2107.328,0.6245256,-0.0012317296,2.678711,-109.31323,114.26074,76.13475,255.98438,1268.7357
43.49375,42.05625,2254.4058,0.12120855,-0.0013105475,6.1992188,-45.706543,334.55884,31.95309,185.39552,942.48145
43.49375,42.06875,2147.6582,0.3940517,-0.0010586971,8.424805,16.922852,296.83252,64.27675,190.73149,1068.8815
43.49375,42.08125,1897.0585,0.6179917,0.0034698865,-18.49646,44.29895,91.83801,65.74192,206.7825,910.3574
43.49375,42.09375,1608.1243,0.5536714,-0.0056752968,47.36743,60.939697,-172.44568,87.06463,199.9675,771.2538
43.49375,42.10625,1285.0499,0.078780405,5.428041e-05,-2.1851807,-106.25,-487.74683,10.965857,109.20909,486.54395
43.49375,42.11875,1638.3954,0.5675138,-0.002653604,35.15857,94.10718,-146.97205,72.18206,232.33435,978.1439
43.49375,42.13125,1761.1986,0.67972535,6.342215e-05,16.757935,-11.232666,-69.44568,122.26815,211.80533,997.724
43.49375,42.14375,1619.1355,0.39313066,0.0045421384,-59.79944,-262.34802,-279.5553,58.00862,176.65999,831.34766
43.49375,42.15625,1908.7996,0.5125539,-0.0017595763,20.650024,-75.37012,-66.83533,77.063286,150.91803,688.3153
43.49375,42.16875,2035.1403,0.32629523,0.0044090454,-50.406616,-100.10852,-16.36316,56.3427,156.19218,813.60254
43.49375,42.18125,2529.595,0.64059794,-0.0018812995,30.201904,234.31396,425.91406,87.87206,210.80797,801.843
43.49375,42.19375,2416.3875,0.64412,0.0021477127,-15.095459,96.44116,284.84644,97.74968,214.48892,849.8323
43.49375,42.20625,2184.3062,0.27140138,-0.0011168396,10.511963,-14.132568,36.982178,30.82207,176.45113,789.885
43.49375,42.21875,2061.7087,0.032282326,0.0019072649,-21.341797,-29.543945,-87.099365,16.124516,134.9148,802.3546
43.49375,42.23125,1928.2133,0.42130142,0.0010019307,-12.339722,2.7982178,-213.08508,58.275208,151.02069,737.70715
43.49375,42.24375,1692.9312,0.4052987,-0.0005412338,2.6473389,-74.78845,-428.13037,43.30993,132.86554,581.202
43.49375,42.25625,1569.1501,0.36322403,0.0051505906,-50.255493,-188.29492,-546.39795,49.350784,141.83264,581.202
43.49375,42.26875,1763.9054,0.60980827,-0.0017211216,10.370117,-72.692505,-352.30676,81.23269,132.59808,554.7356
43.49375,42.28125,1860.3849,0.3459012,0.00024895582,-5.7648926,-49.32312,-275.83215,65.67724,133.12964,597.9613
43.49375,42.29375,2184.244,0.40719256,-0.004288316,48.412354,203.1731,24.236572,49.300102,130.06825,585.5791
43.49375,42.30625,2139.2964,0.32785854,0.0037127356,-27.746582,68.76904,-42.47046,46.021732,123.34302,715.68774
43.49375,42.31875,2440.542,0.5470987,-0.0047519277,55.874756,254.06152,231.7461,68.58207,161.49612,704.02356
43.49375,42.33125,2297.7148,0.5365537,-0.0010031231,6.097168,34.206055,60.192383,85.02353,169.76308,687.82983
43.49375,42.34375,2219.979,0.23167671,0.00038014818,-3.6103516,-93.0708,-63.78247,36.945908,169.76897,751.0502
43.49375,42.35625,2423.94,0.38286358,-0.00019033246,3.7077637,6.5283203,85.94409,32.280025,155.51205,654.8977
43.49375,42.36875,2436.163,0.238852,0.00045843297,-2.550537,-8.1521,36.432617,31.128765,135.91174,510.4148
43.49375,42.38125,2375.7852,0.17480153,-0.000122066274,-0.47827148,-24.20459,-69.73779,32.83291,112.14053,509.83447
43.49375,42.39375,2354.985,0.12088218,0.0022117503,-14.697754,-56.730713,-118.03833,18.069311,87.49571,379.271
43.49375,42.40625,2449.3823,0.18596385,9.866552e-05,2.7719727,23.752197,-56.10083,18.82817,78.612976,351.13672
43.49375,42.41875,2373.0051,0.07395351,0.00026196995,-3.4143066,-40.500977,-156.17383,11.789826,82.52272,421.72046
43.49375,42.43125,2400.5754,0.07139283,-0.0003339858,3.6489258,11.281982,-139.2959,14.781746,73.5017,420.00513
43.49375,42.44375,2391.2505,0.24186784,-0.0008357473,5.878418,0.016113281,-139.36963,23.270153,59.41801,325.64185
43.49375,42.45625,2387.9084,0.16050476,0.00019840337,-2.8059082,4.5317383,-117.49658,16.29417,63.059494,350.72656
43.49375,42.46875,2272.568,0.41226384,0.00055399985,-1.8220215,-47.278564,-197.55884,31.016125,88.622795,375.67212
43.49375,42.48125,2203.8623,0.14150456,0.0016841796,-10.181885,-55.61548,-238.90503,27.027763,91.61332,416.25024
43.49375,42.49375,2175.3628,0.13857038,0.0008201066,-9.342529,-57.591553,-245.4226,18.69492,82.20097,380.34277
43.49375,42.50625,2194.388,0.2363575,0.0018742107,-17.897705,-3.1237793,-182.60376,34.828148,71.431786,327.38403
43.49375,42.51875,2205.4087,0.30261892,0.0001952572,-4.3461914,-33.15503,-131.82422,43.092922,91.76601,341.51367
43.49375,42.53125,2316.193,0.30167297,0.00036420577,-12.557373,36.73462,16.024902,33.01515,66.96641,359.6604
43.49375,42.54375,2226.056,0.24579243,-0.00024404156,2.5251465,26.315918,-46.70288,23.10844,91.035706,435.30652
43.49375,42.55625,2017.1765,0.7383033,0.000565104,-6.15625,-107.05884,-252.34326,58.20438,85.52485,403.40637
43.49375,42.56875,2185.639,0.3176172,-0.00019603127,16.447266,94.13135,-103.747314,56.160484,86.74387,425.94666
43.49375,42.58125,2077.5105,0.19313139,0.003204092,-32.636963,-78.07202,-234.02173,39.37004,119.74557,558.27454
43.49375,42.59375,2173.6948,0.28148377,0.0005185376,-15.547119,-111.849365,-165.99487,58.167862,114.8499,527.08984
43.49375,42.60625,2322.8816,0.2294275,-0.0007342501,12.827148,-21.283447,-57.796875,43.312817,112.300934,481.79956
43.49375,42.61875,2199.644,0.029183269,0.0033243974,-42.016846,-159.06372,-225.00879,39.686268,94.55686,445.79614
43.49375,42.63125,2251.7307,0.27706376,0.0007913085,-16.690918,-124.756836,-221.6582,31.772629,82.182724,389.16333
43.49375,42.64375,2288.4922,0.23127916,0.0017910063,-16.040771,-99.88306,-226.49365,27.973202,71.431786,355.37427
43.49375,42.65625,2448.252,0.07640967,-0.0015467752,13.629395,47.87451,-83.25513,14.089003,52.459507,272.32837
43.49375,42.66875,2389.2163,0.027305722,0.0013101945,-19.64795,-40.128662,-134.72803,17.306068,57.035076,303.5664
43.49375,42.68125,2444.127,0.13911954,-0.00060234964,6.8415527,20.85791,-59.816162,29.563492,90.111046,403.82715
43.49375,42.69375,2374.964,0.30184203,0.00077329914,-4.8464355,-0.44921875,-106.380615,38.800774,95.02368,439.88477
43.49375,42.70625,2403.8372,0.12848885,-0.001624648,24.111328,109.07373,-46.64258,26.315395,93.98404,445.26245
43.49375,42.71875,2078.7256,0.32085633,0.007168151,-53.85034,-160.47461,-341.1814,50.09491,92.75775,422.92554
43.49375,42.73125,2392.5803,0.2219783,-0.001097332,25.158203,87.6897,-6.329834,44.888752,122.494896,542.5654
43.49375,42.74375,2296.5564,0.2182984,0.0011668808,-15.570068,-11.375732,-81.25757,42.38514,120.2539,527.4147
43.49375,42.75625,2179.682,0.36796972,0.0020999252,-14.210693,-88.8457,-172.1499,45.35416,107.72883,484.2677
43.49375,42.76875,2353.4136,0.2926207,-0.004092884,24.021729,-11.919678,31.185791,53.216537,110.16125,479.2268
43.49375,42.78125,2370.7915,0.17975913,0.00048164054,-9.78125,14.771484,64.891846,30.290262,116.25618,505.802
43.49375,42.79375,2148.2544,0.5706483,0.0015160876,-13.613037,-90.585205,-137.8789,51.536396,114.68435,532.3772
43.49375,42.80625,2222.7834,0.30533877,0.0002324434,-5.6516113,78.47778,-51.318848,40.9939,104.359955,458.5769
43.49375,42.81875,2085.6807,0.23953535,-0.0018341116,4.789795,-63.237793,-185.83398,43.57752,92.14934,386.781
43.49375,42.83125,2279.3672,0.0087861605,-0.000777351,12.455566,97.66406,18.69336,10.862781,69.57011,344.50647
43.49375,42.84375,2208.593,0.04056972,-0.00094552536,13.226074,21.33081,-36.557373,12.845233,72.50517,434.22754
43.49375,42.85625,2268.6174,0.27612686,-8.390988e-05,0.076416016,5.5859375,36.086426,46.914818,127.2694,489.76428
43.49375,42.86875,2470.447,0.2843947,-0.00073839293,17.641846,60.344727,246.16211,52.0,166.2453,847.4962
43.49375,42.88125,2763.8845,0.95259994,0.0001390172,14.170898,296.81763,568.05835,113.63978,160.16086,781.4514
43.49375,42.89375,2372.606,0.54247063,-0.0005975411,12.226074,35.843018,203.17432,75.143196,192.069,1006.6493
43.49375,42.90625,2325.4617,0.5274778,-0.0034697878,22.426758,84.10742,178.98071,76.09862,171.55174,796.661
43.49375,42.91875,2166.0952,0.41960368,0.003126304,-19.41455,-47.566162,62.23242,84.320816,259.2788,1014.0453
43.49375,42.93125,2048.7646,0.46971312,0.0013594847,-17.263428,-124.86133,6.399536,78.04486,309.72244,1046.6655
43.49375,42.94375,2033.1942,0.5490838,0.0001916462,-11.334106,-150.0885,51.400757,88.01136,321.48407,1056.6962
43.49375,42.95625,2474.6165,1.086352,-0.013604938,92.8396,289.9182,518.4769,155.36409,315.20468,1070.1477
43.49375,42.96875,2036.1962,0.5790931,-0.00083790935,-14.052368,-63.702515,86.93225,134.31306,333.22815,1189.1162
43.49375,42.98125,2078.685,0.98205686,-0.001699057,-6.467041,16.443848,125.41858,161.76372,328.21564,1120.2637
43.49375,42.99375,2459.556,0.50731695,0.00022545633,11.3671875,333.21997,498.9685,92.44458,271.28674,1215.9537
43.48125,42.00625,1793.4154,0.53696555,0.0019045299,-0.8927002,-132.77734,-315.8241,80.58225,216.56927,945.9652
43.48125,42.01875,1808.0127,0.40252417,-0.0002590114,-3.6837158,-172.32153,-281.55957,72.625755,262.83835,1193.446
43.48125,42.03125,2197.2993,0.64584374,0.00077489833,-7.3200684,-55.88208,147.29883,94.40604,295.7076,1233.0754
43.48125,42.04375,2529.7234,0.5785317,0.002600502,-37.88086,41.79248,533.4734,74.141754,210.93956,952.30884
43.48125,42.05625,2706.9412,0.7251315,0.0023622988,4.246582,258.56738,787.80725,98.25223,220.79062,967.7451
43.48125,42.06875,2338.2017,0.9523599,-0.0028411977,18.189453,142.41895,487.21985,120.07289,241.60919,1135.3121
43.48125,42.08125,1838.0874,0.6593035,0.0053885644,-39.346924,-62.002563,27.98462,113.80466,235.94121,1043.916
43.48125,42.09375,1534.5951,0.71019053,-0.0021422985,33.73474,-25.101074,-257.1383,82.30887,240.60237,924.28455
43.48125,42.10625,1299.8969,0.07809917,0.0020778084,-15.846191,-153.40173,-485.98364,20.694202,170.17784,798.2521
43.48125,42.11875,1653.5186,0.3519774,0.0065999404,-63.4729,-99.65051,-147.03662,72.60338,297.15738,1146.2396
43.48125,42.13125,2231.84,0.5843142,-0.0024903766,33.145264,170.54883,379.12915,82.407524,257.05933,1148.9843
43.48125,42.14375,2036.2223,0.58978254,-0.0025639108,9.971802,-103.16028,113.00635,98.46446,296.78275,1191.4733
43.48125,42.15625,2040.9985,0.44067562,-0.0003731081,-4.898926,-122.194336,33.180176,66.45676,292.43118,1257.2372
43.48125,42.16875,2269.5073,0.5436597,0.0025412776,-2.113037,-40.55005,176.82031,86.34524,255.44862,1089.177
43.48125,42.18125,2423.8325,0.7495683,-0.00087616633,-4.913574,-108.61401,271.63403,88.957855,209.2606,980.3784
43.48125,42.19375,2552.6814,0.6230198,-0.0006879485,4.580078,-30.143555,363.6499,73.90534,166.5758,848.48975
43.48125,42.20625,2636.6716,0.5665982,-0.0029310198,27.400635,210.25122,423.41406,91.45764,205.30708,892.60205
43.48125,42.21875,2378.2263,0.22686537,-0.002989008,51.46826,163.19604,155.19019,59.32116,195.24344,933.4795
43.48125,42.23125,1844.6307,0.84084165,0.0028673345,-36.77246,-206.92175,-376.46545,75.39728,189.72348,948.4927
43.48125,42.24375,2054.8586,0.7426983,-0.0023555616,22.217041,-9.491211,-156.05688,117.3744,300.2474,1243.3965
43.48125,42.25625,2081.4343,0.5588,-0.00054347614,9.074463,21.647705,-132.00415,86.39445,321.41718,1250.1678
43.48125,42.26875,2054.0918,0.6996068,0.000118147465,0.94799805,25.128418,-165.00757,117.70089,288.05295,1028.558
43.48125,42.28125,1928.3359,0.5903996,0.0045347386,-31.358154,-121.39917,-315.63867,77.37894,264.25272,958.6322
43.48125,42.29375,1913.1311,0.7387178,-0.0033454406,33.742554,-112.86304,-360.41382,100.04249,193.96971,919.4238
43.48125,42.30625,1986.4373,0.6460401,-0.004438611,43.309814,-58.35547,-317.31934,65.39495,131.22977,703.58203
43.48125,42.31875,2154.6833,0.39595908,-0.0019540158,12.227051,-2.394043,-180.44507,39.591667,168.62978,752.2274
43.48125,42.33125,2373.2058,0.44234607,-0.0011350283,3.7871094,102.503174,10.846436,61.306606,165.82973,700.5231
43.48125,42.34375,2426.324,0.37717083,0.0015944191,-10.882568,75.16431,25.184814,54.75856,164.6633,691.5773
43.48125,42.35625,2667.0244,0.2746594,-0.0020769613,28.101807,176.68213,216.85303,45.55217,158.91664,714.69556
43.48125,42.36875,2735.5273,0.24118462,-0.0009216628,11.305176,145.52734,223.91528,42.755116,120.05624,587.8784
43.48125,42.38125,2629.6045,0.33600354,0.00038722,-5.183838,27.370605,71.70166,59.707623,150.63367,616.9509
43.48125,42.39375,2520.2524,0.16572313,0.0013214698,-8.824707,-77.60474,-63.26709,32.171417,149.965,615.5554
43.48125,42.40625,2591.4731,0.07526927,0.0039919256,-22.953857,-11.532715,-19.63916,31.120733,148.84724,561.98486
43.48125,42.41875,2589.4443,0.39450076,0.0034542778,-26.426025,-21.004883,-41.2312,76.99351,163.53899,597.79956
43.48125,42.43125,2559.9463,0.38502687,-0.00040880888,6.718994,14.98999,-80.1814,50.28419,147.69563,627.66187
43.48125,42.44375,2469.7134,0.24978895,0.0014302342,-18.648193,-65.73169,-163.53296,49.989998,153.21553,685.7185
43.48125,42.45625,2515.7634,0.45901433,-0.0016592207,5.583008,-40.493896,-89.65967,63.126858,187.06683,790.1255
43.48125,42.46875,2501.941,0.31986123,0.00085020333,-3.890625,-5.814453,-57.93799,50.28419,186.95856,821.9946
43.48125,42.48125,2464.7053,0.24903998,-0.00053843996,7.0046387,-6.4206543,-57.20874,43.220367,186.49129,731.7759
43.48125,42.49375,2392.1794,0.25679064,-0.00022560944,-1.2460938,-25.500244,-96.791016,43.72642,166.75731,731.7759
43.48125,42.50625,2278.3577,0.16884756,0.0019423078,-21.052246,-35.021484,-154.97485,25.41653,122.993904,706.99854
43.48125,42.51875,2283.35,0.33196077,-0.0004530606,5.0566406,-29.206543,-101.70459,37.416573,100.23223,446.40356
43.48125,42.53125,2328.6853,0.20861639,0.0020180822,-13.829102,3.2763672,-18.872559,31.464266,100.93562,517.60767
43.48125,42.54375,2046.6487,0.3741956,0.0023585465,-30.37793,-161.5127,-278.73755,60.16228,115.14122,573.5548
43.48125,42.55625,2179.8826,0.5361399,-0.0005114928,-6.1914062,29.809814,-141.20068,37.60984,82.99699,400.10657
43.48125,42.56875,2124.1428,0.39413905,-0.0025863715,19.167969,-54.106445,-213.93872,56.462376,106.068375,532.5498
43.48125,42.58125,2222.3916,0.46994403,0.0005766622,-6.3166504,-44.93921,-137.57715,77.96794,156.5615,687.54297
43.48125,42.59375,2353.0916,0.38400736,0.00016548902,-4.3808594,-48.88208,-38.292236,51.67688,141.72685,639.1731
43.48125,42.60625,2604.6003,0.121824555,-0.0015959633,18.302734,114.26196,165.52441,27.376997,138.03079,597.76
43.48125,42.61875,2516.9883,0.30650523,-0.0005573495,9.576904,-2.3640137,25.951904,54.00463,161.25446,657.68335
43.48125,42.63125,2588.8074,0.24048495,-0.0022028054,23.112793,52.26709,44.186768,40.205723,174.34448,657.1387
43.48125,42.64375,2478.2185,0.21011476,0.0022284186,-22.545654,-72.34326,-107.016846,40.614037,160.86018,599.2898
43.48125,42.65625,2503.5142,0.22490877,-2.7536003e-05,0.55566406,-36.54834,-104.37988,35.644073,152.9526,618.7654
43.48125,42.66875,2480.3955,0.18522376,0.00059154886,-9.693115,-76.40845,-130.25952,32.04684,130.40706,550.72046
43.48125,42.68125,2554.313,0.09149017,0.00014077548,-3.8381348,-7.7075195,-44.34326,15.116217,99.383095,415.38452
43.48125,42.69375,2495.2988,0.11398807,-0.0005353144,9.145996,-1.4541016,-85.33057,25.826344,108.11799,517.44116
43.48125,42.70625,2301.995,0.19141728,0.0048245843,-49.449463,-77.60132,-252.45361,44.44097,110.7926,601.3628
43.48125,42.71875,2319.342,0.54902977,-0.002673621,23.902832,5.2612305,-205.42358,76.04275,111.79893,489.75635
43.48125,42.73125,2281.9978,0.38433546,0.005404401,-30.975098,-66.1062,-220.4436,65.98485,111.74972,489.75635
43.48125,42.74375,2443.7004,0.30920672,0.0017725676,-6.4714355,72.31836,-32.918213,41.922546,88.95223,409.18872
43.48125,42.75625,2293.7463,0.30946642,0.0020646176,-23.986328,-88.03125,-150.86353,35.049965,89.005615,454.5149
43.48125,42.76875,2508.0713,0.23028725,-0.0025891915,22.116943,55.95288,100.07593,40.66325,83.81825,432.71875
43.48125,42.78125,2490.868,0.123798884,0.0004265745,-2.6730957,31.25122,109.80469,23.937418,91.92388,477.01123
43.48125,42.79375,2310.0862,0.27536076,0.0013372832,-22.060547,-61.90503,-42.597656,26.645824,116.47746,519.6948
43.48125,42.80625,2303.9863,0.42561367,-0.0036492124,33.979736,33.4812,-24.790527,62.189228,115.35597,520.5349
43.48125,42.81875,2280.8933,0.23389848,-0.002379118,25.080566,25.375,-33.100098,34.08812,99.44848,431.7754
43.48125,42.83125,2270.4553,0.15114783,0.00040251453,-6.281494,3.8413086,-16.901367,34.741905,74.374054,359.9336
43.48125,42.84375,2165.0544,0.26091638,-0.0012235584,6.1782227,-48.317627,-93.16943,28.583212,74.3875,367.31543
43.48125,42.85625,2048.376,0.15866476,0.00166524,-26.983643,-117.075195,-185.91064,28.618176,93.03494,555.02295
43.48125,42.86875,2244.567,0.2667081,-0.0033074624,24.762451,44.56006,28.419922,46.36809,183.3153,948.69336
43.48125,42.88125,2169.8904,0.4606856,-0.00026459296,-3.3845215,-60.78076,-13.36792,53.68892,209.23431,948.69336
43.48125,42.89375,2111.6956,0.43263528,7.999292e-05,-2.3303223,-12.311768,-38.820557,65.30697,191.34393,1024.5265
43.48125,42.90625,1886.4977,0.17420632,0.0048504565,-37.570312,-142.1333,-233.90344,38.03288,128.37056,660.6123
43.48125,42.91875,2141.9414,0.30212992,-0.004143143,37.92627,165.9657,72.860596,43.387787,129.91055,627.40735
43.48125,42.93125,1721.9686,0.5048587,0.0001248384,-13.393188,-152.41357,-278.33386,47.958317,145.43297,641.2477
43.48125,42.94375,1725.6238,0.20597175,0.00046760705,-2.1779785,-54.89148,-210.40906,40.626347,181.98009,1053.3745
43.48125,42.95625,1751.6152,0.33740774,-0.0026194407,13.180786,10.916504,-158.56372,52.02163,228.95523,1172.1807
43.48125,42.96875,1727.3003,0.5018327,-0.004260055,38.470947,73.75525,-178.6836,63.863136,240.48648,1247.1165
43.48125,42.98125,1435.5641,0.40599722,0.0048959674,-35.40149,-177.62012,-475.81335,55.738228,252.3663,1232.6572
43.48125,42.99375,1702.5804,0.4203156,-0.0016535694,7.3742676,-95.40796,-218.80566,72.10583,314.39862,1263.6694
43.46875,42.00625,2018.6648,0.38290054,-0.0012348759,13.346191,-7.831909,-88.36694,44.98611,234.23973,1062.4894
43.46875,42.01875,2272.2617,0.31213123,0.0024960013,-25.548584,28.83667,179.98682,33.13608,278.1762,1143.5511
43.46875,42.03125,2748.936,0.30810225,-0.006885694,63.89673,320.53003,697.16797,46.20065,198.9686,989.6428
43.46875,42.04375,2387.6704,0.6868057,-6.0765546e-05,-10.713379,-27.714844,389.15503,112.67875,261.29868,1185.9165
43.46875,42.05625,2283.6597,0.68575007,0.002488099,-17.539795,15.556641,350.19592,101.788994,324.90308,1276.583
43.46875,42.06875,1961.8174,0.47746405,0.00018181934,-11.720093,-97.13794,79.10828,77.260925,311.7579,1310.0448
43.46875,42.08125,1895.8971,0.4674127,-0.0018370982,10.3203125,91.85376,41.756348,87.83365,281.05292,1120.434
43.46875,42.09375,1447.5526,0.76738703,0.0020385422,-14.49353,-69.77283,-386.54358,99.26732,227.10846,910.09424
43.46875,42.10625,1405.1088,0.6022693,0.0019006621,-10.739624,-86.30676,-416.5083,62.556973,187.524,775.542
43.46875,42.11875,2051.544,0.6831401,-0.00024022872,8.237305,224.04968,222.23413,86.788536,284.54877,1122.8729
43.46875,42.13125,2411.8894,0.3371838,-0.0027921868,35.090088,249.67407,531.9386,65.02692,232.68434,1151.6177
43.46875,42.14375,2725.7715,0.3446299,-0.0045953197,59.101562,340.865,775.01355,63.423183,242.23749,1153.1897
43.46875,42.15625,2649.117,0.68517244,0.0034105834,-16.454346,108.226074,619.8352,117.4287,251.10057,1013.14685
43.46875,42.16875,2868.9463,0.5210526,-0.0074807936,59.75,226.41504,760.1487,86.10459,241.34209,1017.32556
43.46875,42.18125,2778.394,0.3882799,0.0026347262,-20.021973,33.69214,612.8535,61.70089,186.4551,914.97485
43.46875,42.19375,2953.9565,0.6572238,0.00029963077,-3.5844727,193.84302,745.999,79.69316,147.84282,798.9165
43.46875,42.20625,2499.4734,0.49847138,-0.00075896026,-7.2507324,-100.90332,258.7893,63.592453,203.35806,996.18604
43.46875,42.21875,2100.9187,0.40344247,0.008271792,-59.82007,-271.85034,-158.7644,65.23036,220.29298,992.81323
43.46875,42.23125,2350.755,0.4176965,0.005767424,-37.825195,-27.427734,80.07739,84.19026,328.13107,1453.3195
43.46875,42.24375,2620.8257,0.6384801,0.0022244568,-14.532715,47.70752,346.43604,110.66617,358.99582,1459.8165
43.46875,42.25625,2590.9368,0.54163885,0.0017816178,-21.26416,17.823975,304.29346,76.54737,324.99307,1371.1198
43.46875,42.26875,2425.128,0.48702785,-0.0011738093,2.2243652,-79.29932,127.18994,81.29883,286.95035,1333.1583
43.46875,42.28125,2504.1238,0.41791582,-0.0039819353,28.295166,24.208984,174.6482,77.685265,279.1532,1343.3402
43.46875,42.29375,2451.859,0.5680042,0.00348437,-20.947754,100.4082,83.4082,80.49223,302.31192,1372.1707
43.46875,42.30625,2164.8887,0.70611197,0.0025324163,-15.731934,-48.301025,-245.24902,120.68968,242.93929,1060.2122
43.46875,42.31875,2103.101,0.52582693,-0.0049565714,32.982666,-118.09546,-349.27515,89.63816,211.29718,934.67957
43.46875,42.33125,2134.4382,0.4486851,-0.0011062807,5.7910156,-168.33228,-351.6338,79.33473,211.77582,941.50964
43.46875,42.34375,2220.6309,0.6297759,-0.0005746862,14.741211,-124.76099,-302.8589,87.183716,191.41447,865.34143
43.46875,42.35625,2230.0452,0.46422538,0.0036535158,-37.478027,-190.79492,-340.45996,60.348984,176.3902,779.9834
43.46875,42.36875,2484.564,0.28868192,0.0038662986,-30.161865,-98.98071,-145.67993,34.763485,186.58109,927.18555
43.46875,42.38125,2735.6233,0.34276587,0.0028838932,-30.388916,-51.46167,60.63501,53.76337,185.3065,894.71313
43.46875,42.39375,2817.524,0.50492746,0.0024474845,-24.91504,-56.49292,122.88281,77.694916,200.41956,773.3196
43.46875,42.40625,2852.4968,0.26203406,-0.0027734253,19.476318,-35.50293,137.10205,42.9127,208.03246,869.9009
43.46875,42.41875,2916.97,0.17114322,-0.0011152071,6.8164062,25.775879,189.03687,33.83785,185.5438,836.4104
43.46875,42.43125,2697.1592,0.55057544,0.0047918363,-31.946533,-57.72412,-33.462646,77.12652,191.2799,855.86914
43.46875,42.44375,2715.5813,0.35097286,-0.0013054794,7.5759277,-23.369629,-4.588867,51.46358,187.09088,811.5166
43.46875,42.45625,3020.1838,0.33936837,-0.0019849201,20.525879,192.98267,330.3313,53.094257,182.1428,761.69604
43.46875,42.46875,2804.3547,0.52701867,0.0022282172,-22.22705,30.806152,164.31567,92.0842,167.28569,749.58887
43.46875,42.48125,2871.1108,0.5718165,0.00036657258,0.017822266,161.64282,274.14575,89.26086,143.88364,604.52344
43.46875,42.49375,2824.8513,0.46906665,-0.0040911064,46.81543,217.7539,266.44336,60.22043,163.20079,712.1804
43.46875,42.50625,2426.6218,0.31505504,-0.0013788965,14.946289,-20.817627,-68.059814,50.194622,140.18738,656.29663
43.46875,42.51875,2422.6016,0.26095054,-0.0015246178,13.1032715,-8.100098,-21.908691,35.256207,118.95587,552.02344
43.46875,42.53125,2522.3225,0.15867077,0.0002567953,-4.0646973,85.60791,109.08325,31.232996,132.42923,691.08496
43.46875,42.54375,2313.0242,0.3114001,-0.0013339303,19.484863,24.898682,-81.41992,60.971306,154.74818,627.0736
43.46875,42.55625,2232.476,0.34956685,-0.008046677,41.466064,10.661377,-155.10742,62.153038,103.50845,487.53577
43.46875,42.56875,2221.2654,0.4308067,0.00010293132,2.6228027,-46.70996,-179.91455,72.04859,109.01147,530.944
43.46875,42.58125,2361.9634,0.5492025,8.975007e-05,-0.29541016,24.860352,-58.4209,79.45124,140.33176,591.2766
43.46875,42.59375,2660.6782,0.21736643,-0.00068621326,15.016602,175.92651,206.88232,32.37283,168.24239,756.65625
43.46875,42.60625,2697.5535,0.5352976,0.000761572,-8.2751465,18.42163,190.69165,87.54713,178.44608,803.4607
43.46875,42.61875,2769.448,0.32410342,0.0016375672,-11.420654,-26.104492,212.4961,51.434425,176.05255,681.6355
43.46875,42.63125,2823.7705,0.20769118,0.0012723476,-15.940186,12.385254,223.36987,38.470768,169.35318,676.1072
43.46875,42.64375,2754.3887,0.4920203,0.001695465,-16.59253,-43.509277,119.263916,59.824745,146.62878,607.5298
43.46875,42.65625,2846.8328,0.15619276,-0.0013058998,15.681885,46.595215,185.9956,36.38681,176.26826,738.1582
43.46875,42.66875,2776.0642,0.25755796,0.0017194607,-11.396484,-18.60083,106.657715,39.579037,179.40457,738.1582
43.46875,42.68125,2788.0903,0.15937686,-0.00068325066,5.9716797,36.06201,123.35669,28.293108,147.94931,712.4956
43.46875,42.69375,2678.1084,0.28618357,-0.0019091447,22.287354,24.10962,28.298096,45.738388,156.27539,819.8479
43.46875,42.70625,2465.3618,0.2541617,-0.0014512494,12.606445,-80.89844,-161.49927,39.755505,151.00829,694.51025
43.46875,42.71875,2566.502,0.1551348,0.00031777035,-4.722168,70.69702,-33.166992,34.285564,171.24835,712.6804
43.46875,42.73125,2390.5876,0.4607364,-0.0055438117,31.04126,-62.78833,-185.39478,56.995613,153.00816,710.5088
43.46875,42.74375,2486.4329,0.4204737,-0.0021576209,24.005127,49.313965,-59.768555,69.30729,103.70149,527.4673
43.46875,42.75625,2493.359,0.2866812,6.0802075e-05,3.6464844,27.616455,-17.015625,34.051434,82.443924,384.2483
43.46875,42.76875,2539.1355,0.3220246,0.0020077757,-18.878418,27.939453,70.79639,59.73274,76.65833,400.11035
43.46875,42.78125,2598.7546,0.2399591,0.0005905487,-9.330811,52.15503,164.97803,29.470324,71.242546,416.27368
43.46875,42.79375,2496.1926,0.17156601,0.0043850057,-31.37793,-13.894287,94.538574,39.874805,105.49171,527.31445
43.46875,42.80625,2427.4001,0.43706578,-0.002048149,7.835449,-10.914795,56.01245,62.59393,126.52075,600.6797
43.46875,42.81875,2443.0981,0.18415341,2.7474964e-05,3.277832,40.60034,96.043945,33.75648,109.48059,481.64966
43.46875,42.83125,2350.2979,0.15618475,0.0016882422,-17.933838,-11.519287,35.99536,30.438463,83.28866,447.37695
43.46875,42.84375,2323.996,0.14065984,-0.00026746053,7.6713867,45.169678,46.642334,16.703293,73.7021,389.271
43.46875,42.85625,2281.1921,0.172599,-0.0017462573,13.039307,121.02417,40.279297,38.307964,116.68976,607.2134
43.46875,42.86875,2004.0178,0.27813998,0.0010921564,-5.23291,-33.0343,-208.65552,59.466377,131.9697,620.72046
43.46875,42.88125,1862.3328,0.15621565,0.001822281,-21.78247,-114.587036,-308.60693,33.08323,135.99173,593.92163
43.46875,42.89375,2033.7462,0.32041922,0.00017291149,-3.1461182,110.59094,-85.85315,37.782272,133.2676,610.5814
43.46875,42.90625,1739.358,0.18003328,0.0024417883,-15.470825,-128.5343,-328.56262,34.14308,137.0438,599.7849
43.46875,42.91875,1983.5631,0.45796782,-0.0005426323,3.5202637,148.88733,-22.407349,73.59178,160.11246,666.37524
43.46875,42.93125,1776.9277,0.534104,-0.00298662,5.2736816,29.565918,-155.25403,73.593475,165.27553,702.1804
43.46875,42.94375,1539.5543,0.40018508,0.00372701,-3.3946533,-79.67786,-330.7317,61.239285,106.09901,483.60376
43.46875,42.95625,1421.242,0.2937273,0.006704444,-38.54309,-137.95764,-430.33716,46.048885,104.088905,461.50098
43.46875,42.96875,1305.3492,0.19977807,0.0011616936,-35.100098,-194.84436,-546.93286,39.212563,123.74773,524.11523
43.46875,42.98125,1227.5,0.10508512,0.005025442,-39.07312,-191.50146,-633.339,33.203915,120.68399,507.25867
43.46875,42.99375,1395.6199,0.528076,-0.0051662675,29.710083,-178.79333,-486.0349,65.67819,318.88007,835.3356
43.45625,42.00625,2463.7058,0.5780244,-0.0020191346,28.042236,77.77661,361.55005,94.10632,262.61758,949.92566
43.45625,42.01875,2676.9644,0.56146216,-0.00233938,26.323242,205.3125,575.50854,85.410774,205.24376,839.23474
43.45625,42.03125,2586.9785,0.33241516,-0.0046562343,67.171875,217.02686,510.85254,66.3438,223.3898,1095.6561
43.45625,42.04375,2131.2983,0.802484,0.0010815157,-20.704346,6.5578613,94.39514,99.08834,262.3833,1314.9865
43.45625,42.05625,1793.1703,0.7579348,0.00036234892,-31.334229,-73.59778,-194.90149,85.53947,256.34985,1007.50195
43.45625,42.06875,1767.5137,0.43375146,-0.0037067982,41.645996,100.24451,-192.7091,73.47619,218.19774,942.29834
43.45625,42.08125,1463.327,0.52840054,0.0008935408,1.8145752,-76.71838,-476.8319,57.482605,156.62694,610.4911
43.45625,42.09375,1365.9452,0.05563501,-0.0005242139,1.3514404,-95.11377,-550.9077,5.91608,130.63403,578.048
43.45625,42.10625,1381.4108,0.15783414,0.0006405607,-8.321777,-95.987915,-515.5874,17.933907,148.93623,729.3085
43.45625,42.11875,1574.1538,0.79593694,0.00057309045,-15.453247,-71.08801,-319.19128,117.67434,264.08664,1038.2644
43.45625,42.13125,1746.0447,0.5005797,0.0036700838,-29.855225,-159.46655,-184.7395,82.21466,313.10062,1319.0176
43.45625,42.14375,2109.2114,0.6256189,0.002819413,-23.843506,-86.70947,113.51428,84.97058,331.94202,1426.7998
43.45625,42.15625,2487.6838,0.6659686,-0.0028151292,18.062988,29.453125,414.60498,107.2567,313.23154,1277.2788
43.45625,42.16875,2673.1025,0.60209244,-0.0022663195,20.055664,66.06494,535.7656,90.78546,252.60245,958.16724
43.45625,42.18125,2683.6628,0.54438084,0.0012135338,-5.4020996,48.483887,497.25952,93.89089,263.0114,1084.2034
43.45625,42.19375,2655.615,0.5821254,-0.003529534,25.482178,45.741943,423.9077,105.49171,275.3498,1084.2034
43.45625,42.20625,2762.901,0.47904414,-0.00022586998,17.992676,226.70972,484.3286,73.94931,225.7277,1030.0898
43.45625,42.21875,2469.1885,0.6465925,0.00077359524,-2.9016113,-5.7753906,157.85034,96.81684,145.14992,738.1018
43.45625,42.23125,2715.5312,0.64278954,-0.00080328685,12.539307,93.67383,381.1477,74.10803,222.52078,1130.4692
43.45625,42.24375,3114.6262,0.5390725,0.0014167802,8.180176,274.729,770.959,80.399,168.76907,878.3767
43.45625,42.25625,3112.8435,0.5931843,-0.0053383335,57.25879,232.63281,758.32715,69.856995,165.28763,838.7246
43.45625,42.26875,2878.4487,0.7441383,0.003930323,-33.560303,8.646973,508.4436,111.90174,196.40901,897.46826
43.45625,42.28125,3156.1736,0.66946757,-0.0069341534,64.880615,302.1902,753.11865,90.58145,209.95952,912.7429
43.45625,42.29375,2696.914,0.30528438,0.0005152731,-20.269287,-82.34326,257.97485,79.96874,253.62473,1091.115
43.45625,42.30625,2638.4111,0.680378,0.0005843078,-8.281738,22.351562,160.76929,95.435844,291.95035,1160.6417
43.45625,42.31875,2518.7498,0.6537651,-0.0015122856,4.694336,-66.724365,-5.262451,106.19322,282.91785,1186.5345
43.45625,42.33125,2688.5571,0.5147686,0.0028267882,-16.89624,-12.7438965,121.23804,83.97619,330.49207,1260.1672
43.45625,42.34375,2856.6724,0.44177246,-0.0042086714,38.084717,157.51636,243.47607,73.174446,362.11737,1260.1672
43.45625,42.35625,2503.8845,0.5759759,-0.0017112552,13.9748535,-85.677246,-164.41089,86.588104,304.507,1177.4182
43.45625,42.36875,2380.686,0.7403028,0.0007665115,-19.003906,-202.27612,-355.6128,69.3145,209.53758,1002.562
43.45625,42.38125,3036.66,0.6295155,-0.001828442,39.015625,242.82178,250.52734,93.35952,216.5687,921.4009
43.45625,42.39375,2974.5906,0.5191402,0.0039441613,-52.675537,-42.448975,164.20166,88.02273,160.35274,833.1299
43.45625,42.40625,3265.0747,0.17999354,-0.00507595,71.16455,133.73926,431.15112,58.736702,169.29265,745.3833
43.45625,42.41875,3213.915,0.79279596,0.0039815395,-27.743164,75.98364,369.42847,95.58243,179.01396,853.6614
43.45625,42.43125,2890.8457,0.6349251,0.0007957705,-9.319824,-82.57837,47.88623,76.42644,222.7869,993.3943
43.45625,42.44375,2781.9263,0.61839813,-0.00034689598,2.3857422,-136.16528,-46.818848,63.992188,178.28067,871.10767
43.45625,42.45625,3202.478,0.17902431,-0.0039892625,38.036865,209.60327,405.7744,32.817677,127.74584,710.97485
43.45625,42.46875,2790.2507,0.57665706,0.0028412028,-21.201904,-154.87793,48.614502,49.764446,129.17043,764.10376
43.45625,42.48125,2707.0735,0.48145527,0.0047670337,-28.927734,-153.26147,12.64624,57.88782,126.2042,647.9243
43.45625,42.49375,2590.6936,0.30398282,0.0060795397,-35.973633,-162.31885,-61.44409,53.958317,163.42276,797.49365
43.45625,42.50625,2535.8005,0.6490439,0.0020207525,-27.48706,-130.09497,-48.355225,95.9974,208.05528,819.4944
43.45625,42.51875,2627.5564,0.30171248,0.00073432835,-12.108643,-44.267334,95.75952,56.74945,214.0,819.4944
43.45625,42.53125,2560.4517,0.32946825,0.0014583046,-11.78833,-31.408691,54.25952,49.64373,166.9476,756.80176
43.45625,42.54375,2358.0127,0.27299362,0.00082074007,-6.398926,-5.0549316,-131.19775,25.670996,174.40184,768.01855
43.45625,42.55625,2113.764,0.323271,0.006008713,-49.18701,-174.55591,-361.9126,75.67695,114.20158,528.2715
43.45625,42.56875,2495.6907,0.5768896,-0.0008376969,10.500732,90.46924,9.438232,62.25753,183.40393,782.2178
43.45625,42.58125,2312.6184,0.3825301,0.0014572693,-10.490723,-115.961426,-189.45142,70.43792,195.89793,761.38086
43.45625,42.59375,2347.602,0.43828875,-0.0008022712,12.373779,-109.896484,-190.24658,67.874886,181.8241,756.65625
43.45625,42.60625,2651.4465,0.5808464,0.0015994923,-13.099365,-20.624023,57.35376,90.793724,222.8329,902.4497
43.45625,42.61875,3037.5227,0.30059275,-0.001701243,17.4917,136.10742,390.75757,53.497665,149.3218,723.9336
43.45625,42.63125,3040.638,0.07829196,-6.894192e-06,1.2558594,52.736084,357.28955,16.27882,93.60555,417.61084
43.45625,42.64375,3056.3992,0.101033024,-7.7552235e-05,1.6206055,52.902832,342.3623,24.24871,122.43774,529.8115
43.45625,42.65625,3027.4395,0.55220634,0.0027095096,-24.857178,-18.675293,280.0376,65.44463,139.7462,518.437
43.45625,42.66875,3192.891,0.48568723,-0.0055972165,46.357178,127.13428,432.7544,69.641945,161.32886,626.69604
43.45625,42.68125,3121.843,0.32214272,-0.0049895593,55.009766,105.5708,361.61377,62.745518,189.24852,751.34595
43.45625,42.69375,2852.4497,0.37209448,0.0011317667,-13.394531,-52.318848,107.37549,60.950798,205.65991,957.2285
43.45625,42.70625,2738.0718,0.43804267,-0.00011696616,4.8640137,-52.797607,20.480469,70.067825,180.60039,824.1714
43.45625,42.71875,2861.9963,0.18644808,-0.003386074,26.654297,110.826416,177.37793,32.41913,165.40254,735.77246
43.45625,42.73125,2723.01,0.38632673,0.003005531,-4.8498535,45.89038,68.68091,53.45559,182.21416,836.7368
43.45625,42.74375,2460.8467,0.14418392,0.0048438497,-38.435303,-137.73877,-158.43799,39.54112,147.56863,734.12915
43.45625,42.75625,2555.4685,0.39587548,0.002610868,-11.498535,-52.807617,-22.102295,63.808308,144.74632,693.7151
43.45625,42.76875,2519.7725,0.1604782,-9.4818104e-05,-2.6972656,-107.10034,-12.93457,25.816662,131.48955,620.24634
43.45625,42.78125,2589.295,0.24873196,-0.0031210338,19.76294,-57.43921,92.6189,34.058773,96.56863,441.9563
43.45625,42.79375,2726.3599,0.1711117,-0.0027000457,22.980713,103.552734,263.8457,40.41658,81.71903,424.3933
43.45625,42.80625,2514.9827,0.33485398,0.0014744932,-16.331055,-34.473877,86.93457,36.027767,71.96179,365.0459
43.45625,42.81875,2518.3396,0.33595088,0.0021841582,-7.133545,37.439453,124.428955,45.75478,56.426945,272.9685
43.45625,42.83125,2396.3608,0.2586494,0.0018158895,-15.20459,6.02124,40.722168,38.85872,90.59525,536.82495
43.45625,42.84375,2311.2454,0.28581017,-0.00088334235,3.7841797,52.166504,-2.4814453,26.353369,120.87183,547.4133
43.45625,42.85625,2166.3208,0.71093947,-0.0015079076,14.323486,35.66284,-102.15723,85.86617,145.05516,607.2134
43.45625,42.86875,1779.0134,0.17601138,0.0052711396,-47.71692,-244.56824,-444.96655,40.255436,149.56938,625.3391
43.45625,42.88125,1751.8104,0.5243169,0.0021011722,-41.7312,-182.94763,-406.86902,51.278652,139.33324,683.9944
43.45625,42.89375,1658.0189,0.1539621,0.0063686077,-56.69995,-222.24548,-424.02283,46.319542,124.750755,582.9867
43.45625,42.90625,1614.4825,0.31554395,0.0061035827,-78.12219,-222.35242,-400.22534,60.88514,138.14757,644.26
43.45625,42.91875,1553.7916,0.1858273,0.0044978587,-69.93469,-246.50916,-398.15125,55.36696,151.92844,661.0669
43.45625,42.93125,1761.9242,0.4836925,0.0027897037,-11.671875,-15.064941,-111.81262,90.727615,168.4154,699.39624
43.45625,42.94375,1752.7395,0.287227,0.00011725876,0.5715332,16.09375,-56.766968,51.81216,179.81935,693.8638
43.45625,42.95625,1738.1593,0.24662136,-0.00092077354,10.792847,42.319946,-53.373535,50.51485,180.09927,696.7512
43.45625,42.96875,1681.6501,0.20025872,-0.00033496358,-0.006591797,66.653564,-115.71875,35.787567,167.4067,731.8793
43.45625,42.98125,1545.1154,0.2741289,-0.00034047206,-0.23730469,97.59668,-272.88965,45.417507,162.24326,665.9415
43.45625,42.99375,1287.8298,0.30167574,0.0013028001,-9.928467,-237.97058,-566.9934,41.095924,345.36612,944.0814
43.44375,42.00625,2721.465,0.54479235,-0.0024895545,51.495605,244.05542,612.20386,67.04476,234.19864,1159.8921
43.44375,42.01875,2423.5696,0.6730291,-0.0012666726,8.299072,110.343994,296.6648,85.99709,350.85965,1339.7434
43.44375,42.03125,2096.233,0.644403,-0.0036320274,38.806396,67.207886,-27.866943,114.01754,378.64694,1322.5339
43.44375,42.04375,1686.3893,0.7708205,-0.0013854197,2.4522705,-101.43652,-420.57678,117.27106,307.74463,1159.3263
43.44375,42.05625,1433.9496,0.13672172,0.001314703,-20.146362,-211.17639,-646.0404,36.670834,219.6002,891.01807
43.44375,42.06875,1438.2008,0.110079184,-0.00044070013,2.8215332,-135.18237,-631.7103,18.877897,161.83788,701.59644
43.44375,42.08125,1525.5992,0.63585913,0.0019192513,-23.06665,-114.23743,-534.52795,100.8427,268.18604,1128.7831
43.44375,42.09375,1798.6646,0.6457574,0.0023962515,-8.24939,36.682373,-233.91846,115.00108,351.57468,1192.5785
43.44375,42.10625,1639.0958,0.60284126,-0.0008229776,3.4555664,-67.60608,-367.39746,103.57002,330.3975,1185.4833
43.44375,42.11875,1426.073,0.12571624,-0.00020624406,-5.711792,-141.35376,-567.0553,20.721365,192.14122,923.0471
43.44375,42.13125,1472.4346,0.34376633,0.0034776235,-41.43152,-129.33081,-536.97375,82.12338,180.66959,702.4575
43.44375,42.14375,1793.6981,0.6218299,-0.0015252313,19.153687,9.980469,-260.88928,81.41253,258.53094,1057.2242
43.44375,42.15625,2169.6096,0.6854154,-0.0034451617,38.965576,145.53723,49.255615,102.40605,291.09708,1220.1921
43.44375,42.16875,2201.7617,0.5333734,0.004433837,-52.65918,-31.815918,31.868408,67.316414,249.81894,1175.734
43.44375,42.18125,2430.339,0.6196763,0.002120052,-4.648926,169.23535,219.85742,65.08456,232.8594,1001.0663
43.44375,42.19375,2067.015,0.5111918,0.00052861596,-13.719482,-177.61694,-195.47632,60.315834,222.77007,1046.8138
43.44375,42.20625,2174.9888,0.36024478,0.0021058628,-13.635254,-181.4419,-148.57178,57.46303,208.11536,931.3849
43.44375,42.21875,2467.2158,0.46364662,0.0008498951,-1.2924805,-32.67383,97.26099,69.3145,133.99814,670.6719
43.44375,42.23125,2517.086,0.4497092,-0.00015034065,-6.1240234,-104.468994,106.65137,41.5271,134.97963,783.7942
43.44375,42.24375,2691.5012,0.33638686,-0.00070739794,2.3640137,-45.877686,252.95557,61.359596,156.97293,745.73584
43.44375,42.25625,2764.165,0.23612408,-0.0019241335,4.703369,-56.826904,310.38818,41.503014,161.33815,712.1284
43.44375,42.26875,2835.1194,0.25701374,0.0013572584,-13.587158,-40.22412,368.073,47.60252,176.08379,834.37646
43.44375,42.28125,3021.6099,0.23150234,-0.0024010546,18.724854,128.07349,522.3479,32.817677,171.9273,834.37646
43.44375,42.29375,2887.0593,0.37209582,0.0012699103,-17.536377,-24.0896,357.66528,70.35624,134.3689,655.8425
43.44375,42.30625,2932.2344,0.34814098,0.0022527967,-24.53125,68.87793,377.01587,60.348984,159.36906,804.8369
43.44375,42.31875,2685.6016,0.105480485,0.0025872225,-21.793945,-163.7583,91.31299,24.114311,155.44774,830.72974
43.44375,42.33125,3056.1233,0.60560846,-0.00043711293,2.8217773,110.733154,415.99634,91.90212,158.30983,831.22217
43.44375,42.34375,3240.5762,0.38116896,-0.0025257943,38.4729,221.45483,550.761,67.29041,168.29736,849.6826
43.44375,42.35625,3165.419,0.40682054,-0.0034302329,49.600098,248.88843,410.0691,61.18006,224.37692,961.5051
43.44375,42.36875,2801.2395,0.5873661,-0.0042502386,48.754883,54.93286,-34.007324,73.569695,193.73306,878.80396
43.44375,42.38125,2542.4634,0.60303074,0.002575632,-33.413086,-195.8938,-346.1494,72.32565,160.2342,747.71704
43.44375,42.39375,2847.3599,0.45591003,0.005629813,-61.19995,-92.61401,-70.30151,71.20393,205.11948,872.8286
43.44375,42.40625,3362.5586,0.6147674,-0.00266814,34.752686,156.66406,411.84692,63.874878,182.57327,945.7483
43.44375,42.41875,3521.8313,0.5380958,-0.0055207186,53.448242,218.63354,550.2051,60.041653,142.51315,712.95654
43.44375,42.43125,3162.725,0.66750413,0.004045837,-28.331055,-30.567627,184.95703,93.55747,204.15436,866.63965
43.44375,42.44375,3087.814,0.3769769,0.0020842364,-31.076172,-15.687744,120.670166,85.80792,183.70628,771.32544
43.44375,42.45625,3412.0574,0.41521198,-0.009700497,100.688965,336.12842,475.96533,76.06576,161.149,677.42236
43.44375,42.46875,3129.7148,0.54709953,-0.003912809,20.70752,140.37598,250.80176,79.05694,158.15814,751.4087
43.44375,42.48125,3053.7776,0.7569822,0.0023142733,-4.9868164,167.76294,225.32788,73.21202,146.04451,629.87134
43.44375,42.49375,2945.9568,0.4793891,0.0050020707,-17.704834,144.24512,163.28369,57.157677,153.8262,680.1931
43.44375,42.50625,3051.4326,0.06307372,-0.0035102866,30.745117,283.364,339.1687,39.40812,161.01086,593.6897
43.44375,42.51875,2783.5886,0.39045215,0.0007580315,-16.313477,46.235596,126.066895,62.21334,172.67455,666.35645
43.44375,42.53125,2582.0796,0.4986934,-1.922286e-05,-8.546631,4.9487305,-47.026855,91.22226,180.14023,855.56104
43.44375,42.54375,2302.113,0.33596846,-0.0019174536,13.621826,-67.5791,-304.99316,55.040894,143.47649,738.58594
43.44375,42.55625,2324.4556,0.01968898,-0.0003392792,8.047852,-27.100342,-260.30054,13.057565,130.32076,712.4099
43.44375,42.56875,2583.9485,0.43219808,0.0003912526,-0.88500977,30.778076,-5.740967,51.87485,176.3831,771.6311
43.44375,42.58125,2812.3398,0.60604185,-0.0001238015,11.294434,162.43457,206.39111,82.75566,200.94402,791.67285
43.44375,42.59375,2487.4678,0.584777,-0.0023696735,11.160645,-56.818115,-153.3916,88.63408,223.09528,791.67285
43.44375,42.60625,2388.0952,0.596734,0.00020255962,-5.460449,-141.72144,-309.2444,84.93233,184.4397,827.9436
43.44375,42.61875,2745.7107,0.45351213,-0.001675308,16.156738,58.009277,-5.500244,70.95773,239.85307,822.2134
43.44375,42.63125,2936.8938,0.4349081,-0.0021773279,21.033936,115.95117,148.79346,84.72898,242.66026,774.56665
43.44375,42.64375,2981.8423,0.64705557,-0.0012935189,11.876953,87.57788,160.59692,94.12757,238.50682,827.7654
43.44375,42.65625,3007.5552,0.55809325,-0.00049690105,-3.9094238,11.689209,146.32275,95.51963,212.55588,774.6509
43.44375,42.66875,3222.2317,0.31137478,-0.0006175531,9.227051,111.58765,339.7981,46.936127,169.93529,794.1106
43.44375,42.68125,3389.2373,0.15041116,-0.00026758315,19.197754,230.29932,502.51392,27.037012,154.01949,630.6948
43.44375,42.69375,3177.8728,0.2651372,0.0037054282,-41.955566,41.657715,307.7749,59.523106,169.21584,688.9009
43.44375,42.70625,3095.5962,0.45630705,0.00090657803,-6.5390625,19.572021,257.64844,89.50977,193.76274,748.499
43.44375,42.71875,2945.883,0.21600248,0.0027757795,-27.382324,-78.509766,143.35278,46.281746,182.63077,719.61816
43.44375,42.73125,2912.2478,0.47047457,1.9824402e-05,-2.559082,-21.893066,145.10742,61.652252,195.79071,924.2556
43.44375,42.74375,2839.8845,0.40105808,-0.0014290934,14.653564,7.7666016,115.543945,64.191124,171.85605,745.7722
43.44375,42.75625,3006.3428,0.17575487,-0.006612074,53.398438,229.14258,325.5708,35.22783,150.65192,697.70776
43.44375,42.76875,2926.4827,0.33655357,-0.0034494603,49.651855,192.69385,290.81958,45.122055,119.98333,524.5176
43.44375,42.78125,2793.4863,0.19407174,0.00084206485,-4.9074707,72.80444,195.88574,27.604347,88.03124,420.93018
43.44375,42.79375,2770.0283,0.18075223,-0.0048040138,54.79712,111.63696,206.42944,41.509037,91.24418,445.87134
43.44375,42.80625,2505.2456,0.6097869,-0.0017273668,8.352783,-4.7697754,-18.496582,79.034805,138.87404,683.2964
43.44375,42.81875,2489.8472,0.5671405,-0.0019123298,15.559082,118.59546,15.733643,75.32596,143.37888,553.7075
43.44375,42.83125,2346.75,0.57236373,-0.0019314893,16.37378,68.07007,-69.33667,84.87049,142.74103,590.3854
43.44375,42.84375,2070.505,0.58664024,0.0008769766,-9.084961,-113.133545,-285.12622,82.68313,128.77112,547.4133
43.44375,42.85625,2141.139,0.43141076,0.001040844,-10.116943,-31.408203,-146.0664,74.30343,178.36198,761.20044
43.44375,42.86875,2337.3364,0.38000873,-0.0010103742,9.27832,152.32227,127.58618,68.46167,200.43951,799.8678
43.44375,42.88125,2124.1228,0.6569196,0.00014516801,-1.1120605,19.983398,12.315186,64.401085,202.39072,843.225
43.44375,42.89375,1924.7216,0.3203204,0.0054567,-39.967285,-142.00061,-86.24548,60.288887,215.98842,824.46814
43.44375,42.90625,2069.3945,0.51631755,-0.0023823385,7.1188965,20.37207,139.01807,83.53143,226.88213,885.74146
43.44375,42.91875,2147.0273,0.51872724,-0.003323418,34.42627,183.31628,281.03308,78.507965,195.7358,869.61523
43.44375,42.93125,2063.737,0.539018,-0.005519295,47.243042,220.99731,267.75208,66.96828,176.82336,805.1499
43.44375,42.94375,1778.6669,0.7267221,0.003336289,-24.825562,42.12683,38.508423,114.6342,209.84518,848.35364
43.44375,42.95625,1890.0001,0.6622522,-0.0014324548,27.400635,247.66296,159.98853,97.742004,259.5973,856.94836
43.44375,42.96875,1642.7195,0.7470655,0.0015508992,7.6033936,129.24426,-108.311035,106.53051,263.52798,837.0482
43.44375,42.98125,1305.0918,0.76183575,-0.0009937974,-0.1619873,-68.54956,-484.17627,118.79236,205.70184,682.5685
43.44375,42.99375,1120.6218,0.06965944,-0.0006021391,2.6173096,-404.0276,-718.24475,11.18034,361.03046,946.21606
43.43125,42.00625,2055.525,0.63830584,0.0010581329,-9.228027,-9.641357,-81.088135,90.28843,390.85226,1300.5417
43.43125,42.01875,1692.0547,0.5468667,0.00593059,-37.435425,-154.16956,-478.1245,108.03587,328.62668,1209.2617
43.43125,42.03125,1514.2238,0.03791268,0.00032250746,-4.821289,-200.6449,-676.1222,9.041571,221.72223,979.7617
43.43125,42.04375,1587.2402,0.41876706,-0.0011953446,3.2929688,-127.44824,-605.3474,68.17808,244.63034,1060.5948
43.43125,42.05625,1776.496,0.53410625,0.0035431918,-23.836304,-62.538452,-409.2682,102.39873,356.9121,1253.9417
43.43125,42.06875,1979.4485,0.79557675,-0.002744665,33.169678,108.061646,-209.77979,113.46585,330.16397,1253.9417
43.43125,42.08125,1812.9376,0.7803689,-0.0012739428,3.9887695,-86.0885,-371.193,98.28149,235.66396,1054.5453
43.43125,42.09375,2487.633,0.32229656,-0.004589382,66.35254,366.56226,326.39868,67.65353,262.0935,1145.539
43.43125,42.10625,2272.8232,0.8640861,0.0009261666,-0.32373047,105.34448,133.63281,89.56562,328.49506,1355.3074
43.43125,42.11875,1851.6865,0.58992124,0.004486407,-38.24353,-66.734375,-267.3789,92.35529,371.1206,1367.1863
43.43125,42.13125,1539.1577,0.4081044,0.0015571496,-15.926514,-141.67383,-569.6902,64.70703,249.09486,1038.1848
43.43125,42.14375,1453.2745,0.040224314,0.001536205,-12.134277,-147.84985,-670.3436,12.010412,162.86421,739.15
43.43125,42.15625,1545.5663,0.29746073,0.0015476504,-21.602417,-132.99194,-624.2062,68.77863,239.33658,905.1987
43.43125,42.16875,1734.9335,0.60441583,-0.0014389269,7.1673584,-124.84436,-466.15442,108.56565,296.55902,1053.0391
43.43125,42.18125,1840.6774,0.7926421,0.0014032112,-9.796265,-120.45044,-390.75964,138.08421,245.81242,1028.2618
43.43125,42.19375,1910.7365,0.73767024,0.0007625733,6.458008,-87.78162,-376.73083,88.57765,199.64156,893.8071
43.43125,42.20625,2348.3918,0.6441323,-0.0011907739,3.1357422,193.4497,-6.085205,103.841225,251.41301,1027.7554
43.43125,42.21875,2607.775,0.6736991,0.00017482073,16.205078,288.34302,196.25879,95.929665,264.86035,993.48157
43.43125,42.23125,2445.521,0.7520848,0.0009973637,-18.967285,79.81323,-27.168457,116.86745,282.92047,925.1168
43.43125,42.24375,2467.922,0.71077555,0.0011737865,-14.195801,72.73706,-66.64966,115.90729,281.0605,894.7671
43.43125,42.25625,2630.3892,0.56247973,-0.0028468822,28.5896,180.10596,63.86743,96.62298,289.5842,954.09033
43.43125,42.26875,2557.0442,0.67575777,0.001563016,-7.7333984,40.022705,-22.619385,106.021225,281.09518,1052.6035
43.43125,42.28125,2689.0652,0.56613505,0.0033809796,-38.999268,84.78833,81.528564,66.66708,242.11774,1024.8527
43.43125,42.29375,2551.4006,0.3694254,0.0066429363,-44.70752,-166.54102,-80.86304,48.61584,196.74603,889.12915
43.43125,42.30625,2989.2405,0.6053312,0.002246726,-2.9257812,188.74951,342.87183,67.594376,173.75414,810.0681
43.43125,42.31875,3028.7183,0.47041515,0.00062238524,10.045166,183.27759,353.42383,55.3805,160.025,688.5786
43.43125,42.33125,2988.6482,0.3770604,0.0015159171,-12.067871,69.69556,269.6316,63.75735,160.57709,800.9404
43.43125,42.34375,3092.6973,0.2665454,0.00019013076,-7.613037,25.095215,327.5786,58.557663,140.09996,737.80786
43.43125,42.35625,3066.5598,0.26506245,-0.00015444455,-6.3725586,-39.03784,230.01514,37.18871,150.77467,751.0513
43.43125,42.36875,2965.3953,0.13180621,-0.0014232277,12.920654,-35.801025,36.03833,40.865635,211.11371,977.75366
43.43125,42.38125,2928.132,0.31249234,-0.0051237526,41.679688,53.677002,-67.872314,55.149796,206.82964,933.88257
43.43125,42.39375,2658.054,0.1766349,0.004540647,-53.013184,-240.31592,-376.6023,53.38539,184.02446,859.79395
43.43125,42.40625,3004.02,0.475111,-0.0009836878,4.725586,-97.343506,-76.73901,86.16844,213.9743,946.0823
43.43125,42.41875,3325.6038,0.57472914,-0.0034458628,31.06543,92.84302,207.20947,76.5049,170.60188,743.23315
43.43125,42.43125,3200.808,0.51743305,-0.0010549412,11.372803,18.557373,64.379395,65.20736,169.75865,685.36084
43.43125,42.44375,2912.6316,0.40179566,0.0019811254,-32.44629,-191.35327,-219.47559,66.36264,163.19008,638.21387
43.43125,42.45625,2874.3147,0.6752038,0.0016714197,-29.184082,-180.61206,-226.09082,79.924965,155.02258,673.84766
43.43125,42.46875,2841.317,0.68685573,-0.00047014275,-9.335693,-129.17407,-200.57617,81.68231,141.4355,751.4087
43.43125,42.48125,2874.0562,0.31506518,-0.0029693055,39.47583,-6.663574,-113.19409,69.45142,126.57014,618.7141
43.43125,42.49375,2766.4253,0.63774306,-0.0013865363,24.496094,-43.58911,-169.50708,80.66598,129.3329,619.6804
43.43125,42.50625,2571.7673,0.13004453,0.0020284,-18.720947,-160.22534,-289.58325,35.19233,134.97778,547.3347
43.43125,42.51875,2544.3982,0.03877223,0.0007657242,-7.072998,-94.890625,-255.5498,16.015617,112.6499,627.3479
43.43125,42.53125,2542.5884,0.23539469,-0.0019246499,21.849854,-2.8671875,-225.9292,46.005436,104.97857,583.40454
43.43125,42.54375,2424.5852,0.43510747,0.0024835858,-16.671387,-29.930176,-316.8579,46.173584,128.87202,569.0469
43.43125,42.55625,2341.4646,0.10146774,0.0011801978,-12.383789,-162.89136,-369.5166,29.605743,200.35094,995.9512
43.43125,42.56875,2810.7502,0.66584086,-0.0032766392,18.735352,93.579346,100.031494,107.05606,228.07674,933.26685
43.43125,42.58125,2757.7078,0.43166488,0.0022919474,-27.828125,-78.80615,30.15918,44.905457,137.02373,741.4248
43.43125,42.59375,2798.9282,0.46448693,0.0011405043,-12.1328125,119.72827,39.779053,64.59876,192.82764,754.2844
43.43125,42.60625,2333.1743,0.29495645,0.0060663302,-51.049072,-180.98315,-474.3098,43.36473,125.413315,625.1997
43.43125,42.61875,2558.8267,0.5297327,0.0010619892,-5.9936523,-6.709717,-294.3789,97.31906,148.97986,693.62305
43.43125,42.63125,2539.1936,0.41614214,0.0024939033,-19.592285,-146.67725,-339.35254,86.6891,153.45358,626.145
43.43125,42.64375,2539.0137,0.3090458,0.0008342741,-17.249756,-209.70972,-365.5586,50.566788,159.95468,653.82056
43.43125,42.65625,2600.411,0.40750772,0.00019272312,-9.868652,-195.33765,-346.58472,55.3805,169.91321,741.3203
43.43125,42.66875,2796.2778,0.46624023,-0.00065790606,4.1813965,-82.124756,-175.79297,78.53025,217.52127,846.20557
43.43125,42.68125,2859.4233,0.4977399,0.00069072144,-9.229004,-111.39575,-116.47534,66.1211,242.34273,810.12134
43.43125,42.69375,3007.2288,0.48304626,-8.030048e-05,-0.75927734,-38.34082,47.394775,75.55792,221.1877,743.79126
43.43125,42.70625,3149.1355,0.5792306,-0.0007605273,7.1237793,51.533203,216.44385,89.12351,171.95058,609.66113
43.43125,42.71875,3339.5645,0.42607468,-0.0014953796,22.993408,232.46533,436.3518,52.829914,144.73424,693.01807
43.43125,42.73125,3153.9224,0.4451471,-0.00018486209,13.998779,125.048096,282.7671,60.174744,168.09521,815.3823
43.43125,42.74375,3156.0635,0.16388553,-0.0031508098,45.46704,250.62207,326.35962,44.474712,152.61717,714.20166
43.43125,42.75625,2869.7966,0.34328988,-0.0012528156,6.913574,76.38257,82.70654,53.637672,159.00157,766.0132
43.43125,42.76875,2562.0942,0.314746,0.0035270634,-25.561035,-125.77881,-183.37305,38.704006,151.8552,663.2551
43.43125,42.78125,2701.0986,0.40114322,0.0010951589,-11.488525,78.75903,-6.42749,66.71581,160.12495,649.2151
43.43125,42.79375,2645.375,0.33485276,0.0001942966,-3.2097168,105.65967,-27.42456,61.355522,159.42554,624.6831
43.43125,42.80625,2478.8508,0.4602486,-0.0002398929,7.616455,74.06543,-148.71973,66.6033,148.96645,683.07324
43.43125,42.81875,2125.9482,0.5601961,0.003447241,-31.237305,-209.21875,-441.2754,62.813213,153.13719,646.11865
43.43125,42.83125,2194.7273,0.35431322,0.008463067,-57.760254,-159.65796,-302.21802,67.96323,213.87964,761.00745
43.43125,42.84375,2387.7717,0.4683238,-0.0036319403,27.999268,39.75171,-34.701904,87.08329,225.29536,801.0011
43.43125,42.85625,2410.9165,0.5371289,-0.0035038088,13.80249,3.7519531,75.21094,88.74401,190.05394,763.2772
43.43125,42.86875,2416.6882,0.4986728,-0.0014270479,-4.5737305,-23.840332,188.73438,57.471733,145.2756,659.46045
43.43125,42.88125,2405.4006,0.29191402,-0.0009661955,15.999023,92.592285,297.0918,26.551836,174.0316,814.647
43.43125,42.89375,2384.7546,0.5639372,-0.00057830516,24.815186,191.49512,393.1819,70.377556,158.46767,716.3417
43.43125,42.90625,2324.8555,0.56016517,-0.00083278806,22.492432,212.84521,423.9496,77.388626,200.6452,965.81226
43.43125,42.91875,2093.2673,0.4915245,-0.0014194419,24.878174,135.32202,257.65356,68.161575,230.2238,1071.5981
43.43125,42.93125,1761.8644,0.5745517,-0.00046213137,18.386597,79.826904,-12.518433,73.505104,267.12402,1018.17395
43.43125,42.94375,1419.3989,0.68398654,-0.0060023447,45.176758,-38.385986,-311.00635,98.957695,219.92953,897.7041
43.43125,42.95625,1232.5829,0.06624533,-0.00080969103,10.788696,-168.53345,-493.60132,17.867569,211.03229,797.19727
43.43125,42.96875,1190.1322,0.14506148,9.81388e-05,-6.3771973,-184.32983,-568.2727,33.942966,189.22076,767.66907
43.43125,42.98125,1394.9033,0.61123985,-0.0061389953,46.922485,-24.716797,-409.18652,99.48932,252.21742,934.1317
43.43125,42.99375,1740.0681,0.61817354,-0.0050067073,38.536987,59.221924,-118.22278,93.17054,346.87067,946.21606
43.41875,42.00625,1527.0948,0.08659976,0.0009447788,-13.654907,-165.31165,-638.76086,22.743132,178.67009,673.49585
43.41875,42.01875,1533.2192,0.2983145,0.0038278245,-38.157715,-221.04224,-677.61816,65.412155,258.03247,1090.9347
43.41875,42.03125,1969.2386,0.7565818,0.0011592957,-1.8675537,-2.638794,-275.75696,124.46485,398.53543,1457.9901
43.41875,42.04375,2136.9243,0.6300476,-0.001927575,20.34253,-30.893799,-127.0437,107.30098,383.84958,1456.3495
43.41875,42.05625,2488.247,0.5873347,-0.0028785237,30.756348,163.23389,213.2146,70.60099,314.05096,1396.4724
43.41875,42.06875,2338.9233,0.7911081,-0.00018987557,8.710205,31.608643,44.74536,100.137405,297.70792,1359.4083
43.41875,42.08125,2190.935,0.876526,-0.0010305761,12.810059,37.79785,-107.992676,119.57633,260.55133,1154.9032
43.41875,42.09375,1923.0498,0.5721814,0.002556775,-35.918457,-296.96948,-356.5327,79.25118,245.75293,1074.284
43.41875,42.10625,2552.936,0.73337513,0.00044635872,-1.7841797,147.1726,295.18115,93.26307,244.87344,1046.0952
43.41875,42.11875,2452.379,0.84528464,-0.00060796534,10.612549,82.85278,224.11987,94.94736,318.10925,1370.5266
43.41875,42.13125,2016.3134,0.56384397,0.001621085,-8.918701,-86.78064,-180.13074,106.36376,357.44022,1456.4098
43.41875,42.14375,1814.1306,0.78461486,0.0019243394,-9.363647,-16.513672,-362.86255,110.908745,329.9265,1254.9205
43.41875,42.15625,1505.9128,0.13921924,1.2338099e-05,-2.258667,-111.52783,-688.01465,28.004463,185.47507,707.3297
43.41875,42.16875,1497.3856,0.3999269,0.002925589,-21.868408,-118.63257,-703.6405,55.357925,158.20952,701.6389
43.41875,42.18125,2150.1553,0.66738963,-0.0037986566,58.93335,340.28223,-71.87866,81.5138,240.12704,892.9603
43.41875,42.19375,2100.9373,0.70558655,-0.0017315394,3.2297363,72.24927,-180.95752,122.68048,246.0442,1075.6796
43.41875,42.20625,1795.8182,0.50900215,0.001599373,-38.13965,-343.8031,-558.40125,72.32392,242.20135,993.50684
43.41875,42.21875,1845.2175,0.43987694,0.0037211373,-53.617188,-350.16577,-576.32495,69.598854,230.93073,969.22375
43.41875,42.23125,2007.9777,0.7655122,-0.0009955274,5.0461426,-243.40466,-488.4613,105.746155,233.03755,968.4523
43.41875,42.24375,2121.7139,0.4302557,-0.00066702714,-5.9230957,-173.7002,-467.8037,91.22226,232.55753,922.13525
43.41875,42.25625,2041.4697,0.39162308,0.0017242907,-19.62207,-260.15503,-608.60815,74.793045,215.51913,868.1738
43.41875,42.26875,2064.0112,0.33554128,-0.0013510553,-1.7790527,-238.73413,-611.2925,41.916584,194.99359,830.04443
43.41875,42.28125,2161.6262,0.49025378,0.000112602385,-14.299316,-180.93652,-542.6282,87.401375,191.71985,844.7252
43.41875,42.29375,2295.0095,0.60058653,0.0011541882,-8.25293,-141.3938,-436.35815,94.876236,216.28915,905.7322
43.41875,42.30625,2455.8916,0.5602377,-0.0008083327,-0.18823242,-106.93945,-291.84082,91.90484,234.12817,949.1492
43.41875,42.31875,2474.416,0.61953354,-0.00014333348,-5.5334473,-200.53687,-298.96387,94.45634,218.04128,841.6426
43.41875,42.33125,2623.5564,0.572563,-0.0003507947,-1.0117188,-131.2229,-197.29126,88.94661,232.1422,898.8103
43.41875,42.34375,2921.5996,0.4139802,-0.0063432404,53.504883,41.763916,56.447754,77.055176,255.63548,919.59375
43.41875,42.35625,3101.2944,0.5626185,-0.0014652868,5.350586,49.63916,164.03638,101.06434,225.8163,924.37964
43.41875,42.36875,3407.1914,0.40384686,-0.0007354948,16.39209,242.08984,364.4873,41.0,153.68474,777.7107
43.41875,42.38125,3245.9648,0.70250493,0.004213029,-22.992676,117.63281,122.746826,96.803925,196.57823,844.9619
43.41875,42.39375,2929.4226,0.5756326,0.0012643038,-18.082031,-136.32764,-242.95166,60.687725,202.39319,816.7634
43.41875,42.40625,3239.7192,0.46118626,-0.00077868364,4.7592773,93.28931,11.481689,90.31611,215.06277,935.10864
43.41875,42.41875,3314.1846,0.71568686,-0.00019372447,15.172852,108.92261,32.6521,93.55747,161.31645,732.2595
43.41875,42.43125,3020.5522,0.4217078,-0.0009916091,2.3098145,-100.64282,-292.48267,39.849716,122.384636,643.4087
43.41875,42.44375,3086.1404,0.14085117,0.0005011956,-5.13501,14.062744,-230.8872,27.838821,123.478745,544.5154
43.41875,42.45625,3049.6042,0.055497088,-0.0009946303,7.7873535,-4.3325195,-237.42334,12.649111,125.96825,571.7793
43.41875,42.46875,2928.9111,0.078077815,0.0012545432,-18.416504,-79.376465,-295.80884,22.781572,104.50837,544.72485
43.41875,42.48125,2937.6274,0.06353608,-0.0006422957,8.422852,-9.239258,-225.09106,32.06244,99.7547,463.8667
43.41875,42.49375,2854.099,0.053865172,-7.9554775e-05,1.3522949,-38.52832,-245.98608,9.407444,113.79367,608.3186
43.41875,42.50625,2932.3235,0.09285221,-0.0029216341,28.928955,96.690186,-85.07373,42.673176,147.92397,622.22
43.41875,42.51875,2748.6682,0.4148827,-0.0026075821,14.111084,-16.904541,-199.77417,62.072536,156.85982,626.08325
43.41875,42.53125,2688.5967,0.3188693,0.0013275333,-6.500244,-36.457764,-224.54736,45.814846,154.37292,625.67456
43.41875,42.54375,2658.087,0.4008044,-3.642334e-05,-3.4902344,-20.396729,-226.06836,45.940178,172.6398,715.72925
43.41875,42.55625,2641.063,0.2500504,-0.0002802736,14.019043,-72.82861,-206.33008,44.89432,193.62206,860.947
43.41875,42.56875,3154.1846,1.0066954,-0.004372679,44.135986,244.89502,315.30737,90.199776,214.74403,976.3281
43.41875,42.58125,2929.705,0.67702854,0.0011875834,-14.7282715,-41.823242,77.815674,89.78864,155.10963,720.1362
43.41875,42.59375,2716.2454,0.5047172,-0.002828532,24.603271,-27.71997,-158.76514,82.87943,196.90353,925.1211
43.41875,42.60625,2635.695,0.62304133,-0.00085564866,11.061768,-22.635986,-275.22217,92.9516,191.21454,849.31177
43.41875,42.61875,2641.1035,0.62018985,-0.00017926774,-6.9716797,-105.60254,-298.5725,101.38047,190.7957,849.31177
43.41875,42.63125,2711.5461,0.2188343,0.0031650704,-53.184082,-146.61646,-233.54517,50.581615,197.47911,937.2615
43.41875,42.64375,2923.4998,0.33655742,-0.0023226682,-9.214844,-25.750488,-32.388916,45.749317,223.74315,966.3618
43.41875,42.65625,2990.5496,0.658186,0.0007602553,0.58203125,38.621582,-1.244873,101.31634,268.2536,1075.5605
43.41875,42.66875,2803.892,0.2234918,0.00086640683,-7.9140625,-110.58765,-208.54932,49.88487,252.70338,1049.5796
43.41875,42.68125,2833.9736,0.28642634,-0.0015825984,15.337402,-43.481445,-177.3435,48.52319,163.80171,981.0442
43.41875,42.69375,2873.2458,0.45767796,0.00053973636,-5.2126465,-58.75122,-121.61865,52.569004,131.60547,658.13403
43.41875,42.70625,2974.3008,0.36496243,-0.00027356885,-0.35302734,-52.218506,3.420166,63.15853,131.33545,550.3015
43.41875,42.71875,2957.6929,0.21215704,-0.00083524425,7.2055664,-77.23779,10.739014,37.456642,155.12898,675.98
43.41875,42.73125,2700.4219,0.31448466,0.0036188432,-42.6604,-237.89526,-220.64844,51.995193,185.86824,800.76587
43.41875,42.74375,2569.72,0.31282812,0.0026528242,-31.687012,-214.82446,-319.4812,42.355637,190.73018,857.5603
43.41875,42.75625,2492.4172,0.39404747,0.0024512531,-25.500244,-180.85742,-361.99902,69.76031,159.53056,763.5222
43.41875,42.76875,2399.882,0.1577514,0.001882993,-34.7417,-218.1311,-421.14844,36.441734,146.83664,633.1267
43.41875,42.78125,2367.5913,0.3359824,0.0014162868,-23.35962,-173.6997,-421.0857,43.3532,138.84703,684.7268
43.41875,42.79375,2360.441,0.38545516,-0.0007521151,5.468994,-114.59082,-395.93652,51.32251,127.23993,674.04175
43.41875,42.80625,2356.2612,0.35995147,0.003779377,-26.346191,-111.83887,-350.9375,54.244816,176.37886,821.44434
43.41875,42.81875,2555.2737,0.41432455,-0.00081542524,6.1416016,-11.012939,-86.35034,61.919304,229.02948,980.2932
43.41875,42.83125,2624.5593,0.27647308,0.002934477,-24.65332,-45.045166,62.39746,51.4247,194.67409,958.1753
43.41875,42.84375,2634.8757,0.3544768,0.002115564,-22.120117,28.283691,163.4397,53.277576,167.0868,880.5442
43.41875,42.85625,2510.2908,0.29559386,-0.0022591571,21.502441,33.03076,145.12476,56.231663,149.89996,718.9386
43.41875,42.86875,2497.3206,0.35056126,-0.00020805189,-3.3251953,82.0625,263.25195,72.176865,172.71219,701.06226
43.41875,42.88125,2480.0051,0.5194929,-0.0007273297,13.617676,155.35815,380.68872,59.749477,176.19875,785.07837
43.41875,42.89375,2252.7468,0.56859875,-0.0038257586,31.597168,93.88916,277.98425,99.54647,168.75722,740.9613
43.41875,42.90625,1781.4906,0.48238274,0.0036240483,-42.96045,-180.33643,-104.59143,59.845634,212.55116,980.4546
43.41875,42.91875,1473.1384,0.4257433,0.003327564,-48.13098,-242.56738,-356.38977,78.55889,274.74716,1135.5107
43.41875,42.93125,1329.7996,0.83725053,0.000113306116,-9.672363,-137.44861,-454.72107,101.29968,233.42612,956.9513
43.41875,42.94375,1230.474,0.082694784,0.0011376389,-14.21167,-170.16345,-527.8804,31.713562,199.01445,826.92566
43.41875,42.95625,1666.4735,0.61708844,-0.0006395094,17.597778,96.51892,-96.774536,103.17461,319.8953,1094.7236
43.41875,42.96875,1653.2513,0.76697636,-0.0005049291,2.088745,-14.614258,-150.47803,113.02765,296.71115,1094.7236
43.41875,42.98125,1625.4519,0.6073653,9.355229e-05,-31.884521,-110.55237,-227.62952,82.258736,236.14667,1021.1621
43.41875,42.99375,1967.6423,0.5644411,0.0017127458,-5.713745,45.61267,61.345093,56.276104,163.50536,819.5371
43.40625,42.00625,1722.3108,0.70060676,0.002650109,-19.895996,-106.67627,-431.95264,112.2074,302.82422,1119.6426
43.40625,42.01875,2049.5068,0.76532656,-0.0013851468,22.701904,-42.85132,-176.09058,85.17188,318.50745,1126.3882
43.40625,42.03125,2603.5178,0.6891596,0.0003434287,7.679199,155.6521,316.07227,92.21713,360.79636,1601.4348
43.40625,42.04375,2886.3823,0.83501595,0.00042227964,-2.2248535,191.78076,553.77856,111.59749,308.64542,1315.8363
43.40625,42.05625,2924.1277,0.7727764,-0.0016390595,17.311768,214.76587,554.9844,94.2974,261.0115,1298.4636
43.40625,42.06875,2489.6401,0.59400535,0.001556935,-18.83789,-179.64038,77.28882,98.30565,244.9949,1053.4277
43.40625,42.08125,2779.0422,0.2611844,-0.008186987,55.041504,281.3379,341.29395,59.632206,293.4195,1255.2975
43.40625,42.09375,2121.2407,0.73673344,0.0012071605,-11.153809,-196.98877,-307.07397,86.58233,230.8636,1048.7582
43.40625,42.10625,2471.6653,0.6037847,0.0017596489,-21.145508,-17.917236,74.28125,90.36869,313.26666,1285.9335
43.40625,42.11875,2678.8938,0.5902991,0.0058040945,-55.156494,-33.718994,335.17456,88.22981,246.21231,1229.0945
43.40625,42.13125,2684.666,0.6801519,0.00020032134,-0.8083496,158.32593,405.4983,79.762146,306.19766,1412.134
43.40625,42.14375,2074.4714,0.78104645,-0.00015693723,-4.383789,-166.51514,-145.79443,92.50405,302.9472,1346.2101
43.40625,42.15625,2057.1985,0.67743003,0.0018746136,-9.133789,98.19116,-146.5752,118.65075,338.0891,1267.8284
43.40625,42.16875,1530.64,0.6167924,0.0026870717,-25.857178,-176.43237,-656.55066,81.93137,266.09302,1036.3435
43.40625,42.18125,1528.0563,0.42759898,0.002122786,-22.628784,-209.16821,-664.4076,65.522896,260.9818,892.9603
43.40625,42.19375,2184.072,0.64166164,-0.0015417973,15.348145,127.34204,-56.874023,90.52071,299.11703,1180.06
43.40625,42.20625,2596.006,0.6283265,-0.004414229,42.646484,301.56152,282.72876,85.097,256.97083,1120.7657
43.40625,42.21875,2460.7112,0.46175855,0.0011578727,-11.4453125,5.321533,69.20093,87.08329,329.85754,1426.7008
43.40625,42.23125,2723.94,0.64478904,-0.006770255,53.313965,106.30737,244.25415,84.908775,345.4953,1505.458
43.40625,42.24375,2624.6533,0.32092398,0.003175528,-21.461914,-53.48755,25.896973,60.22873,334.16464,1372.509
43.40625,42.25625,2779.102,0.54943645,-0.0048406427,43.151855,188.51172,92.64331,68.58207,302.66647,1268.8312
43.40625,42.26875,2320.017,0.40866837,0.00052211614,-6.73584,-132.57324,-403.36377,60.464867,249.56763,1053.0902
43.40625,42.28125,2556.1553,0.5522555,-0.0018028272,14.242676,129.44653,-195.25366,85.419556,251.23993,976.1266
43.40625,42.29375,2299.5427,0.47034353,0.0005562395,-10.387939,-123.346924,-484.1626,81.31421,229.15388,934.59033
43.40625,42.30625,2410.7065,0.6530243,0.0012518844,-8.185303,-15.846924,-399.27808,92.209,154.44417,748.5305
43.40625,42.31875,2820.776,0.5192024,-0.00017031345,17.636475,213.44556,-23.421387,70.34557,222.69374,864.55835
43.40625,42.33125,2797.1875,0.4455466,-0.0007287898,8.861328,49.901367,-103.82007,79.186485,208.13338,828.6426
43.40625,42.34375,2604.013,0.47902036,0.0007527779,-11.1154785,-155.10156,-343.78418,67.727394,169.18776,758.6157
43.40625,42.35625,2722.2947,0.5753397,0.0015222075,-14.257568,-137.92114,-300.8042,77.83315,196.15045,897.67236
43.40625,42.36875,2975.5647,0.39318293,0.00063360657,-12.700928,-78.56445,-167.81421,54.295486,202.85709,850.3335
43.40625,42.38125,3124.5544,0.41884732,0.0021752724,-18.444092,-73.00415,-124.66919,64.83055,160.19363,684.8806
43.40625,42.39375,3273.6355,0.6815825,-0.0006351676,9.7146,-6.477295,-53.853516,78.36453,149.98334,775.9509
43.40625,42.40625,3237.3037,0.29478952,0.003130217,-44.50049,-136.28955,-164.45312,42.61455,157.7815,766.2612
43.40625,42.41875,3508.3557,0.5744948,-0.00482303,46.739258,151.59424,39.600098,57.428215,142.96153,674.3225
43.40625,42.43125,3156.2688,0.1283947,0.00042954524,-4.4140625,-129.75562,-357.09253,39.382736,159.76233,723.2671
43.40625,42.44375,3354.2625,0.28699788,-0.0005645837,6.64209,35.984863,-175.2373,49.396355,195.01282,789.31055
43.40625,42.45625,3341.4414,0.36183336,-0.0027256864,20.060059,38.125732,-162.42212,41.21893,205.63316,833.782
43.40625,42.46875,3227.207,0.20676973,0.0010122028,-6.92334,-20.113525,-209.78125,42.11888,208.37227,837.3252
43.40625,42.48125,3180.086,0.6194808,-0.00042361504,8.007568,-14.22583,-181.69604,93.67497,219.83176,768.1897
43.40625,42.49375,3063.7004,0.18934454,0.0038369996,-41.80957,-77.870605,-213.10205,43.58899,201.88364,733.3164
43.40625,42.50625,3134.1458,0.45895687,-0.0016238213,16.400635,59.695312,-45.25464,52.801514,160.98758,652.5989
43.40625,42.51875,2990.0073,0.5809497,0.0014745529,-8.349121,-5.846924,-107.849365,51.06858,137.53545,659.7888
43.40625,42.53125,2990.1428,0.15878549,0.0013968769,-12.010498,15.734619,-65.451416,27.694765,154.79665,578.8684
43.40625,42.54375,3033.1768,0.49953878,-0.0011345047,7.1606445,56.13965,14.849609,78.68291,191.56721,651.7803
43.40625,42.55625,2992.089,0.3394929,-0.0019993826,25.223633,45.264893,24.413086,48.176758,180.16382,680.9922
43.40625,42.56875,2949.2002,0.49515682,-0.000583093,-0.15795898,-61.638916,8.876709,57.43692,153.66522,725.82104
43.40625,42.58125,3258.2954,0.19594654,-0.005337437,48.158936,199.25293,321.2539,43.76071,120.98347,601.54736
43.40625,42.59375,2836.016,0.43503746,0.0006615189,-7.1643066,-41.68042,-107.43921,53.17424,204.34651,826.1299
43.40625,42.60625,2707.4822,0.6533483,-0.00026434942,2.6936035,-116.27637,-249.80493,67.75692,169.53023,791.1953
43.40625,42.61875,3103.7961,0.20156327,0.0015302852,-23.578613,149.50977,140.02612,54.20332,180.01666,779.27075
43.40625,42.63125,2901.65,0.26621312,0.0024867842,-25.642578,-161.15723,-43.907227,48.02083,198.39607,862.34546
43.40625,42.64375,3426.0706,0.7071166,-0.0035246583,53.008057,240.49854,488.87012,67.78643,170.28212,810.5266
43.40625,42.65625,3259.8025,0.4178334,0.0018062748,-18.533936,-13.647949,293.594,72.53275,188.14355,860.12573
43.40625,42.66875,3597.8955,0.13197349,-0.008882468,85.26245,340.052,611.83057,56.603886,235.50371,879.97
43.40625,42.68125,3118.735,0.69090754,0.00028316712,-5.170166,-62.534668,135.75098,105.74498,256.4001,901.12915
43.40625,42.69375,3039.853,0.20469455,0.0006600232,-2.126709,-118.86719,72.6792,42.61455,217.15663,851.84326
43.40625,42.70625,3241.2805,0.5180494,5.6853078e-05,-3.244873,36.66504,292.25024,69.21705,203.40846,849.5432
43.40625,42.71875,3042.6357,0.1835397,0.0024140722,-13.044434,-128.46094,112.2688,47.89572,234.82759,1029.8152
43.40625,42.73125,3298.1978,0.55992395,-0.0054450305,48.57129,281.41455,383.52124,91.913,226.53476,1006.62354
43.40625,42.74375,2818.0264,0.5833631,-0.0015351974,10.615723,-8.477295,-79.41016,79.04429,215.19293,950.5366
43.40625,42.75625,2759.973,0.50250155,0.0028618558,-16.32788,-16.891846,-109.748535,72.501724,234.23172,968.2434
43.40625,42.76875,2934.7202,0.7926401,0.00018354204,-8.4592285,91.21289,94.95581,136.09555,266.8389,1000.5342
43.40625,42.78125,2891.9817,0.5200445,-0.005600746,53.555664,147.67456,77.170654,80.08433,250.10098,1021.4912
43.40625,42.79375,2523.5544,0.45776328,0.0027888503,-28.121338,-163.96118,-262.8606,82.78889,229.3687,921.8015
43.40625,42.80625,2784.954,0.64888996,0.003232733,-31.033203,-37.42163,51.482178,94.66784,299.52963,1185.3127
43.40625,42.81875,2840.5986,0.37910643,0.00066028745,-16.733643,-98.66211,180.34497,64.57941,255.5817,1146.7065
43.40625,42.83125,3075.2715,0.32748628,-0.003835255,33.89258,161.54956,506.6006,40.1995,167.89282,839.24634
43.40625,42.84375,2728.792,0.3675469,0.0018981652,-16.857178,15.811768,263.5918,62.325756,195.2652,835.22314
43.40625,42.85625,2373.6611,0.62016207,0.00069987803,-14.352783,-54.23755,19.43042,95.73139,179.98195,789.43506
43.40625,42.86875,2073.2476,0.6180832,0.0012217342,-26.788574,-152.28223,-150.93164,66.47556,175.81383,783.6404
43.40625,42.88125,2018.6361,0.53867924,-0.0015484984,7.4849854,-89.56653,-73.387085,63.647465,217.7889,966.1305
43.40625,42.89375,1917.7024,0.46306324,-0.0007132125,-0.7894287,-51.351074,-52.8208,98.05611,248.20758,1069.801
43.40625,42.90625,1801.3286,0.52402586,-0.0015932604,5.611328,64.51233,-91.69934,86.588104,265.75412,1074.8495
43.40625,42.91875,1404.3,0.77253085,0.0023197662,-22.918457,-66.875,-452.5006,102.96966,211.77641,851.67847
43.40625,42.93125,1272.7797,0.41210103,0.0035307866,-29.79541,-147.7063,-563.56616,68.255035,186.90773,763.03467
43.40625,42.94375,1662.093,0.7762602,0.00034761356,-10.426392,20.01001,-173.31702,118.81814,278.10925,1043.572
43.40625,42.95625,1866.6677,0.61271363,0.0025014123,-35.179565,-78.517334,19.468384,95.250984,261.53918,1167.9501
43.40625,42.96875,2094.063,0.701155,-0.0007547176,-1.1000977,17.231201,210.57678,122.112656,229.32182,948.92456
43.40625,42.98125,2099.5193,0.73680127,0.00068360363,-9.300537,26.345703,173.25916,90.08052,243.41528,962.625
43.40625,42.99375,2051.7485,0.5167324,0.001019142,-11.494629,-25.74707,77.27673,51.395527,153.78069,837.6422
43.39375,42.00625,2264.868,0.7323237,-0.0019570258,-0.2553711,132.77393,144.28369,106.10844,314.44235,1330.2833
43.39375,42.01875,2608.0154,0.54043806,-0.001441914,20.611084,136.55835,380.42017,103.62914,297.28186,1537.979
43.39375,42.03125,2547.3066,0.45957798,0.0004900002,-9.470459,-178.07275,218.56079,69.96785,279.43604,1262.4904
43.39375,42.04375,3043.9258,0.70931095,0.0019460064,-19.263184,86.846924,635.06274,77.89737,194.30132,857.4458
43.39375,42.05625,3157.3079,0.7294061,-0.0024456538,32.17285,184.94019,677.47266,92.908554,182.55411,898.6853
43.39375,42.06875,2826.763,0.37717116,0.0015617893,-13.598633,-112.40723,267.38843,72.01736,173.97414,804.2854
43.39375,42.08125,2807.6848,0.6901058,0.0020431045,-26.840332,31.163574,200.38794,93.096725,280.42914,1164.3857
43.39375,42.09375,2209.658,0.3962583,0.0034491578,-26.071533,-273.0332,-388.6814,54.474766,229.25641,1090.2955
43.39375,42.10625,2641.558,0.7377051,0.0026724727,-20.415527,8.033691,85.00244,105.5983,331.42343,1286.0631
43.39375,42.11875,3130.819,0.7360899,-0.004437676,42.58374,176.12695,651.926,75.98684,194.33734,939.68823
43.39375,42.13125,2845.246,0.9168137,0.0009462554,-2.8442383,21.164307,461.23193,102.42314,286.9425,1336.8821
43.39375,42.14375,2440.6736,0.49535272,0.0051969327,-45.606445,-157.09668,146.65698,90.57317,250.29283,1167.9882
43.39375,42.15625,2507.5479,0.6061268,-0.0028648125,26.175049,143.9187,259.69775,76.203674,313.57376,1489.5148
43.39375,42.16875,1991.9822,0.71330947,-0.0029692238,28.335327,72.35254,-211.73022,100.45273,337.72437,1174.2012
43.39375,42.18125,1492.4307,0.01701673,0.00037276145,-3.2355957,-163.51892,-695.4468,5.59017,180.52354,702.08276
43.39375,42.19375,1888.9666,0.68198574,-0.0025094608,27.926758,-18.894653,-336.2705,100.62554,328.81683,1180.06
43.39375,42.20625,2174.5522,0.5377954,0.0035454019,-56.68921,-191.60498,-118.15039,82.59843,265.6426,1170.8484
43.39375,42.21875,2626.4316,0.59358346,0.004483708,-52.884033,-36.236816,253.7417,83.66302,189.51385,1042.0671
43.39375,42.23125,3070.6301,0.6805064,0.00024780518,1.2924805,217.64526,605.4009,112.68097,193.00647,985.25806
43.39375,42.24375,3169.8726,0.9337344,0.0012632385,25.546143,181.38696,572.8635,103.498795,180.563,743.99
43.39375,42.25625,3072.3652,0.41076353,-0.00091446145,17.103516,188.71753,372.01172,63.92965,234.05447,1005.9668
43.39375,42.26875,2477.4714,0.52154946,0.002083292,-15.751709,-192.01123,-267.30005,74.77299,196.03444,826.1636
43.39375,42.28125,2802.303,0.6220082,0.003185772,-40.569336,79.639404,32.50879,87.658424,249.91298,1043.9631
43.39375,42.29375,2748.7122,0.52590257,0.0019037664,-6.944824,4.5270996,-50.311768,78.60343,271.0747,1111.3198
43.39375,42.30625,2481.9214,0.41294366,0.00084494724,2.9716797,-66.74951,-344.33838,66.211784,218.79442,972.8064
43.39375,42.31875,2507.7004,0.6489971,-0.0013950742,-6.059326,-131.42822,-358.53516,90.895546,233.71243,864.55835
43.39375,42.33125,3035.4487,0.6719648,-0.0007765386,15.281494,125.416504,103.20557,83.839134,214.53905,1071.1482
43.39375,42.34375,2942.222,0.29394764,0.0001462099,-6.3132324,-13.3479,-45.438965,60.315834,189.97105,884.5635
43.39375,42.35625,2872.5735,0.1727929,-0.00047402945,3.5646973,-16.927734,-202.07031,39.217342,154.56067,845.5139
43.39375,42.36875,3050.2236,0.5422244,-0.0062337667,49.77881,54.26538,-160.73901,86.09297,158.48975,728.2251
43.39375,42.38125,3088.379,0.38989645,0.0013064023,-26.829834,-129.9082,-256.9275,57.758118,176.15901,850.08594
43.39375,42.39375,3453.341,0.6207963,0.0010804804,-0.8352051,8.312744,-9.044922,68.32276,202.50185,946.6831
43.39375,42.40625,3628.5906,0.36030284,-0.00043452228,6.5703125,68.88501,55.007324,37.696156,175.45085,859.1616
43.39375,42.41875,3440.4548,0.1906592,0.00022579728,-2.7641602,-79.49414,-228.85669,29.580399,167.4485,864.4231
43.39375,42.43125,3479.7769,0.22802746,5.323058e-05,-0.7937012,-53.829346,-251.177,47.349762,194.23183,877.3928
43.39375,42.44375,3692.6174,0.1945939,-0.0007897371,6.3442383,55.807373,-64.086426,36.510273,207.37888,878.3562
43.39375,42.45625,3762.693,0.44562128,-0.0017100534,20.666992,105.66113,30.521484,77.820305,228.04823,844.6001
43.39375,42.46875,3618.2256,0.27294114,-0.00044822603,4.3518066,7.6757812,-38.330566,50.95096,234.3203,905.3081
43.39375,42.48125,3582.3953,0.23996648,-0.0020203502,17.070068,42.98706,16.982666,52.810986,207.50421,898.7605
43.39375,42.49375,3392.8054,0.232285,0.0021179689,-20.005615,-36.782715,-65.15674,23.811762,175.59897,834.0996
43.39375,42.50625,3324.3757,0.3004579,-0.0008987461,20.062744,33.544434,-19.718262,41.036568,142.29195,650.5425
43.39375,42.51875,3157.559,0.31861365,-6.205315e-05,-0.8703613,-22.509521,-88.72168,40.04997,113.951744,539.75806
43.39375,42.53125,3119.191,0.09386315,0.00037322965,-7.3254395,-42.665283,-67.67456,20.615528,91.04944,460.93213
43.39375,42.54375,3217.8396,0.31927317,0.0010368883,-8.881836,25.030518,78.095215,22.338308,85.1528,371.3806
43.39375,42.55625,3251.815,0.1223331,-0.0017074893,9.104736,99.65405,168.03711,18.601076,116.29273,442.30713
43.39375,42.56875,3118.1606,0.6898001,0.00014911227,6.033203,-32.173096,67.367676,86.26703,159.78735,774.72925
43.39375,42.58125,3174.16,0.51170063,0.00017916589,-11.97583,-17.389648,137.43799,71.72169,166.9431,829.3379
43.39375,42.59375,3044.8674,0.27245966,6.261014e-05,0.076171875,-18.965576,20.29956,33.689762,206.5357,1009.3579
43.39375,42.60625,2896.2725,0.1756777,-0.0009132701,10.792725,-96.12036,-119.14331,34.058773,185.43732,943.979
43.39375,42.61875,3029.3042,0.14275603,-1.6443628e-05,-6.022949,-103.71655,25.96167,28.670542,190.64627,880.9236
43.39375,42.63125,3216.059,0.28111306,0.0027969074,-31.134277,17.538086,244.43091,48.507732,131.47623,640.2478
43.39375,42.64375,3360.9216,0.5458674,-0.0037208116,46.866455,174.6875,414.19458,75.967094,159.16972,703.42114
43.39375,42.65625,3159.2393,0.5519914,0.0025710345,-21.498291,-37.743652,203.75732,90.598015,232.51236,945.1199
43.39375,42.66875,3197.3762,0.68968606,0.0010710347,-5.1413574,-1.354248,235.8396,111.48543,261.5607,957.822
43.39375,42.68125,3276.4878,0.56088823,0.0019130118,-12.679443,65.13281,324.98657,72.0,231.24878,951.2637
43.39375,42.69375,3351.0452,0.63332504,0.00031906186,-3.9802246,119.16211,418.3169,102.95145,174.13214,842.55347
43.39375,42.70625,3537.2336,0.5993612,-0.0018929428,27.026123,250.83496,627.89307,86.70064,159.44278,776.459
43.39375,42.71875,3518.2832,0.62230235,-0.0043218336,55.584473,240.15137,630.61475,83.90471,170.71907,870.92114
43.39375,42.73125,3298.921,1.0115631,0.0047712373,-34.28003,111.89526,419.47974,107.28933,160.04062,747.23486
43.39375,42.74375,3034.4138,0.26948124,0.00067065255,-4.251465,-61.556885,167.5835,66.32496,208.57852,883.50146
43.39375,42.75625,3113.4705,0.28943875,-0.0054290476,31.070557,5.809326,272.3938,45.6618,220.05908,983.4861
43.39375,42.76875,3276.5415,0.4837931,-0.0036038065,10.920898,124.892334,462.708,50.169712,154.21414,823.6782
43.39375,42.78125,2975.7292,0.5516633,0.0009146217,-9.176025,-34.270264,185.73193,54.56189,198.4112,1087.9917
43.39375,42.79375,2849.8235,0.34354836,0.0024790931,-17.028564,-114.53003,87.28125,47.660255,181.29259,914.1736
43.39375,42.80625,3212.0164,0.6585939,-0.0012194276,12.122559,62.44409,502.729,69.742386,204.12495,1063.9675
43.39375,42.81875,3300.2273,0.5652628,0.003119794,-13.405273,98.38086,665.39087,72.31182,172.18594,802.5679
43.39375,42.83125,2953.5996,0.34441492,-0.0003976474,-7.2839355,-82.29053,414.4287,62.04031,173.2224,926.23926
43.39375,42.84375,2653.6465,0.20320792,0.001994359,-33.590332,-149.40698,217.57397,41.4367,195.00385,917.3633
43.39375,42.85625,2356.2988,0.59251916,0.0016492045,-31.085938,-169.84692,18.08789,76.23319,214.32802,1024.7402
43.39375,42.86875,2190.753,0.70880365,-0.0010952313,0.26586914,-91.64209,-29.634521,89.361626,207.66078,898.62695
43.39375,42.88125,2117.38,0.5025343,-0.0013561099,13.980713,22.63208,18.291748,73.31439,215.15343,975.90686
43.39375,42.89375,1976.5854,0.3079194,-0.0013634316,14.036499,101.803955,-12.65979,62.910652,211.86493,999.3838
43.39375,42.90625,1612.1444,0.4375948,-0.0023433445,25.19226,37.771606,-315.4839,69.8892,218.39871,799.70935
43.39375,42.91875,1277.3864,0.025455387,0.0005358483,-6.065674,-112.69641,-628.23926,9.062284,116.33411,564.7156
43.39375,42.93125,1376.3179,0.28255424,0.0012536885,-22.821777,-127.812744,-523.6416,47.690407,184.74577,725.99805
43.39375,42.94375,1832.3146,0.3872926,0.0024018248,-28.228516,52.72278,-89.49512,54.753994,212.99355,970.3688
43.39375,42.95625,2187.7058,0.29529223,0.00026680043,-0.32348633,142.79968,252.31763,37.01351,181.33119,809.17615
43.39375,42.96875,2244.166,0.24155416,0.0015417848,-11.750732,30.504395,282.2505,42.673176,113.48348,567.2092
43.39375,42.98125,2433.877,0.20045187,-0.0046996973,43.33667,135.79419,436.06775,28.82707,112.37882,532.3408
43.39375,42.99375,2377.393,0.35142672,-0.0018056622,20.933838,147.80835,337.75452,60.592903,159.7138,628.1366
43.38125,42.00625,2122.155,0.5324115,0.0018219143,-15.331543,-59.97339,3.9909668,80.57605,295.45557,1126.868
43.38125,42.01875,2755.4583,0.748394,0.0013294808,-8.9157715,162.03052,491.7578,102.63528,271.36047,1234.2106
43.38125,42.03125,3260.2898,0.48977032,-0.009787905,98.474365,419.1172,860.28,60.28267,213.8995,1012.0569
43.38125,42.04375,2836.3853,0.14180765,0.0023419128,-25.298096,-185.85889,328.86426,32.611347,188.3879,857.4458
43.38125,42.05625,3174.9756,0.60923946,-0.002842682,15.766846,75.869385,568.6465,62.201286,142.93005,682.4695
43.38125,42.06875,3063.6023,0.25542235,-0.0013741913,14.603027,-21.50293,358.08813,41.496986,131.47243,682.4695
43.38125,42.08125,3108.2869,0.77057207,-0.0008235054,-8.806885,180.2749,348.39282,90.10549,241.06845,1107.1375
43.38125,42.09375,2471.7258,0.8200791,-4.143501e-05,-15.108643,-175.19824,-276.14062,103.74488,238.40302,1018.5137
43.38125,42.10625,2751.5615,0.3751573,-0.0009845407,10.270264,-15.88501,59.813477,65.05766,310.06854,1215.1411
43.38125,42.11875,3151.8296,0.7452011,0.0020183374,-28.790283,66.95947,552.61035,85.42248,170.81569,818.07935
43.38125,42.13125,2991.4624,0.53738797,-4.827575e-05,-12.475342,-42.616943,502.89526,66.36264,202.85956,1031.7031
43.38125,42.14375,3017.0999,0.39017755,-0.006669103,49.972656,165.4497,633.2937,70.65408,171.3301,859.4458
43.38125,42.15625,2489.5146,0.61175245,-0.00013979463,-11.484619,-106.72681,171.21216,73.7428,262.4243,1175.2405
43.38125,42.16875,2142.4062,0.592528,0.0037223413,-49.722656,-7.7487793,-107.37915,87.94601,344.22232,1379.5327
43.38125,42.18125,1579.203,0.5266564,-0.00018443794,-1.6612549,-163.67554,-628.54626,70.79548,253.13928,995.3645
43.38125,42.19375,1710.271,0.7051979,0.0006260433,-4.835083,-96.759155,-511.59888,96.31459,282.60397,1004.11206
43.38125,42.20625,2325.095,0.60761994,0.00042389834,15.197266,93.85425,53.500244,88.5466,287.24118,1204.9814
43.38125,42.21875,2385.5164,0.65829885,0.0023912743,-30.337158,-164.76733,49.470703,89.356026,219.35701,1087.9114
43.38125,42.23125,2905.5635,0.69871,-0.0039755916,30.240234,64.26489,485.96216,113.390915,247.07893,1119.7732
43.38125,42.24375,2954.4695,0.2762697,0.00405115,-47.608154,-142.15308,401.50635,73.27346,165.35417,780.45337
43.38125,42.25625,3015.223,0.91825056,-0.0033563764,23.072021,-28.064453,348.94336,90.14987,232.20895,982.00757
43.38125,42.26875,2549.231,0.26319924,0.0024931997,-21.318848,-256.91724,-175.95068,38.79433,232.27893,1032.1924
43.38125,42.28125,2901.5784,0.6790443,0.005661246,-59.76709,33.864502,136.44922,85.35807,232.95601,898.5691
43.38125,42.29375,3170.7273,0.41427615,-0.0031079568,30.097412,159.8789,362.55078,66.3551,185.25388,946.45435
43.38125,42.30625,2847.9297,0.65425783,-0.0030177343,34.87622,84.046875,2.824463,85.74672,293.78818,1119.3623
43.38125,42.31875,2395.9485,0.27278745,0.0014729021,-14.282227,-229.96704,-502.094,28.77499,194.23183,766.56226
43.38125,42.33125,2995.1758,0.65990937,0.0022049986,-23.069824,52.159912,16.5271,89.537704,319.46204,1126.0913
43.38125,42.34375,3417.486,0.42663074,-0.0039030518,48.611816,227.67993,362.18726,82.891495,174.4219,674.2168
43.38125,42.35625,3246.1414,0.53134835,-0.0056504225,55.50879,104.892334,86.95093,62.793312,181.90382,719.7534
43.38125,42.36875,3094.7925,0.28593022,-0.00096500636,-2.6049805,-91.81421,-213.46875,47.063786,178.89941,898.0691
43.38125,42.38125,3315.2104,0.26562852,-0.00067052717,1.2817383,-39.064697,-141.29199,38.832977,163.70094,808.2698
43.38125,42.39375,3542.897,0.4117223,0.0005280354,-12.92749,-60.872803,-50.283936,70.15697,231.64629,1353.1831
43.38125,42.40625,4008.814,0.1617178,-0.0062792604,69.392334,160.37695,280.30566,68.27884,291.44983,1171.0273
43.38125,42.41875,3791.1782,0.35996017,-0.00042168345,-6.9716797,-117.14209,-53.516357,87.68694,337.39145,1166.6877
43.38125,42.43125,3808.6711,0.6978193,0.0007280928,-25.711914,-138.36182,-109.95068,94.86833,338.11685,1299.0339
43.38125,42.44375,4027.9482,0.48410782,-0.0025426433,19.338867,-25.172363,84.63721,76.99351,316.0949,1265.4385
43.38125,42.45625,4013.8435,0.2551429,0.000619519,-12.606689,-72.745605,100.28638,51.30302,292.7815,1124.0369
43.38125,42.46875,3962.461,0.4249317,0.0016757682,-18.320312,-57.718994,127.3999,70.320694,272.5711,1129.4026
43.38125,42.48125,3892.045,0.21939012,-0.00015597983,1.9873047,34.553467,148.94238,33.06055,233.30452,1166.1587
43.38125,42.49375,3640.5498,0.32889932,-0.00015198052,-5.8186035,-28.596436,11.704102,44.395947,183.89671,899.98486
43.38125,42.50625,3501.557,0.29557717,-0.0016062838,11.606934,2.5925293,-3.0449219,45.639896,165.40858,732.38696
43.38125,42.51875,3422.731,0.33360448,-0.0030243306,30.489014,68.996826,27.339844,53.056572,137.39723,611.1846
43.38125,42.53125,3328.7476,0.09046956,-0.0011864972,13.447754,51.56787,4.2773438,12.727922,85.011765,403.08594
43.38125,42.54375,3265.1428,0.16924629,-0.00029195877,-0.14453125,2.3498535,-4.9509277,15.905973,44.090816,285.4458
43.38125,42.55625,3184.1519,0.12406059,0.0009676326,-14.8376465,-84.756836,-30.013672,21.817425,84.00595,578.8992
43.38125,42.56875,3299.59,0.47131696,0.003123081,-47.378662,-62.61035,120.673584,93.62158,174.48209,817.5188
43.38125,42.58125,3620.2637,0.7181527,-0.0025038987,20.082275,176.0769,464.0515,84.78797,190.75377,854.302
43.38125,42.59375,3275.4558,0.33769098,0.0021582174,-21.981201,-46.579346,141.72754,51.516987,234.16875,1035.9846
43.38125,42.60625,3240.5461,0.39270493,0.0009110557,-8.382568,13.222412,126.85718,78.160095,187.01337,774.2024
43.38125,42.61875,3533.1648,0.48058355,-0.006416502,73.26416,249.33179,440.5249,101.40513,159.79361,738.9966
43.38125,42.63125,3209.476,0.24787746,0.004658041,-42.97632,-29.861572,159.04297,44.31704,146.18823,721.8147
43.38125,42.64375,3134.9878,0.67921185,0.0010507668,-6.952881,47.540527,122.86035,94.05318,160.20924,860.92334
43.38125,42.65625,2927.0615,0.749456,-0.00045267743,5.1845703,2.4714355,-73.16211,94.35041,187.0508,936.27124
43.38125,42.66875,2837.1475,0.42278183,-0.002936466,25.70752,4.199463,-150.67432,69.82478,202.43271,869.6902
43.38125,42.68125,2784.8806,0.2963685,0.00475411,-48.009033,-104.2168,-175.13623,62.189228,216.39548,946.5513
43.38125,42.69375,3043.3083,0.5717152,0.0027333891,-15.505371,31.576416,120.638916,82.82512,199.17831,1051.4836
43.38125,42.70625,2949.7625,0.49435866,0.004440613,-34.920166,-111.72388,68.795654,60.1415,235.2233,1046.1462
43.38125,42.71875,3120.204,0.49698797,-0.004157096,33.841064,110.22754,275.6858,78.25599,280.1232,1146.4204
43.38125,42.73125,2959.1167,0.72250664,-0.00040638383,9.852783,-30.762695,128.52173,102.21546,272.07904,1098.4595
43.38125,42.74375,3096.7808,0.45777702,0.004324757,-22.750244,47.63452,284.88623,56.240555,245.3793,1051.7185
43.38125,42.75625,3252.8757,0.58821577,-0.0009374975,5.26001,169.32861,472.11035,80.65978,240.94397,1069.6035
43.38125,42.76875,3087.6455,0.45320934,0.0009032522,-13.922607,20.457275,339.62402,84.51035,225.36636,1040.9338
43.38125,42.78125,3189.6,0.70816857,-0.0008837955,20.756836,91.68384,467.16626,71.749565,194.62271,982.43774
43.38125,42.79375,3177.8289,0.7609361,0.0027731704,-26.69629,1.7407227,482.43774,117.10679,171.27463,701.70264
43.38125,42.80625,3368.4255,0.8266446,0.00091255887,-6.543701,106.67163,718.4553,87.681244,154.52832,737.6985
43.38125,42.81875,3556.4111,0.52904326,-0.005465868,76.38867,331.84717,973.8386,62.0,183.22937,871.8259
43.38125,42.83125,3126.547,0.72203845,0.003807734,-42.321045,102.00391,639.5115,86.27862,200.86314,1027.8674
43.38125,42.84375,2761.897,0.6519331,-0.0014145714,7.82666,-2.50708,369.37012,106.96962,241.07675,1166.4453
43.38125,42.85625,2519.7673,0.36017543,0.0011007226,-15.628662,52.120117,208.12378,58.86425,258.0465,1256.1667
43.38125,42.86875,2385.2861,0.5357654,-0.0020354497,14.667969,162.1355,176.16577,101.422386,280.5655,1292.2439
43.38125,42.88125,2324.3247,0.7512139,-0.0012887768,20.597656,277.03943,213.48218,110.394745,302.4971,1283.0446
43.38125,42.89375,2076.9736,0.82743996,-0.0029682403,44.650146,237.432,47.579712,103.51328,287.26556,1128.3096
43.38125,42.90625,1455.2867,0.7049613,-0.0022468844,-6.916626,-96.20752,-535.7362,92.624245,240.66263,840.67883
43.38125,42.91875,1340.7693,0.7308643,0.004730591,-43.81067,-145.20508,-651.10803,92.143234,190.01776,831.5078
43.38125,42.93125,1555.0005,0.6483325,0.00040312228,-10.859741,-89.38281,-455.93347,69.49641,185.59094,831.5078
43.38125,42.94375,1708.837,0.6051824,-0.0005484425,-10.317871,-117.20215,-348.7567,89.741295,195.01154,983.5696
43.38125,42.95625,1878.1263,0.5112796,0.0031822426,-47.269897,-180.92712,-195.53308,54.08558,185.09457,950.1035
43.38125,42.96875,2059.287,0.24422875,0.0022996732,-28.766602,-153.25122,-34.92578,41.695324,126.39027,685.3883
43.38125,42.98125,2317.13,0.6627579,0.0021300304,-9.135254,-1.2631836,199.8518,66.445465,109.49429,519.7429
43.38125,42.99375,2287.7385,0.43615904,6.9114285e-05,-7.2424316,27.81543,147.32104,68.24222,160.71715,522.06506
43.36875,42.00625,2026.0792,0.6753613,-0.0027674919,25.938599,20.209717,-131.32874,90.54281,276.95126,1148.7169
43.36875,42.01875,2273.5752,0.47713572,0.0011505224,-13.527588,-126.92651,-47.761963,78.612976,297.32053,1459.8905
43.36875,42.03125,2644.8967,0.6544161,0.0010788046,-7.0336914,-59.861572,164.1521,105.28058,270.29706,1118.0474
43.36875,42.04375,3008.4688,0.6529441,0.003233051,-20.3125,83.581055,399.3894,101.70054,237.64049,1056.998
43.36875,42.05625,3252.7888,0.711972,0.00298371,-31.07544,141.27563,534.3511,92.34717,187.13097,938.52783
43.36875,42.06875,3287.9688,0.48985907,-0.0023044508,71.08423,134.58398,469.88623,83.48653,133.20285,614.70264
43.36875,42.08125,2898.0186,0.2929923,0.0009177095,-11.903564,-85.92969,23.840088,45.099888,185.12968,897.103
43.36875,42.09375,2554.292,0.7350438,0.00027815727,-9.841797,-185.59912,-311.4187,86.09007,206.2353,851.81616
43.36875,42.10625,2765.5151,0.34793872,0.0038214922,-43.44287,-53.165283,-45.091797,72.790794,264.84808,1033.5479
43.36875,42.11875,3336.5566,0.6243189,0.00086039666,10.85791,200.30957,613.2705,72.663605,171.78474,761.48413
43.36875,42.13125,3259.0874,0.79455453,-0.0017487,23.81543,98.98291,655.5342,67.71263,152.77434,728.8025
43.36875,42.14375,3074.41,0.29136914,-0.0049801436,64.478516,112.67261,592.34546,64.45153,191.09422,1099.4841
43.36875,42.15625,2849.336,0.7207258,9.2372815e-05,9.583984,163.53418,434.5869,86.96551,236.62418,1083.72
43.36875,42.16875,2379.9473,0.78450656,0.0022063765,-3.4489746,74.43848,37.29785,108.36512,298.60342,1292.0187
43.36875,42.18125,1791.5039,0.83667946,-0.002148604,12.949463,-60.097046,-496.6206,109.05159,296.15283,1096.3871
43.36875,42.19375,1593.8854,0.529804,0.0042481325,-32.056152,-168.12732,-685.9601,62.765438,213.87029,866.67834
43.36875,42.20625,2338.1475,0.58628726,-0.003981889,42.56714,230.59961,27.632324,88.16746,277.78857,1206.7065
43.36875,42.21875,2757.5247,0.7022157,-0.0037356045,85.29883,284.0005,404.5271,106.284996,243.27043,1132.133
43.36875,42.23125,2679.0256,0.61028576,0.0018832305,-32.62256,-150.83032,257.26196,85.79044,256.88617,1119.7732
43.36875,42.24375,2968.2634,0.30328178,0.0031497453,-41.374023,-135.69751,415.86182,66.32496,164.4506,815.9365
43.36875,42.25625,3220.8984,0.38437662,0.00493149,-49.737793,79.96289,558.2407,67.72001,176.81912,910.24805
43.36875,42.26875,2923.4773,1.011155,-0.0019795338,5.7106934,-37.5437,204.8003,113.93858,232.52742,905.33887
43.36875,42.28125,2953.0022,0.3402018,0.00045426487,2.8344727,2.8063965,196.2854,51.146847,187.76048,803.28125
43.36875,42.29375,3283.9475,0.6382855,-0.0019492032,36.48047,141.32373,480.5359,78.300705,143.37015,770.15405
43.36875,42.30625,3070.3057,0.53852284,-0.0027578652,41.710938,98.55371,225.00977,80.13114,293.00684,1165.7661
43.36875,42.31875,2498.8804,0.2111061,-0.00029513563,-2.5292969,-200.66089,-407.9109,34.110115,188.79353,828.3418
43.36875,42.33125,2945.9346,0.7108848,0.0011569065,-23.670654,71.63623,-53.62378,91.809586,325.5864,1125.9075
43.36875,42.34375,3417.3342,0.42053956,0.000860719,-3.5419922,225.1001,330.2578,55.614746,235.96822,937.58887
43.36875,42.35625,3453.6611,0.31875315,-0.0007261975,9.169922,160.42993,254.594,38.444767,145.75665,821.92944
43.36875,42.36875,3440.8064,0.60078967,0.00036781028,-3.6450195,80.017334,78.20215,76.40681,156.16017,684.78467
43.36875,42.38125,3548.0781,0.5929743,0.0025897976,-22.255615,69.00806,23.58496,77.78818,155.70485,810.5657
43.36875,42.39375,3788.8545,0.6208746,-0.0012241794,16.524902,52.969727,108.736084,73.91211,272.2205,1196.3796
43.36875,42.40625,4441.562,0.4543499,-0.0017394561,34.720215,287.49512,608.1599,101.19289,333.40665,1266.834
43.36875,42.41875,4536.5293,0.4286514,-0.0011379018,8.405273,110.3208,572.552,61.919304,344.5838,1542.1372
43.36875,42.43125,4600.798,0.5246653,-0.0018956604,11.928223,32.552246,553.0757,98.05101,444.82355,1776.2612
43.36875,42.44375,4733.144,0.56347567,-0.0002749352,5.198242,68.836914,652.50757,99.93998,433.18124,1686.2468
43.36875,42.45625,4678.923,0.38805455,-0.0010571843,12.607422,50.220215,623.36914,70.28513,377.27972,1521.5195
43.36875,42.46875,4554.288,0.5623151,-0.0007462766,11.126465,99.845215,577.47485,81.400246,319.47144,1343.229
43.36875,42.48125,4190.48,0.5605643,0.00086502545,-7.4472656,22.376465,307.14062,78.06408,261.8129,1234.5078
43.36875,42.49375,3889.946,0.3167808,-0.00071905355,6.7575684,-3.1794434,127.29321,37.682888,197.75995,916.1731
43.36875,42.50625,3713.0242,0.17846838,-0.0013316581,14.510254,34.509033,79.01514,27.3313,141.5945,694.0664
43.36875,42.51875,3504.9255,0.13613315,0.00013942411,0.07421875,-5.890869,-6.098633,21.494184,117.0,536.6531
43.36875,42.53125,3400.432,0.20136288,0.00023092395,-2.5217285,12.207031,-23.758057,27.658634,88.31195,354.31836
43.36875,42.54375,3300.8853,0.11835035,-0.00026168991,1.46875,-20.90747,-59.716064,18.303005,59.84981,337.7876
43.36875,42.55625,3296.7979,0.05232224,1.7943388e-05,0.52075195,-48.34619,-10.066406,9.327379,95.45156,477.9751
43.36875,42.56875,3478.4336,0.75980943,0.0011326675,-15.842773,15.506348,204.16748,101.54802,141.94365,680.1731
43.36875,42.58125,3509.399,0.6083627,0.0019306353,-20.273926,33.848145,256.34497,92.82241,200.62901,968.88477
43.36875,42.59375,3317.801,0.48496643,0.0012155233,-12.236084,16.326172,89.27344,83.38465,244.2642,1045.968
43.36875,42.60625,3180.421,0.3874712,0.00071021484,-6.2905273,8.188232,-25.3125,69.2026,223.73198,873.6355
43.36875,42.61875,3123.366,0.70142615,0.00014065515,1.3601074,-11.160645,-64.15918,98.91916,257.41406,948.92993
43.36875,42.63125,3058.519,0.54362524,-0.00015875934,0.7114258,25.494629,-92.60181,85.49269,268.57587,979.05786
43.36875,42.64375,2815.3335,0.34086752,0.0009046604,-9.540527,-51.150635,-293.906,81.80464,253.31996,927.5869
43.36875,42.65625,2572.3242,0.4906243,0.001354846,-17.199707,-154.81104,-505.1726,88.682014,211.12674,887.0603
43.36875,42.66875,2424.6504,0.3107208,0.0010825827,-17.485596,-222.59155,-615.396,46.465042,162.77592,699.4109
43.36875,42.68125,2486.147,0.68378526,0.0020850252,-13.259277,-147.91748,-499.5537,90.60905,187.69656,726.3823
43.36875,42.69375,2774.0442,0.6968053,-0.0017510587,16.915283,77.378174,-150.51343,73.68175,218.66641,839.73
43.36875,42.70625,2774.4358,0.48169973,0.0023663912,-16.093994,38.492188,-81.4292,53.05186,202.72519,901.72217
43.36875,42.71875,2532.2222,0.39758122,0.0017583326,-29.898438,-113.296875,-264.4331,67.305275,220.81892,1056.5769
43.36875,42.73125,2431.948,0.22974986,0.006518751,-55.973145,-142.6997,-330.13843,53.97685,243.97644,973.21704
43.36875,42.74375,2514.0476,0.40832418,0.0071809823,-58.970947,-152.77173,-211.31104,80.984566,273.73526,1178.0635
43.36875,42.75625,2748.9434,0.64319056,3.774197e-05,1.2062988,17.885986,65.27173,76.27909,252.91896,1072.0195
43.36875,42.76875,2601.2134,0.37748003,0.0022852777,-31.868408,-220.88477,-46.52661,58.386642,234.87762,1020.3645
43.36875,42.78125,3158.6191,0.5120514,-0.0033561543,35.12915,82.57715,535.59106,76.889534,215.01628,928.5574
43.36875,42.79375,3291.696,0.70977044,-0.0006710786,10.81958,118.90039,691.3633,88.29496,200.14246,879.97314
43.36875,42.80625,2994.4622,0.6674681,0.00029406277,-9.704346,-75.45215,428.6577,112.38327,279.4083,1200.53
43.36875,42.81875,3078.2861,0.5950909,-0.0030862407,32.773926,110.39624,568.68115,65.23036,295.63492,1200.53
43.36875,42.83125,2807.4165,0.6337499,-0.001701001,13.760498,4.5390625,385.18237,105.24258,292.63885,1447.9421
43.36875,42.84375,2698.3196,0.7826098,-0.0020951964,32.756104,207.34302,348.1421,111.19577,341.8428,1708.5173
43.36875,42.85625,2107.0142,0.8228087,-0.0011924325,5.3046875,4.398926,-191.62354,106.59503,377.27908,1425.4957
43.36875,42.86875,1803.6187,0.77859515,-0.00083925185,17.596436,3.5906982,-419.02417,119.54706,341.1268,1184.1245
43.36875,42.88125,1417.7148,0.62733185,0.00093574636,-29.265137,-291.13245,-734.92773,110.04601,295.17496,1068.6803
43.36875,42.89375,1316.6058,0.05461652,0.0026486032,-39.226562,-420.44287,-792.51697,36.311153,310.82672,1179.5576
43.36875,42.90625,1374.1926,0.3319965,-0.00025535704,-21.478882,-362.9005,-729.99146,87.657005,354.69388,1200.2175
43.36875,42.91875,1828.9259,0.7862588,0.0013037077,-14.979492,15.69165,-301.34387,119.46757,340.37515,1179.523
43.36875,42.93125,1844.3873,0.4906107,-0.0024742822,22.66211,-47.36487,-332.29187,75.31268,206.2953,1062.6855
43.36875,42.94375,2041.6418,0.6093703,-0.0002885124,14.774536,90.948,-192.31934,66.72893,170.53079,854.9949
43.36875,42.95625,2359.8875,0.6160992,-0.0030152919,40.951904,203.5415,118.50464,102.35966,196.03061,893.3065
43.36875,42.96875,2419.8547,0.4708659,0.0027445746,-25.88794,68.450195,173.85669,72.86974,201.74242,960.3412
43.36875,42.98125,2541.8013,0.1745143,-0.0024838115,17.491943,74.77319,289.5642,51.48786,207.36923,923.15015
43.36875,42.99375,2268.9775,0.3173022,0.0003964126,-6.649658,-72.80591,22.915527,44.961094,270.96954,937.9337
43.35625,42.00625,1810.066,0.36221865,0.0004087227,2.3308105,-64.53613,-382.29895,69.94641,233.84503,853.36426
43.35625,42.01875,2430.4954,1.0814044,-0.0045514056,26.039795,146.87817,70.70068,106.59972,277.11008,1131.6127
43.35625,42.03125,2748.792,0.67562747,0.0051626284,-32.223145,105.60864,219.39526,100.08496,241.50777,1067.7734
43.35625,42.04375,2613.0999,0.2619865,0.001937728,-22.019531,-229.18091,-58.994385,58.685604,211.16699,1056.998
43.35625,42.05625,2927.3938,0.504947,-0.0015562089,3.4824219,-92.08838,132.30005,64.899925,220.04546,938.52783
43.35625,42.06875,3203.8384,0.63921016,-0.00035019792,1.0942383,64.349365,306.6023,55.37147,141.31525,719.031
43.35625,42.08125,3210.9424,0.62904304,-0.0023768218,45.380615,213.59937,252.3374,65.681046,199.22852,833.53735
43.35625,42.09375,2634.0076,0.50837374,0.0029852772,-25.160645,-165.11841,-321.01392,75.802376,173.734,798.0764
43.35625,42.10625,2874.894,0.33634397,0.005172242,-48.030518,-27.64624,-36.420654,59.22837,231.14714,929.5652
43.35625,42.11875,3129.9028,0.48977727,0.0005812414,-22.51416,-1.3596191,292.43896,63.0476,161.56422,858.7456
43.35625,42.13125,3124.0786,0.59994084,-0.0018528424,17.131348,69.083496,410.89893,94.53042,268.27783,1231.8386
43.35625,42.14375,2799.6367,0.80075234,-0.0019810004,19.999512,30.003662,225.85107,115.07172,337.87054,1337.6201
43.35625,42.15625,2357.6904,0.7354425,0.0058552353,-40.868164,-151.07715,-137.3789,129.4469,307.95535,1166.2987
43.35625,42.16875,2051.434,0.6226239,0.0021297194,-25.906738,-227.6875,-378.04492,103.02912,257.78577,1096.445
43.35625,42.18125,1755.3024,0.15879233,0.0064138416,-65.168335,-194.0686,-617.95667,63.407413,294.93643,1112.167
43.35625,42.19375,1601.3707,0.10752858,0.00069015747,-9.493774,-196.96643,-755.58044,23.065125,197.43733,832.21484
43.35625,42.20625,2170.4277,0.65987426,-0.00084181596,25.83667,67.014404,-194.55615,106.284996,322.1638,1213.0474
43.35625,42.21875,2423.4587,0.6985293,-0.0018352456,16.420166,-96.4729,31.729248,81.4862,238.52254,1079.2903
43.35625,42.23125,2859.759,0.5477553,-0.0002893599,-1.1816406,53.293945,405.42163,69.559326,193.49677,899.2329
43.35625,42.24375,3171.7483,0.48075297,-0.0011741137,18.969727,198.89038,586.3181,47.90616,188.49403,909.595
43.35625,42.25625,3247.0818,0.70317113,0.00215552,1.0727539,197.51709,558.24536,94.14351,212.77689,909.595
43.35625,42.26875,3235.637,1.1595725,-0.0010308112,25.970215,199.51343,505.96753,122.13517,197.27646,817.0237
43.35625,42.28125,3007.8608,0.33211395,0.0032353764,-33.621338,-72.45264,246.68042,45.694637,179.71645,855.98145
43.35625,42.29375,3230.8083,0.30705702,0.003146444,-31.617676,-16.523926,416.86572,64.652916,148.8254,665.81226
43.35625,42.30625,3169.5542,0.6157362,0.002798909,-45.17798,26.881836,302.22803,93.66429,247.64693,1095.2583
43.35625,42.31875,2755.7668,0.7033326,0.00080083957,3.1887207,-106.14453,-171.00317,90.19701,223.36964,970.9624
43.35625,42.33125,2658.058,0.5689405,0.0007253832,-13.026855,-198.77661,-353.9602,83.725746,229.37306,981.5471
43.35625,42.34375,2709.6218,0.48474556,0.0028918134,-43.15088,-313.2754,-387.36084,76.23319,230.48862,919.8125
43.35625,42.35625,3069.7417,0.60781515,0.0019849895,-2.3273926,-72.34595,-145.98193,103.4408,228.92357,851.2788
43.35625,42.36875,3276.56,0.61118203,-0.0027181453,24.0979,-7.222168,-110.697266,100.43406,214.69281,859.0112
43.35625,42.38125,3316.48,0.41396338,0.0022246388,-12.04834,-191.43555,-237.04834,50.149776,247.8548,1380.772
43.35625,42.39375,3797.9333,0.46346027,-0.0025025124,13.289307,-107.9917,85.58594,75.93418,358.32388,1532.4246
43.35625,42.40625,4210.2417,0.93839186,0.0022444737,-27.822266,-195.00146,339.0459,119.98333,325.99692,1273.5454
43.35625,42.41875,4773.1597,0.39943072,0.0025981758,-26.229492,-9.26123,760.16675,53.62835,238.43237,1158.2998
43.35625,42.43125,5260.794,0.51387006,-0.0011661053,23.007324,188.44873,1148.4326,77.54998,281.8794,1140.8599
43.35625,42.44375,5483.9805,0.2800581,-0.0041154,35.184082,273.64404,1323.7368,64.07808,266.58206,1035.3857
43.35625,42.45625,5205.43,0.5282476,0.0016778384,-8.370117,80.13086,1066.5415,91.389275,266.54456,1044.6807
43.35625,42.46875,4875.0576,0.6695967,0.0002799854,0.4399414,57.090332,811.9221,84.8646,321.739,1380.9883
43.35625,42.48125,4417.73,0.3748107,-0.00048839505,3.3085938,14.466309,448.55542,52.5357,249.17464,1121.8921
43.35625,42.49375,4077.6218,0.43171862,0.0005137537,-0.08300781,14.125244,234.76807,58.991524,197.37527,776.9131
43.35625,42.50625,3814.475,0.13424166,-0.00041229703,3.482666,13.300049,104.33154,25.787594,152.13152,630.47534
43.35625,42.51875,3610.2837,0.196639,-0.00029043978,5.286621,-14.46167,29.54834,25.258661,111.14855,525.22095
43.35625,42.53125,3471.1404,0.10642655,-0.0006894845,-0.06982422,-26.883057,-10.229736,18.027756,106.12728,448.61328
43.35625,42.54375,3388.8723,0.050665244,-0.00011937351,1.5605469,-53.765625,-15.925293,8.426149,126.19033,608.5281
43.35625,42.55625,3398.6758,0.15877508,0.00090368063,-9.412842,-63.837402,49.01123,30.215889,140.78708,601.1831
43.35625,42.56875,3548.8274,0.46817014,-0.0023873136,38.430664,101.78882,232.96411,50.91169,144.24632,682.04224
43.35625,42.58125,3281.0244,0.5513182,-0.002036297,28.70288,-28.084717,-19.679688,71.23904,174.12639,840.08374
43.35625,42.59375,2952.5464,0.3123642,0.0005981985,-23.079346,-235.65674,-323.7356,40.5216,175.55057,837.99243
43.35625,42.60625,2937.8933,0.51294076,0.00031141427,-17.625977,-197.4209,-310.10938,89.073006,214.68115,927.44214
43.35625,42.61875,2924.8577,0.3595956,0.0009375491,-4.617676,-122.73828,-300.60376,72.332565,196.88068,910.94116
43.35625,42.63125,2935.2205,0.7072352,-0.002106931,28.572998,42.01294,-255.72852,103.85567,181.18224,803.7622
43.35625,42.64375,2564.417,0.108386554,0.002444312,-20.505371,-215.64453,-586.94604,26.851442,189.63782,889.8635
43.35625,42.65625,2839.3628,0.74130857,0.0009864002,-5.649414,16.204346,-269.49854,123.31464,284.81134,1036.8074
43.35625,42.66875,3038.4883,0.6188228,-0.0058038994,47.280518,202.82617,-16.720459,84.05355,297.63318,1071.6123
43.35625,42.68125,2603.7927,0.28039783,0.008369923,-56.50757,-103.24609,-372.52344,65.42935,249.12045,998.2053
43.35625,42.69375,2427.4146,0.4867102,0.0005647667,-4.201416,-180.88696,-467.58105,72.99315,189.04893,767.41943
43.35625,42.70625,2371.055,0.6423062,0.0012432999,-23.121582,-200.17236,-438.87402,84.08329,166.65984,760.0056
43.35625,42.71875,2308.9614,0.4802521,-0.0013210363,1.3427734,-200.44067,-423.4812,65.87868,175.29547,701.7114
43.35625,42.73125,2154.1067,0.15972379,0.003347668,-44.85742,-239.86377,-529.60815,46.55105,178.75262,817.9132
43.35625,42.74375,2253.031,0.3713338,0.0013439574,-6.8010254,-90.89331,-386.04102,68.161575,199.67725,941.0148
43.35625,42.75625,2287.7288,0.62013036,0.0026823047,-23.0083,-144.76758,-307.06177,74.76296,210.55522,941.0148
43.35625,42.76875,2728.8403,0.7497643,-0.00096937217,12.395752,5.422119,166.09204,87.0919,272.58118,1097.6401
43.35625,42.78125,3119.5005,0.7397041,0.0031373054,-14.107666,173.16553,575.8928,86.994255,226.53035,1036.0676
43.35625,42.79375,2745.0828,0.78476727,0.00089359324,-17.89502,-63.80371,214.57666,116.23038,343.80444,1462.4481
43.35625,42.80625,2681.5586,0.59528345,-0.0029486045,32.646484,78.05371,166.48682,95.38868,314.117,1330.6132
43.35625,42.81875,2424.2878,0.5932023,-0.00031242098,-0.3894043,-77.829834,-56.528076,95.68699,295.40396,1390.3926
43.35625,42.83125,2614.9934,0.5531023,-0.0059615155,43.21997,264.92944,207.7583,96.57898,352.42374,1689.4445
43.35625,42.84375,2109.4932,0.9154939,0.00063769205,7.6728516,64.67163,-245.09937,116.56543,407.70944,1470.8772
43.35625,42.85625,1504.6511,0.672615,-0.0002616666,-6.904175,-249.37903,-825.7886,95.820145,317.94928,1337.4957
43.35625,42.86875,1529.7471,0.7686612,0.0006815861,-14.723633,-166.06287,-755.4072,132.24126,282.88425,1065.5869
43.35625,42.88125,1612.1432,0.6340887,0.0023287144,-15.34375,-145.25952,-635.05066,83.9881,307.08426,1106.8219
43.35625,42.89375,2230.4844,0.85135496,-0.0029707623,37.706787,273.2881,-10.239746,97.90046,406.74316,1428.8859
43.35625,42.90625,2453.4375,0.7775604,-0.0016440835,21.891113,265.7246,192.50684,144.04166,368.02106,1428.8859
43.35625,42.91875,2309.816,0.6819046,0.0005018784,6.7268066,93.370605,8.955078,85.93021,262.53857,1375.4725
43.35625,42.93125,2050.731,0.28807557,0.00033761002,1.7348633,-116.96118,-317.05127,46.631535,210.05832,907.9824
43.35625,42.94375,2162.5159,0.6506232,-0.00082427927,5.8305664,-11.252197,-271.8606,87.46714,211.52423,903.07275
43.35625,42.95625,2160.4197,0.26164111,-0.00020593381,2.3613281,-135.85596,-267.0547,39.319206,166.50525,717.7251
43.35625,42.96875,2446.439,0.50777906,-0.0009791603,12.832275,-39.293457,40.53076,60.683605,169.98824,852.4348
43.35625,42.98125,2686.5125,0.4241503,-7.924436e-05,-2.2485352,8.391113,301.34326,58.150665,175.26694,826.2661
43.35625,42.99375,2952.2065,0.5538362,-0.005598063,57.061035,411.33032,604.7239,52.13444,364.5216,1077.1764
43.34375,42.00625,1770.4072,0.5700311,0.001571193,-8.567749,-97.73242,-425.53198,79.44495,257.21683,983.2002
43.34375,42.01875,2347.289,0.30548668,3.8628664e-06,2.4396973,10.782471,-8.900391,65.631546,324.61594,1202.285
43.34375,42.03125,2860.2239,0.5634565,-0.005319766,66.56665,108.66846,339.1306,69.51978,205.15482,1001.4856
43.34375,42.04375,3223.8613,0.1390878,-0.005321579,62.000732,292.6189,556.0979,64.30396,170.64876,713.7522
43.34375,42.05625,2959.003,0.20647801,0.0022624843,-18.627441,-77.116455,156.73584,70.55495,181.42216,788.48926
43.34375,42.06875,3175.0222,0.17150576,-0.006678504,40.42627,71.07666,255.16797,38.301437,125.944435,604.32666
43.34375,42.08125,2986.874,0.49297455,-0.00094174896,7.3969727,-5.25,-0.35351562,62.553978,171.53717,751.135
43.34375,42.09375,2753.0457,0.532947,0.0005523127,-8.784668,-152.4187,-248.40405,60.307545,151.3704,671.8635
43.34375,42.10625,3090.0168,0.5944881,0.0017549694,7.6987305,135.30005,110.89502,68.36666,197.91666,870.3242
43.34375,42.11875,3078.042,0.7293451,0.0010195476,3.5466309,156.67627,161.4314,114.4596,258.71414,972.4778
43.34375,42.13125,2639.0505,0.66352683,0.0031133683,-19.931885,-105.88013,-158.48315,104.8642,273.5827,1106.1265
43.34375,42.14375,2265.9575,0.09214514,0.004289417,-56.986572,-234.38135,-389.8213,49.411537,226.64731,1004.5242
43.34375,42.15625,2193.0093,0.4837301,0.0025602037,-20.240967,-212.17578,-376.78516,65.94316,237.37102,1018.22546
43.34375,42.16875,2654.6863,0.667791,-0.0012439745,9.386963,253.67358,151.7898,110.31999,285.17365,1231.7784
43.34375,42.18125,2305.0486,0.56168336,-0.0030410725,42.277344,153.16455,-140.41797,82.44998,353.77322,1391.7333
43.34375,42.19375,1698.7349,0.3809783,-0.00012222689,-1.8271484,-173.44678,-718.10376,58.585407,206.08615,830.2919
43.34375,42.20625,1961.5831,0.84423476,-0.0011947672,5.8155518,-15.854248,-438.0055,134.86661,297.13593,1151.4597
43.34375,42.21875,2365.2607,0.8827837,-0.000317151,8.710693,112.940674,-47.960205,143.97395,370.89285,1287.3011
43.34375,42.23125,2514.4329,0.6681967,-0.0003469841,-4.94458,63.029053,40.385986,127.82801,435.09195,1465.9736
43.34375,42.24375,2663.0671,0.52912366,0.0057468154,-27.88501,108.39111,63.506348,95.16039,420.9798,1483.0441
43.34375,42.25625,2620.075,0.44579285,-0.005873906,28.392334,-7.7009277,-75.72119,79.79348,393.51556,1538.8033
43.34375,42.26875,2647.3328,0.46225247,0.0024022735,-21.867188,-120.54736,-77.70703,76.80495,353.286,1451.668
43.34375,42.28125,3005.4497,0.6130115,-0.0029196353,7.9865723,47.271973,262.0547,118.6086,288.65552,1299.6191
43.34375,42.29375,3159.481,0.31520274,0.0021118354,-30.903076,-18.28125,367.45654,67.18631,237.97899,1036.6392
43.34375,42.30625,3443.9004,1.2801855,-0.0012853075,29.838867,196.60425,589.3374,142.56578,175.4252,841.87744
43.34375,42.31875,3199.3855,0.4297019,-0.0063834735,59.20581,70.783936,283.23853,73.72923,210.39725,956.4507
43.34375,42.33125,3109.136,0.42091855,0.0017840288,-10.603516,-5.326172,116.3584,63.442886,252.14282,1013.10156
43.34375,42.34375,3236.9453,0.3871372,-0.00096184545,0.6813965,89.950195,164.14038,87.372765,257.80225,1000.7886
43.34375,42.35625,3104.445,0.6839509,0.00075974007,1.9265137,-51.853516,-84.27026,94.54629,239.28435,1091.1628
43.34375,42.36875,3177.2942,0.43934715,0.00124673,-6.730957,-107.78345,-185.35791,65.734314,237.32257,1129.8096
43.34375,42.38125,3560.6948,0.5315336,-0.00022664995,13.055664,-69.61719,19.004395,74.08104,381.25714,1537.9468
43.34375,42.39375,4418.5425,0.7625076,-0.00039375472,7.4472656,289.92236,708.1338,106.76141,404.8901,1618.2158
43.34375,42.40625,4845.0073,0.62320524,-0.0036014353,31.424805,317.58203,970.73315,97.426895,287.38824,1212.8308
43.34375,42.41875,4935.7705,0.66962856,-0.0025685022,35.270996,175.22461,914.6328,105.59356,255.31157,1243.2458
43.34375,42.43125,5059.057,0.2552037,-0.00059296686,3.105957,45.881348,934.14746,47.010635,324.52426,1362.6362
43.34375,42.44375,5239.313,0.4479914,0.0025930242,-21.687988,51.134277,1062.0093,78.19207,277.61484,1081.0425
43.34375,42.45625,5413.254,0.5969899,-0.0012765464,20.541504,292.30273,1258.2217,109.51712,277.71927,1186.6377
43.34375,42.46875,4869.2456,0.5289093,0.0024288236,-15.732422,49.649902,787.8408,73.674965,328.61224,1370.4878
43.34375,42.48125,4422.017,0.5492197,-0.00030472083,-1.5576172,16.907715,430.8391,61.708996,250.72296,1114.144
43.34375,42.49375,4105.047,0.48567384,-0.00085739983,10.155273,26.87622,241.24438,58.446556,180.1666,671.8838
43.34375,42.50625,3875.3904,0.3755784,0.0010590416,-5.640869,28.511963,151.09668,42.379242,119.58679,525.1172
43.34375,42.51875,3724.5137,0.09865395,0.0002821444,-0.42749023,4.449463,137.02637,19.849434,93.96808,459.89893
43.34375,42.53125,3714.546,0.0906656,-0.0006583578,16.684082,90.840576,233.53223,32.218006,129.5415,523.1133
43.34375,42.54375,3562.7402,0.42035896,0.0016096144,-12.342773,40.301758,167.23633,71.98611,146.7106,684.7385
43.34375,42.55625,3726.0896,0.7273709,-0.0007183061,11.891357,226.82007,383.46338,100.99505,149.97,730.3906
43.34375,42.56875,3379.8572,0.35938346,0.0025024947,-32.070557,-96.382324,69.30493,55.848007,165.2846,690.8059
43.34375,42.58125,3381.8013,0.7029874,-0.004965411,32.584473,-40.19922,90.20532,98.09689,233.25308,968.57446
43.34375,42.59375,3350.1492,0.45940578,0.0011713933,-34.58716,-86.15405,80.15796,101.133575,265.19427,989.64404
43.34375,42.60625,3518.5232,0.30659464,0.000838176,-11.397461,138.43604,278.44946,55.52477,219.94545,937.91113
43.34375,42.61875,3235.6406,0.6540193,-0.0032401546,15.029785,4.612549,27.285156,53.094257,164.23154,741.99
43.34375,42.63125,2942.3096,0.30454284,0.003138264,-37.57959,-146.08472,-223.85742,54.313904,192.73038,1001.7451
43.34375,42.64375,3007.4302,0.7065652,0.0006227195,-12.543213,-26.062012,-111.68115,112.747505,207.09418,962.1863
43.34375,42.65625,3179.8809,0.6015119,0.0031079664,-26.486572,23.257568,119.651855,92.94622,221.04977,1030.2493
43.34375,42.66875,3331.7612,0.63731354,-0.0039000188,27.594482,120.93994,349.98413,109.71782,200.12996,990.87354
43.34375,42.68125,3062.6135,0.29114747,-0.00091673137,4.1850586,-2.125,186.94653,51.555794,240.63666,1074.9141
43.34375,42.69375,2995.2666,0.39006847,-0.005650317,43.798584,106.98389,227.23291,50.76416,276.45435,1128.5366
43.34375,42.70625,2701.5244,0.3960499,0.0018067876,-9.63916,-49.065918,28.433838,71.982635,273.91147,1028.7795
43.34375,42.71875,2814.5164,0.49790117,-0.000956572,19.941162,177.35913,225.08984,62.389904,239.5767,1039.1091
43.34375,42.73125,2721.8877,0.48776582,-0.0051066945,60.82422,279.91406,178.08325,64.86139,217.1359,845.02014
43.34375,42.74375,2172.7085,0.43699378,0.0056370734,-49.789307,-59.096924,-341.70605,79.815414,171.77747,880.3396
43.34375,42.75625,2144.9136,0.79567856,0.00086774933,-0.58251953,-120.47095,-337.70264,111.05629,212.36879,1024.1085
43.34375,42.76875,2576.3281,0.6183551,0.0039264183,-44.53662,8.51001,108.60571,87.854996,319.74677,1388.2863
43.34375,42.78125,2918.1802,0.5305452,-0.0022473934,38.38965,265.8413,447.54932,94.928925,311.4667,1469.0739
43.34375,42.79375,2488.7917,0.7095302,-0.001607319,22.535645,118.426025,8.163818,85.15574,342.56387,1596.6444
43.34375,42.80625,1974.3883,0.6063709,0.0032887328,-26.113037,-146.56995,-517.85364,83.737686,322.70886,1323.7479
43.34375,42.81875,2056.9797,0.71332616,-5.8779427e-05,-1.1098633,87.15369,-430.28613,118.9874,357.7115,1269.9017
43.34375,42.83125,1737.6763,0.7662605,0.0038723382,-22.463623,-102.50244,-693.1238,118.25713,352.8197,1220.016
43.34375,42.84375,1400.4655,0.19639753,0.002425344,-28.48584,-345.7052,-995.0731,43.95452,307.65402,1232.5139
43.34375,42.85625,1645.5486,0.834345,0.0030531965,-21.924316,-196.3042,-755.5249,129.08138,352.9667,1212.5156
43.34375,42.86875,2269.4412,0.70457274,2.4051544e-05,1.6884766,261.61963,-124.61304,97.89024,303.44193,1212.5156
43.34375,42.88125,1844.8585,0.35752532,0.0033376704,-36.18103,-248.099,-547.22156,59.088917,239.39403,1229.5559
43.34375,42.89375,2423.4277,0.78669953,-0.0012903388,10.314209,54.676514,9.543945,100.309525,367.31186,1594.0521
43.34375,42.90625,2683.3638,0.50502914,-0.003282639,32.68457,122.09473,232.46191,54.046276,213.92639,1199.9097
43.34375,42.91875,2321.1907,0.38136524,0.0022121726,-34.066162,-209.29346,-182.63745,77.44998,247.62169,1113.7932
43.34375,42.93125,2520.2092,0.6585935,0.0018349495,-21.187256,-45.39087,-63.5166,98.63062,312.16663,1165.7794
43.34375,42.94375,2573.7703,0.4686109,0.0018738771,-19.156494,3.9924316,-76.95508,85.208565,290.76108,1165.7794
43.34375,42.95625,2505.5918,0.4616032,0.002814426,-22.086914,-53.561768,-117.02466,68.560196,239.59027,959.1919
43.34375,42.96875,2501.5764,0.37099504,0.00216527,-21.630371,-99.84155,-65.214355,58.425167,182.70741,886.77246
43.34375,42.98125,2889.1995,0.6500409,1.3191853e-05,6.770508,116.39258,377.15454,83.871925,183.13383,775.14526
43.34375,42.99375,3062.8083,0.63696736,0.0014715854,-7.1171875,387.66455,617.4436,70.92249,418.70514,1167.8971
43.33125,42.00625,1674.9349,0.47126764,0.0034767515,-28.728638,-203.84253,-523.1598,64.28452,268.03918,957.948
43.33125,42.01875,2545.7515,0.47690746,-0.0024661748,35.517822,224.52686,203.0752,83.71678,315.215,1230.643
43.33125,42.03125,2590.8613,0.711663,0.0044033146,-36.19702,-107.855225,96.35547,116.81181,196.18105,1021.65674
43.33125,42.04375,2804.9573,0.4345717,0.0033483247,-37.666504,-133.91187,166.3501,62.67376,174.1551,842.56006
43.33125,42.05625,3230.5144,0.50633276,-0.0013477451,35.423584,107.73096,452.7036,69.2026,132.48773,674.36694
43.33125,42.06875,3103.527,0.23958798,0.0016032308,-19.039062,-51.939697,192.76733,34.62658,129.41406,614.7322
43.33125,42.08125,2888.1326,0.17599988,0.0032976302,-29.211182,-169.58984,-97.444824,42.30839,161.84251,775.1843
43.33125,42.09375,3210.537,0.3339203,-0.006493837,74.72388,229.22925,203.72925,65.26868,140.28899,604.5112
43.33125,42.10625,2798.9927,0.52579176,-0.0018629798,6.1552734,-91.35498,-196.40771,80.90427,170.85812,724.27246
43.33125,42.11875,2534.228,0.4539855,0.0060834195,-70.08154,-278.0171,-410.81177,107.96527,218.52231,961.5781
43.33125,42.13125,2729.8606,0.98243546,-0.0016146434,9.783936,-43.656006,-107.965576,141.71626,258.64163,1101.2424
43.33125,42.14375,2802.4019,0.7900685,0.0005179531,-5.81958,188.26465,95.80249,97.60123,263.9915,1181.2146
43.33125,42.15625,2396.9797,0.557015,0.00077577715,-11.491211,-211.26318,-229.26929,80.16234,227.26306,984.5188
43.33125,42.16875,2918.946,0.68205935,-0.0020707254,31.93872,307.0371,352.24634,72.64985,231.09955,1180.7803
43.33125,42.18125,2320.9534,0.66084254,4.8545744e-06,1.1088867,76.54541,-192.34473,95.19979,340.6435,1276.9934
43.33125,42.19375,1730.6921,0.1312471,0.0043569934,-38.63098,-279.10034,-744.1304,44.519657,265.51413,1182.4779
43.33125,42.20625,2133.7168,0.9555322,0.0010742362,2.1003418,50.055664,-305.63965,146.63731,318.16663,1182.4779
43.33125,42.21875,1873.2623,0.7032379,0.0028611955,-30.404541,-282.3495,-571.9049,111.235115,303.38013,1141.3378
43.33125,42.23125,1780.8373,0.17396455,0.0021205624,-35.910156,-350.02673,-726.1964,55.520267,283.10422,1088.6453
43.33125,42.24375,1853.2501,0.3085836,0.0007922955,-18.787964,-266.0387,-768.3341,51.31764,246.92307,961.96423
43.33125,42.25625,1940.3855,0.25671604,0.0013510843,-21.75708,-258.47632,-764.8086,59.933296,231.78761,901.67236
43.33125,42.26875,2203.695,0.7488245,-0.00017918716,-9.530029,-113.86963,-517.66016,122.05531,270.6058,1115.963
43.33125,42.28125,2616.629,0.2647841,-0.0072313454,65.398926,94.59448,-114.95874,77.00649,327.41183,1212.6005
43.33125,42.29375,2900.6943,0.6552185,-0.0022434318,17.929932,55.79785,120.89453,93.65896,340.35718,1588.5017
43.33125,42.30625,3135.6091,0.29335633,-0.007434507,43.918213,83.47119,284.864,44.02272,278.79025,1226.2405
43.33125,42.31875,3110.8376,0.6287149,0.0021432422,-17.687256,32.516113,198.54858,112.969025,245.11018,1094.0144
43.33125,42.33125,3149.784,0.5229924,0.0010991276,-9.204346,-15.1484375,167.75146,105.27108,208.4898,979.7971
43.33125,42.34375,3394.9553,0.669116,-0.00022526502,7.959961,104.92627,335.7544,110.49435,158.75137,740.292
43.33125,42.35625,3605.1377,0.54160327,0.0006166024,21.946533,202.34253,436.88208,78.04486,186.97058,893.906
43.33125,42.36875,3654.521,0.4620583,0.0013167248,-14.203613,125.69751,317.89575,111.19353,207.17143,975.9463
43.33125,42.38125,3979.77,0.468232,-0.0056855865,58.748535,294.87744,467.37988,91.42757,327.25372,1478.9585
43.33125,42.39375,3927.507,1.0843349,0.0013812667,-8.124023,6.842041,250.08203,162.06172,473.84808,1837.937
43.33125,42.40625,4060.9333,0.97770894,0.0015666651,-12.336426,-136.24731,222.0,146.10954,463.96768,1710.7202
43.33125,42.41875,4246.068,0.5023248,0.0021237952,-20.83496,-112.89258,261.8728,82.231384,350.58524,1338.855
43.33125,42.43125,4524.2275,0.9361547,-0.0042972458,33.668457,18.185059,443.18213,140.98227,381.43414,1488.1372
43.33125,42.44375,4660.6562,0.45882463,-0.0010137943,5.7470703,13.367676,533.7949,94.11695,389.99487,1522.4421
43.33125,42.45625,4656.6113,0.5082553,-0.00028612133,1.4521484,28.013672,557.0762,92.48784,370.15402,1398.3794
43.33125,42.46875,4412.331,0.4433438,0.0003601623,-4.987793,-44.033203,389.79346,82.510605,326.4843,1507.0374
43.33125,42.48125,4200.9805,0.2574588,-0.00018208138,2.3427734,17.046387,262.83447,42.755116,236.47833,1088.1304
43.33125,42.49375,3895.7627,0.31051153,-0.0008504003,5.9956055,-47.30078,74.69629,50.20956,171.62459,777.0161
43.33125,42.50625,3791.186,0.21842599,-0.0038363957,30.388916,32.245117,102.69458,45.825756,119.5617,690.6267
43.33125,42.51875,3798.0505,0.48864546,-0.001782882,29.200195,148.6914,242.55273,53.056572,157.00955,654.7551
43.33125,42.53125,3582.5486,0.67661303,0.00042326536,-7.525635,-0.040771484,134.47021,101.29659,169.77338,657.8977
43.33125,42.54375,3573.5378,0.8717081,0.0011415187,3.4343262,61.82202,213.85913,100.10994,146.04794,680.7666
43.33125,42.55625,3252.648,0.39274722,-0.0024107855,9.999512,-163.22485,-53.50708,43.669212,183.63278,789.08887
43.33125,42.56875,3274.743,0.6421943,0.0012727644,-14.109375,-71.27783,-0.13232422,111.189026,239.69981,938.7495
43.33125,42.58125,3584.9646,0.3293271,-0.004341945,33.64673,172.00146,333.7688,64.64519,270.75266,1033.2161
43.33125,42.59375,3685.7239,0.5671437,0.0014895347,-12.366943,120.433105,458.99463,75.66373,218.00917,1091.0488
43.33125,42.60625,3617.9336,0.46296087,0.0021032451,-20.776123,49.63794,423.8501,59.279003,182.22787,825.9729
43.33125,42.61875,3402.556,0.26299885,0.0013977612,-19.809326,-62.943115,243.0144,76.889534,226.08627,976.94116
43.33125,42.63125,3345.8967,0.47357494,0.005318217,-53.601807,-52.29712,233.10107,87.75534,232.52312,976.94116
43.33125,42.64375,3210.044,0.51748914,0.0028108496,-39.041016,-161.40527,151.35645,95.15251,236.70868,922.7539
43.33125,42.65625,3526.6033,0.696596,-0.0015803754,33.09082,137.2937,540.7903,68.36666,206.88402,922.7539
43.33125,42.66875,3349.0298,0.4467611,-0.0017305028,7.47876,7.4970703,457.6228,64.87681,129.02325,652.9524
43.33125,42.68125,3150.3672,0.21045962,0.0017263208,-25.456543,-50.939453,379.28638,59.03389,151.73332,749.1001
43.33125,42.69375,3084.2236,0.70952815,0.0019270661,-2.3171387,81.218994,436.31616,120.8677,217.29013,991.48584
43.33125,42.70625,2989.9902,0.68965495,0.0026056971,-11.804199,179.81958,447.03784,115.10864,237.67204,1025.5974
43.33125,42.71875,2680.5215,0.5778407,0.0054659666,-52.506348,64.2793,236.35889,97.5833,260.99905,1207.6503
43.33125,42.73125,2484.4985,0.5681538,-0.005982162,60.51001,115.07837,85.44556,79.36939,235.8421,1010.8019
43.33125,42.74375,2177.0752,0.81942755,0.0019243015,-7.9450684,39.995605,-207.35132,105.463264,214.30353,1039.7155
43.33125,42.75625,1842.2677,0.36032218,0.0056653046,-50.389038,-227.51257,-534.91736,50.52722,234.3171,1150.123
43.33125,42.76875,2377.5479,0.7650786,-0.0052397554,36.983643,243.25708,-9.121582,104.98571,390.96036,1532.4795
43.33125,42.78125,2068.9133,0.94553334,-0.0028034733,19.557861,-9.20752,-345.0027,153.52687,474.0807,1537.1842
43.33125,42.79375,1753.284,0.6291386,-0.00015439627,-1.8671875,-128.0813,-691.45935,112.682076,392.13965,1465.2871
43.33125,42.80625,1522.8561,0.51361793,0.003043836,-36.098145,-211.35193,-956.58044,94.678406,260.75565,1053.6273
43.33125,42.81875,1475.9423,0.25759077,-0.0005924908,2.2562256,-205.70435,-1029.5848,27.89265,206.54419,862.1913
43.33125,42.83125,1512.8748,0.5017241,0.0023630199,-31.48462,-220.61084,-953.08765,81.608826,269.4754,1037.066
43.33125,42.84375,2075.688,0.6098949,-0.0063377228,66.66589,152.34363,-370.31665,86.72514,347.92133,1376.9763
43.33125,42.85625,2369.5293,0.6873236,0.00041839152,-0.54663086,139.27539,-104.66943,87.20665,329.56714,1482.7561
43.33125,42.86875,2233.7393,0.8149396,0.0015011771,-14.706299,-53.176025,-270.53223,108.36743,228.4907,1229.2266
43.33125,42.88125,2265.4949,0.6293648,0.0028006218,-25.219727,-95.58032,-268.2307,95.17878,309.98145,1414.0898
43.33125,42.89375,2759.303,0.6065616,-0.0027907002,10.949707,21.329834,175.44238,101.71037,337.33218,1531.552
43.33125,42.90625,3032.3777,0.73529416,-0.0032883906,39.271973,176.81738,394.07837,87.8123,264.457,1126.5359
43.33125,42.91875,2597.8718,0.37105355,0.0019067761,-22.243408,-217.18823,-105.55151,62.277603,238.53197,1126.5359
43.33125,42.93125,3107.301,0.78810006,0.0034514733,-26.336426,152.80005,308.90015,111.96428,254.70178,1216.5837
43.33125,42.94375,2949.895,0.35172513,0.00065082614,-23.095703,-75.7666,85.43042,76.22336,264.07007,1053.6616
43.33125,42.95625,3037.679,0.46226278,-0.0013893921,13.29541,103.3562,222.06519,70.334915,224.9311,963.78467
43.33125,42.96875,2831.3665,0.4559659,0.0013806075,-4.423828,-8.6345215,108.10791,39.40812,182.0206,839.83496
43.33125,42.98125,2696.6577,0.26692644,0.0017648324,-21.701416,-177.87964,64.960205,42.426407,171.57942,760.6221
43.33125,42.99375,3187.3315,0.45274174,-0.0056617856,52.70166,474.39014,656.6819,48.187134,440.52072,1167.8971
43.31875,42.00625,1818.2911,0.683009,-0.0010191895,8.84375,-59.240845,-398.07263,94.04919,238.1339,914.1904
43.31875,42.01875,2481.0298,0.64936817,0.0022102701,-2.7546387,214.27417,135.01611,83.37266,322.00388,1289.2748
43.31875,42.03125,2809.4043,0.4905967,0.0043652547,-14.645264,185.44043,322.48657,82.45605,230.73036,1129.3162
43.31875,42.04375,2986.3022,0.21702431,0.0075761126,-49.333984,150.26709,359.427,51.681717,201.80312,1044.242
43.31875,42.05625,3145.9373,0.48502412,0.0028938327,-15.344482,119.50464,374.66748,53.113087,184.58603,1063.6931
43.31875,42.06875,3309.5925,0.61194193,-0.003999097,28.325684,137.59253,395.11035,89.977776,143.06992,744.093
43.31875,42.08125,3306.8684,0.85532236,-0.0026822814,12.64917,76.18555,315.78662,88.45903,144.7066,681.7595
43.31875,42.09375,3101.8745,0.7754515,0.0011827023,-16.268555,-71.166016,92.11401,101.0099,218.50858,1028.2549
43.31875,42.10625,2955.1074,0.55393267,0.0039810347,-36.30127,-69.10962,-39.201904,79.1707,245.3039,1215.5645
43.31875,42.11875,3075.9907,0.736436,0.00046531134,11.990234,59.582764,128.08643,95.456795,220.09543,889.75854
43.31875,42.13125,3260.436,0.17074426,-0.0063801166,43.8938,269.8203,412.0022,52.40229,203.47974,889.75854
43.31875,42.14375,2613.069,0.6622621,0.002473181,-17.111084,-226.01953,-119.936035,69.31089,233.18983,1142.3511
43.31875,42.15625,3116.6475,0.6554476,-0.0057236818,62.610107,316.44507,457.25098,79.59271,230.84193,1142.3511
43.31875,42.16875,2528.2156,0.4912237,0.0031972541,-30.705078,-54.197998,-84.247314,75.38236,335.0582,1513.9056
43.31875,42.18125,1963.4143,0.6531425,0.0008793658,-8.12854,-193.82983,-605.9531,84.82777,275.6864,1188.2539
43.31875,42.19375,2160.087,0.76664674,-0.0002858365,0.48266602,-57.016846,-370.3435,111.463,344.65997,1304.5686
43.31875,42.20625,2797.757,0.70754254,-0.0018474505,13.20166,241.5686,312.18286,80.774376,359.08078,1594.4702
43.31875,42.21875,2658.5867,0.7877023,0.0028552732,-23.462402,15.5896,175.07446,112.62771,385.16165,1544.3251
43.31875,42.23125,2515.418,0.7608489,-0.0020582834,4.7438965,100.94507,-28.38623,116.890976,408.86,1462.9403
43.31875,42.24375,1897.8556,0.44288906,0.003002535,-37.938354,-231.76575,-742.90735,77.988785,258.69867,1039.965
43.31875,42.25625,2322.2788,0.83519685,0.0020392907,-14.776855,132.76318,-381.1377,102.61335,279.6033,1125.3845
43.31875,42.26875,2254.2476,0.9706525,-6.943183e-05,-4.2890625,-70.90137,-446.54688,146.74638,276.05344,1075.1534
43.31875,42.28125,2009.1426,0.08964744,0.0022516637,-28.586304,-313.43408,-693.3181,28.5,247.655,999.9166
43.31875,42.29375,2371.4038,0.8948527,-0.0025754913,17.980469,-63.16748,-381.7798,135.75345,315.37677,1156.8513
43.31875,42.30625,2696.9421,0.74832547,-0.00057994464,18.63086,124.267334,-135.44434,126.22005,322.34067,1112.3616
43.31875,42.31875,2669.9766,0.62676907,0.0015250366,-18.173828,-75.08032,-228.13452,89.48184,276.5276,1097.0203
43.31875,42.33125,3199.7295,0.35652086,-0.0038295912,52.340088,213.84644,243.55957,51.62364,211.94576,1182.0259
43.31875,42.34375,3340.7114,0.63535523,0.00221958,-0.068115234,165.375,316.0774,63.647465,184.13582,973.96484
43.31875,42.35625,3289.677,0.36357993,0.003974317,-37.5979,-50.852783,163.09741,58.438,230.75528,1168.2957
43.31875,42.36875,3400.198,0.45131004,0.0023690674,-12.775635,-6.056885,115.57056,67.941154,298.19458,1220.148
43.31875,42.38125,3224.6357,0.573937,0.0019166041,-10.542969,-104.09546,-222.79248,100.19481,327.2033,1244.3098
43.31875,42.39375,3228.7686,0.45456317,0.000985337,-17.86499,-197.60669,-365.1643,62.801273,291.47214,1246.2529
43.31875,42.40625,3744.844,0.6192251,0.0031058283,-27.5979,-3.333496,7.6210938,88.481636,256.31036,1268.856
43.31875,42.41875,3933.2383,0.07541405,7.321405e-05,2.4890137,11.244873,65.5957,22.022715,196.80193,951.3186
43.31875,42.43125,3907.011,0.38515598,0.0049037216,-37.243652,-93.85962,-48.602295,83.09031,269.1208,1087.7473
43.31875,42.44375,4117.5034,0.5430327,-0.00021091658,0.38671875,19.38379,124.41919,66.72331,269.79623,1086.4651
43.31875,42.45625,4142.6724,0.4182498,0.00095550396,-4.1865234,10.395996,179.19019,73.891815,236.23294,911.7705
43.31875,42.46875,4031.0737,0.29086122,-0.00012012388,0.22192383,-42.51953,148.15625,41.62932,209.98096,961.8096
43.31875,42.48125,3906.8523,0.13447039,-0.0001909572,1.0871582,-10.24585,104.34888,31.22499,177.91852,908.89136
43.31875,42.49375,3836.161,0.2020967,-0.0003645025,6.1884766,87.0686,131.66113,28.178005,179.02234,902.2114
43.31875,42.50625,3678.0588,0.20952179,-0.0008696383,15.4782715,68.1499,81.229004,29.12044,136.29013,630.1196
43.31875,42.51875,3414.4202,0.25034896,0.0024662868,-29.995361,-65.50366,-70.48291,38.17067,149.44229,683.8259
43.31875,42.53125,3257.2305,0.10433812,0.0009800524,-7.3723145,-109.482666,-134.75122,25.019993,182.46095,1050.2014
43.31875,42.54375,3493.8232,0.36710683,0.0024373832,-14.382324,144.86377,179.66187,64.784256,212.76512,984.3828
43.31875,42.55625,3340.9038,0.24529928,0.00372225,-39.7959,26.880371,75.73535,45.639896,195.09741,984.3828
43.31875,42.56875,3037.3423,0.39580616,0.0015283065,-19.894775,-158.33936,-197.24316,61.01639,163.59706,744.8679
43.31875,42.58125,2891.887,0.24448809,0.00073922065,-12.963623,-237.22656,-312.84717,54.17564,236.17578,973.6189
43.31875,42.59375,3214.293,0.6780789,0.0025901424,-12.74292,-40.04004,41.70337,114.42028,330.78088,1254.8027
43.31875,42.60625,3397.824,0.37968865,0.001750805,-13.1154785,-60.755615,269.29028,73.32803,262.09158,1172.4004
43.31875,42.61875,3747.7007,0.6591244,0.0042788726,-21.839111,145.28052,663.74146,102.430466,160.0125,741.2283
43.31875,42.63125,3753.127,0.31838405,-0.0057865093,41.60669,176.93799,724.32935,65.802734,169.73804,851.88184
43.31875,42.64375,3659.325,0.4391797,-0.007673277,49.742188,205.33643,694.5364,87.681244,211.46394,996.87085
43.31875,42.65625,3662.9922,0.59020096,-0.0025351527,42.33496,259.57715,778.126,75.21303,227.0,996.87085
43.31875,42.66875,3394.4978,0.7249593,0.0032843216,-26.72876,95.723145,597.15576,105.09044,199.7098,1090.4856
43.31875,42.68125,3390.5513,0.7113954,-0.0017508907,46.22998,273.0459,700.58813,83.85106,200.78346,981.3511
43.31875,42.69375,3070.977,0.7070868,-0.0044282707,44.279785,160.6836,501.4663,96.98969,204.93657,991.48584
43.31875,42.70625,2626.3757,0.62703717,-0.00057657115,15.425049,-49.688477,157.30078,103.36827,217.09445,1038.2056
43.31875,42.71875,2264.6396,0.35608417,-0.0016724218,-2.8215332,-151.84937,-105.61841,54.08327,226.77963,1147.772
43.31875,42.73125,1992.5377,0.5013414,0.0041815867,-24.198975,-151.6554,-332.75134,76.57513,233.90276,1166.5004
43.31875,42.74375,1946.706,0.589103,-0.006014218,56.3125,54.82605,-370.188,83.59576,229.56317,974.1339
43.31875,42.75625,1837.4786,1.0413637,-0.0014916424,31.588623,63.168823,-485.0255,118.67497,233.21289,923.77295
43.31875,42.76875,1492.456,0.045776233,0.0015557152,-27.882446,-292.6632,-851.22046,44.805134,257.50485,933.65625
43.31875,42.78125,1510.4761,0.30510542,0.00085754396,-16.483643,-295.7837,-871.12085,52.38559,280.77615,1041.672
43.31875,42.79375,1635.2395,0.57156205,-0.0008658891,-8.003174,-181.15002,-796.7522,87.74822,319.01605,1118.206
43.31875,42.80625,1747.3679,0.8736242,0.0057653524,-39.508667,-148.9563,-739.72314,139.33414,387.25476,1238.6688
43.31875,42.81875,2083.6912,0.62438816,0.0053163716,-22.154541,50.722534,-454.5359,133.47284,422.663,1371.6177
43.31875,42.83125,1948.904,0.30165687,0.008834923,-74.358765,-232.38745,-578.5449,78.14729,386.1321,1617.814
43.31875,42.84375,2355.615,0.6616506,0.0032505598,-28.438232,-37.93701,-180.04175,103.80511,344.0865,1667.2776
43.31875,42.85625,2768.9954,0.70700234,-0.0008374399,12.367676,191.52856,176.76343,103.814735,261.41537,1186.0756
43.31875,42.86875,2315.0435,0.6322413,-0.0006194188,2.3620605,-168.2732,-336.31714,88.12775,249.4073,1185.9115
43.31875,42.88125,2596.8274,0.5981075,0.0018725673,-15.882568,-14.933838,-106.937744,96.309395,354.20615,1442.4039
43.31875,42.89375,3230.3835,0.6720654,-0.0023436164,28.51538,146.42017,457.76514,78.39005,306.76538,1512.8164
43.31875,42.90625,3267.2217,0.2454158,0.0023102134,-21.333252,20.804932,429.2937,60.207973,270.7342,1202.4368
43.31875,42.91875,2969.9038,0.5892714,0.004919712,-42.792725,-153.96411,60.458252,114.47707,268.3058,1182.6111
43.31875,42.93125,2984.9878,0.53262633,0.0020907389,-25.58789,-194.33301,-20.21753,75.84194,243.83806,1198.4092
43.31875,42.94375,3423.5857,0.7548282,0.0041616913,-41.47632,85.91333,358.24756,83.138435,187.21645,898.0139
43.31875,42.95625,3322.6555,0.3976115,-0.004596777,44.65088,57.798096,326.2495,76.655075,217.57986,982.1135
43.31875,42.96875,3078.598,0.5198659,0.0030608762,-29.098633,-45.496826,206.88794,94.80506,200.90295,905.6697
43.31875,42.98125,3021.443,0.29536986,-0.0036425693,38.116455,-63.348633,272.26465,57.131428,200.25983,857.24414
43.31875,42.99375,3070.7563,0.4482889,0.00072899734,-10.362061,279.55298,455.26367,56.347137,502.57288,1486.0768
43.30625,42.00625,1768.5132,0.43654105,-0.00047375643,5.0979004,-164.92456,-486.7334,59.558796,224.74152,817.442
43.30625,42.01875,1973.6812,0.63679934,0.0069208667,-58.609985,-169.88013,-400.47827,93.18262,327.11923,1270.1132
43.30625,42.03125,2186.2725,0.6963328,0.0017100194,-27.192871,-262.2893,-318.88477,105.87257,280.3614,1143.881
43.30625,42.04375,2413.8484,0.34679192,0.00535418,-40.665527,-176.08008,-229.5791,64.59876,297.28522,1112.5823
43.30625,42.05625,2742.566,0.24321334,0.0021413974,-20.561035,-51.605713,-48.648926,52.287666,287.1019,1124.7307
43.30625,42.06875,3126.486,0.17551373,-0.0032485153,26.534668,82.84033,190.8977,55.668663,209.25105,1163.6123
43.30625,42.08125,3307.754,0.8293911,-0.00053690263,4.4438477,75.772705,308.15576,89.87769,160.42755,797.7197
43.30625,42.09375,3484.6704,0.67609155,-0.0018802282,22.38208,160.96533,484.4646,95.23655,155.88457,815.46265
43.30625,42.10625,3301.0881,0.26162884,0.002878867,-36.2959,-7.7001953,325.4585,71.98611,186.03494,827.041
43.30625,42.11875,3396.816,0.085569106,-0.0077216723,75.513916,158.72485,462.479,57.113922,158.57806,706.51807
43.30625,42.13125,2962.5183,0.5949445,-5.9288726e-05,-3.5292969,-106.414795,121.96484,87.08617,186.95721,816.3767
43.30625,42.14375,3093.4236,0.9865934,0.00019727967,12.414551,89.13379,359.0039,146.31131,199.9875,901.0403
43.30625,42.15625,3407.0757,0.6743093,-0.012034023,114.63794,468.23828,739.05273,91.09336,259.2354,1129.0361
43.30625,42.16875,2701.6382,1.0488139,-0.0054288483,68.531006,207.71045,67.228516,116.49678,400.2293,1513.9056
43.30625,42.18125,1894.2521,0.011335839,0.00066289905,-11.752319,-263.49866,-718.87976,13.388428,225.20769,981.89026
43.30625,42.19375,2458.0312,0.43139476,-0.003600828,41.348145,12.835205,-129.19678,85.0588,398.7587,1510.547
43.30625,42.20625,3003.5007,0.79613495,-0.0013986668,9.145996,97.965576,464.77905,92.36883,258.83392,1176.7854
43.30625,42.21875,3145.9517,0.7348846,0.002503331,-2.0131836,127.01074,621.41724,59.245255,160.18427,821.45435
43.30625,42.23125,2787.8452,0.4917738,0.0027890706,-36.11743,15.734375,212.46436,66.97388,291.49442,1342.4213
43.30625,42.24375,2236.9646,0.7323268,-0.0006701906,-3.447998,-95.04468,-416.88574,101.63907,308.5401,1207.9294
43.30625,42.25625,2199.9634,0.7319478,0.0012054766,-9.437256,-124.57886,-496.42676,98.12747,290.9407,1070.3069
43.30625,42.26875,2941.9539,0.5329554,-0.0045333565,34.427246,318.7461,264.33105,68.16891,283.94012,1211.5822
43.30625,42.28125,2581.0818,0.60520387,-0.00032478463,-4.7768555,-38.090576,-87.42871,99.25724,358.58124,1253.5314
43.30625,42.29375,2420.3638,0.68460464,-0.0015998837,15.532227,-54.191895,-300.79614,121.30128,325.53265,1247.7715
43.30625,42.30625,2120.6133,0.16352321,0.003157361,-37.46631,-267.51978,-690.77075,50.05497,224.65417,898.16406
43.30625,42.31875,2251.3574,0.587204,0.0029686808,-29.11792,-212.11206,-631.3755,96.83491,277.5617,1082.7441
43.30625,42.33125,2731.924,0.7964906,-0.00035595053,15.301758,73.187744,-205.21875,132.33102,365.79572,1275.4927
43.30625,42.34375,2736.7434,0.7883381,0.0015580029,-10.246826,-74.5791,-261.81494,88.368546,373.55054,1205.7026
43.30625,42.35625,3114.5754,0.70413554,-0.001544022,12.974609,178.78638,27.114746,118.95798,339.2433,1252.0669
43.30625,42.36875,2850.6697,0.8479161,0.001218452,-8.617676,-160.21655,-377.66968,128.73228,265.07922,1152.051
43.30625,42.38125,2841.1453,0.5289028,0.00061786984,-5.2382812,-208.40259,-523.3076,59.430634,179.15077,869.5469
43.30625,42.39375,3128.9424,0.3908511,0.0038577125,-50.44336,-150.72119,-347.48364,64.288414,242.46443,1014.85815
43.30625,42.40625,3616.227,0.3300941,-0.0014893358,5.0126953,49.0708,31.838135,51.87485,192.81857,883.50757
43.30625,42.41875,3659.5432,0.21341324,-0.00013484918,3.8720703,11.770264,-27.06128,40.14972,162.18816,663.8445
43.30625,42.43125,3577.7268,0.10046178,0.00023409638,-5.1865234,-97.21045,-177.81885,20.22375,171.61876,778.7141
43.30625,42.44375,3775.8833,0.15093574,-0.0007119643,6.0236816,31.290771,-1.7058105,27.166155,182.73204,766.06274
43.30625,42.45625,3780.751,0.57095104,0.0006853569,-9.17041,-20.051025,39.270996,66.760765,174.58235,730.30005
43.30625,42.46875,3824.3037,0.22617514,0.0002759021,1.0063477,44.53589,164.90869,35.41186,179.55222,785.82275
43.30625,42.48125,3701.1514,0.3585474,0.00013515144,1.0566406,30.16211,111.31152,41.364235,180.0972,888.8076
43.30625,42.49375,3503.4397,0.22100762,-0.0010664425,10.339844,-2.4562988,-11.111572,43.60046,220.47676,1046.4341
43.30625,42.50625,3298.769,0.112270735,-0.0007963965,4.1520996,-100.46118,-132.61206,23.2379,193.88141,958.1052
43.30625,42.51875,3562.6836,0.6187756,-0.006737565,61.940186,160.37158,221.00684,71.96527,153.1274,871.21606
43.30625,42.53125,3260.6548,0.30722964,0.000484509,0.1328125,-44.658203,-3.8486328,72.30491,191.12038,962.4927
43.30625,42.54375,2804.2969,0.29062563,0.004363723,-54.00244,-319.97778,-401.37476,72.370575,245.19992,1099.1802
43.30625,42.55625,2930.188,0.5507118,0.0027804747,-22.79248,-115.86401,-241.56958,100.3743,293.73117,1123.1191
43.30625,42.56875,3198.376,0.6007719,0.0020348253,-11.266113,193.46094,43.62622,114.03508,282.5544,1072.6453
43.30625,42.58125,3136.7227,0.7322594,-0.0041514123,38.962402,262.22046,6.137207,103.889366,244.9153,1068.6584
43.30625,42.59375,2805.1992,0.5025998,-5.625547e-05,-3.3605957,-92.200195,-290.45508,57.36288,227.8662,1016.38306
43.30625,42.60625,3373.8403,0.6392217,-0.004802756,50.144775,216.37183,325.01782,59.118526,239.19658,1309.6233
43.30625,42.61875,3423.5107,0.48064357,-0.0017792908,11.600586,5.936035,420.35913,59.413803,238.14072,1142.1389
43.30625,42.63125,3622.4954,0.59930456,0.0028355012,-23.623291,133.40576,667.49976,74.62573,194.88971,964.8882
43.30625,42.64375,3226.1472,0.8759735,-0.004152092,46.958252,-62.186035,327.70874,88.53248,263.84467,1171.1648
43.30625,42.65625,2939.2395,0.71847135,-0.0018103041,9.13501,-124.237305,112.17969,115.23454,359.32437,1550.8574
43.30625,42.66875,3059.88,0.57372975,0.0009591828,-3.715332,88.677246,311.3064,98.30565,383.70953,1550.8574
43.30625,42.68125,2670.1877,0.35140222,0.0061178138,-36.693848,-159.20557,9.718994,79.746475,356.2794,1562.2611
43.30625,42.69375,2691.3623,0.68849015,-8.462551e-05,-2.9614258,44.662598,135.53247,113.54735,342.8418,1557.3112
43.30625,42.70625,2582.8823,0.6668345,-0.0021642633,18.37915,152.88696,109.96094,88.26098,367.5119,1556.6378
43.30625,42.71875,2088.4958,0.6217663,0.005619887,-45.737305,-28.840088,-298.31226,101.02475,355.30832,1343.9016
43.30625,42.73125,1859.8633,0.7407353,0.0012444702,-9.718262,1.1094971,-477.21802,131.91286,259.07047,994.8817
43.30625,42.74375,1540.0245,0.30697528,0.0027448637,-25.615234,-200.71655,-777.73083,52.938644,189.28021,756.5138
43.30625,42.75625,1530.226,0.08366893,0.00092954066,-15.291992,-185.28052,-790.4149,37.696156,202.10889,774.42236
43.30625,42.76875,2154.9688,0.85305786,-0.0057168994,55.593506,222.30737,-193.01758,118.292015,397.43994,1409.7117
43.30625,42.78125,2393.135,0.7579711,0.0011491303,-12.033447,122.867676,5.3762207,131.52376,461.53384,1664.0947
43.30625,42.79375,2519.54,0.5915886,-0.003808183,35.850098,100.07202,66.83984,110.45361,448.78113,1756.3484
43.30625,42.80625,2571.099,0.7970719,-0.0036059543,37.57251,39.707764,42.15454,99.75971,396.70895,1648.6869
43.30625,42.81875,2592.3633,0.44734862,0.0040753707,-42.209717,-65.41235,-16.516357,75.369095,340.2771,1590.4697
43.30625,42.83125,2571.3264,0.6309086,0.0004031193,-17.156982,-145.35693,-66.30444,106.08723,313.7985,1388.9336
43.30625,42.84375,3063.618,0.5017802,-0.0067572636,46.375244,183.35303,379.79614,101.96078,359.48712,1583.3875
43.30625,42.85625,3180.1523,0.51541054,-0.009454575,61.95996,242.45825,413.35474,96.44688,312.95367,1259.8813
43.30625,42.86875,2475.7927,0.7926033,0.0010578453,-1.8500977,-185.53174,-369.2273,93.712326,284.40817,1248.2498
43.30625,42.88125,2628.192,0.5798543,0.0039453143,-52.329834,-114.29126,-284.01465,98.226776,327.53854,1251.0264
43.30625,42.89375,3200.4753,0.60879594,0.0006255343,-17.916504,-37.804688,212.64307,76.01315,286.5048,1181.4839
43.30625,42.90625,3642.2222,0.7031916,-0.00048765118,-11.218262,131.03516,593.56226,66.83562,169.98235,1005.6902
43.30625,42.91875,3345.4849,0.5170001,0.002463678,-27.924805,-93.156494,236.83545,74.89326,238.64618,1101.2705
43.30625,42.93125,3276.1985,0.26534045,0.0002092928,-6.8793945,-111.61792,87.51587,48.218254,217.20728,1101.2705
43.30625,42.94375,3738.0027,0.18097651,-0.0062255366,49.191895,197.25317,503.66235,60.942596,206.07523,1048.3962
43.30625,42.95625,3448.2615,0.55146444,0.003391607,-43.206055,-139.10767,300.99365,95.895775,233.50375,1045.1348
43.30625,42.96875,3349.1223,0.475919,0.004185303,-46.145752,-132.96509,353.32227,91.48224,263.41983,1097.1355
43.30625,42.98125,3289.257,0.12120191,0.0037912042,-32.323486,-87.94507,442.4895,45.022217,217.23029,1121.738
43.30625,42.99375,3412.9785,0.2477588,-0.0036290083,53.26538,500.83862,725.5818,73.78347,574.1132,1652.5868
43.29375,42.00625,1976.4592,0.95207703,-0.0007591852,6.6917725,-57.14856,-298.59277,102.202,234.61884,728.67114
43.29375,42.01875,2029.283,0.9748601,0.0014614383,-5.3582764,-63.21118,-356.03833,111.26208,300.23657,1113.1626
43.29375,42.03125,2712.6006,0.4236435,-0.004616679,55.762207,280.20117,202.81372,78.02243,259.34726,1023.97107
43.29375,42.04375,2391.81,1.3183663,0.0034830328,-34.21924,-139.3086,-256.70068,181.39046,243.00618,907.94116
43.29375,42.05625,2323.0466,0.4326327,0.0006652841,-19.164795,-256.31055,-470.51855,72.93147,247.91328,941.62427
43.29375,42.06875,2771.9934,0.57624054,-0.00022242112,6.5529785,16.616943,-158.13892,132.52736,278.43222,1055.8445
43.29375,42.08125,2934.3298,0.6958483,-0.0019854086,20.117676,-53.504883,-54.40869,99.985,246.39806,1099.8674
43.29375,42.09375,3299.7686,0.420186,-0.0066740955,54.446533,130.52051,304.35864,87.6242,220.04318,1031.3689
43.29375,42.10625,3357.3271,0.7179141,-0.002788607,30.902344,29.41504,374.99902,97.74457,178.7624,900.13574
43.29375,42.11875,3381.059,0.5699149,0.0045938324,-33.37085,71.47217,424.9651,81.49233,143.715,642.1543
43.29375,42.13125,3057.3108,0.34977752,0.0011762192,-15.323242,-106.19751,189.8457,47.41308,139.70683,779.0764
43.29375,42.14375,3337.0217,0.12842315,-0.012662354,100.03198,242.83496,572.8811,48.456165,152.06248,735.5364
43.29375,42.15625,2968.891,0.88301337,0.0018095915,2.6176758,95.796875,260.28418,95.97395,312.21307,1346.0391
43.29375,42.16875,2326.2617,0.8322458,0.0004486472,15.227783,-57.420654,-363.82666,101.96813,357.11484,1512.8236
43.29375,42.18125,2036.1532,0.71048206,0.0011446781,-8.104004,-204.32483,-649.12854,72.24438,255.23323,1016.2279
43.29375,42.19375,2791.0247,0.97319347,-0.00059204496,2.6450195,106.268555,131.95679,129.79599,412.75357,1670.4884
43.29375,42.20625,3202.3452,0.742809,0.00036518098,-1.6694336,58.73413,598.53955,105.28058,253.58627,1306.2024
43.29375,42.21875,3097.56,0.47077096,0.0057417545,-68.90918,-82.49707,521.469,82.61961,206.90094,941.4116
43.29375,42.23125,3002.659,0.66658425,-0.0022529187,35.654297,110.30786,387.96387,97.54486,260.7844,1354.8992
43.29375,42.24375,2450.1904,0.7293425,-0.002254056,17.330078,12.682617,-222.58228,91.42757,312.31955,1118.7056
43.29375,42.25625,2150.2031,0.45929703,0.000818767,-4.7043457,-192.39966,-543.2114,66.29102,251.63863,979.053
43.29375,42.26875,2875.3225,0.49430457,-0.0025479507,24.33789,134.55151,215.33911,82.03353,314.42487,1295.7468
43.29375,42.28125,3148.508,0.90173167,0.0021974198,-2.38208,141.3269,507.5266,57.948254,199.81992,1038.1038
43.29375,42.29375,2926.6626,0.48649728,-0.0011247538,2.6860352,19.19165,228.98047,74.05403,280.5958,1337.8542
43.29375,42.30625,2832.3184,0.6316264,-0.0058507784,54.00879,237.78687,40.476807,77.19132,305.20074,1153.1741
43.29375,42.31875,2205.426,0.20907627,0.0035938115,-28.142822,-226.20508,-660.40894,38.464268,222.39043,959.74634
43.29375,42.33125,2441.5024,0.71033627,0.00056459353,-6.067383,-108.65552,-483.34863,125.49502,292.83185,1133.1082
43.29375,42.34375,2413.0176,0.83453476,0.0007611757,-20.704834,-215.70068,-576.10645,113.841995,272.1911,1063.3181
43.29375,42.35625,2401.4592,0.59261674,0.003563122,-30.932129,-238.10815,-665.04517,69.79255,214.31169,861.5242
43.29375,42.36875,3111.103,0.67500776,-0.004758845,56.210693,271.74658,-75.105225,87.34415,261.3446,1063.0505
43.29375,42.38125,3150.404,0.343725,0.0017094574,-23.239746,17.070068,-145.7649,77.06491,232.1982,1122.3083
43.29375,42.39375,3453.2202,0.82433516,-0.0008383083,4.67041,108.25415,77.82422,129.03876,179.17868,872.20166
43.29375,42.40625,3389.0933,0.14890721,-0.0002026899,-1.6386719,-39.06714,-55.065918,19.052559,107.42439,584.40454
43.29375,42.41875,3386.016,0.25591195,-0.00028673792,-0.22753906,-31.20752,-127.22705,49.43683,119.35242,427.04565
43.29375,42.43125,3436.658,0.15751092,-0.00090090215,8.201416,12.129639,-121.51294,39.57272,150.55896,711.7815
43.29375,42.44375,3512.6938,0.28152925,-0.002104444,13.715332,53.663574,-51.526367,59.1777,175.15137,715.65967
43.29375,42.45625,3491.044,0.23680012,0.0012308285,-6.854492,-7.2783203,-30.915771,50.97058,194.62271,777.06396
43.29375,42.46875,3447.2878,0.2725035,-0.00053578085,-2.1784668,-19.77246,6.739258,42.860237,217.1428,905.54785
43.29375,42.48125,3391.7651,0.37904668,0.0014085786,-17.604004,1.8850098,13.261475,64.89222,202.12868,850.59204
43.29375,42.49375,3142.266,0.30489227,0.0036052358,-37.223145,-71.97412,-172.20972,59.093147,249.50351,1141.4187
43.29375,42.50625,2878.0557,0.6679034,0.0032893089,-22.181885,-174.55298,-364.30518,113.96052,267.5967,1087.7292
43.29375,42.51875,3293.6162,0.8477223,-0.0007735371,-13.149902,92.79321,133.0437,138.67949,322.55853,1274.3174
43.29375,42.53125,3702.6096,0.4938446,-0.005395716,70.14209,352.64136,613.2693,87.45284,216.47401,1029.5471
43.29375,42.54375,3305.635,0.89187723,-0.004533304,39.387207,133.344,267.94897,103.86048,270.43668,1099.1802
43.29375,42.55625,2917.1382,1.2721164,-0.0026347504,40.07544,-24.544922,-89.08838,137.6826,238.84514,1097.1853
43.29375,42.56875,2493.8318,0.058747403,0.0022273066,-40.578857,-332.01904,-498.49634,39.00641,221.07803,984.1665
43.29375,42.58125,2438.4465,0.11980833,-3.4110057e-05,-11.998047,-288.93896,-534.4712,34.85685,223.44463,894.7207
43.29375,42.59375,2438.0774,0.6450409,0.0014943269,-24.390625,-244.34277,-505.34692,97.91578,249.58365,1084.248
43.29375,42.60625,2814.0737,0.61601907,-0.0024527207,24.3125,11.097168,-92.17554,104.35037,323.27542,1155.7126
43.29375,42.61875,3004.2776,0.6105598,0.004313451,-40.575928,-44.035156,133.28052,93.096725,330.6191,1466.7278
43.29375,42.63125,3477.0635,0.8169435,-0.0030572638,38.3916,213.72925,640.69165,83.294655,238.81583,1174.4795
43.29375,42.64375,3212.5464,0.6493933,-0.0003528324,-14.613281,88.01807,415.2036,110.29053,297.2911,1404.7524
43.29375,42.65625,2838.9285,0.6464469,-0.0011435905,12.295166,86.33447,83.52539,98.600204,253.17188,1245.56
43.29375,42.66875,2239.489,0.73193824,0.0016097813,-35.50757,-279.9436,-473.60938,95.12886,274.80902,1267.5449
43.29375,42.68125,2410.5771,0.63275087,-7.217462e-05,-1.2612305,70.66577,-248.27979,115.06954,311.72583,1394.9276
43.29375,42.69375,2027.2701,0.7350064,0.0020866673,-33.427612,-116.225464,-558.4723,80.919716,318.7499,1112.0894
43.29375,42.70625,1838.6198,0.7560997,-0.00012346882,0.9456787,-128.1427,-694.2965,115.302864,310.52255,1158.2819
43.29375,42.71875,1571.0665,0.018938947,0.0003186164,-9.111816,-295.73303,-896.2311,17.131842,261.72647,1059.5017
43.29375,42.73125,1721.9042,0.81382525,0.000787739,-9.30542,-176.6593,-694.85364,128.30725,313.92038,1272.0956
43.29375,42.74375,2116.255,0.73519576,-0.0040825563,40.385254,106.082275,-273.10986,118.699196,359.53094,1282.4125
43.29375,42.75625,1909.3641,0.99903136,0.00062913174,-5.6207275,-68.31323,-478.93713,115.61466,292.67603,1282.4125
43.29375,42.76875,2169.8528,0.7394735,0.00034741499,-0.85424805,15.49292,-243.11157,103.06309,337.21136,1365.5338
43.29375,42.78125,2869.2986,0.72380966,-0.0017930354,20.479004,242.8667,412.39526,88.73838,292.06763,1383.6354
43.29375,42.79375,3143.8215,0.73485774,-0.0014847979,15.803955,227.73169,612.1343,115.63304,273.8266,1184.4221
43.29375,42.80625,3053.4646,0.44273844,0.0021782652,-16.722412,-12.640625,429.70728,83.07226,298.98663,1385.331
43.29375,42.81875,3107.2559,0.20419027,-0.00030741355,1.0566406,-63.53833,377.96582,46.20606,312.36517,1308.0876
43.29375,42.83125,3159.2124,0.7132843,0.0064715645,-51.233154,-14.649658,367.32056,89.04493,290.20337,1295.5532
43.29375,42.84375,3100.6094,0.3410716,0.0042917174,-48.868896,-144.27661,229.48218,59.933296,225.20435,1182.769
43.29375,42.85625,3433.8682,0.68345314,-0.003930943,35.867676,241.35254,464.81152,83.761566,246.49544,1153.0107
43.29375,42.86875,2700.8765,0.9397367,0.0030366236,-13.335205,-103.64868,-350.6919,105.62434,304.1069,1136.7634
43.29375,42.88125,2670.6807,0.62426883,0.0011261029,-11.695801,-105.94165,-448.25073,95.8358,268.01398,1060.3169
43.29375,42.89375,3140.7954,0.3663717,0.001705979,-33.257324,-66.13672,-46.013916,60.315834,283.60535,1172.448
43.29375,42.90625,3568.038,0.78430915,0.0008487656,-8.878662,-3.9228516,339.85107,97.020615,201.3281,938.1892
43.29375,42.91875,3975.594,0.635079,-0.008454578,61.9292,294.78394,705.6936,111.584045,181.72507,799.0083
43.29375,42.93125,3640.623,0.2811098,0.0013352887,-16.361816,-24.273682,309.30518,59.236813,201.83162,807.9087
43.29375,42.94375,3684.711,0.6138988,0.002701099,-32.646973,-16.528809,329.92896,101.641525,173.16177,773.7012
43.29375,42.95625,3806.15,0.77253604,0.0023316888,-18.771729,103.865234,556.38086,103.13583,174.51933,841.17554
43.29375,42.96875,4042.1406,0.6065106,-0.0019580855,45.828125,428.2378,960.74316,73.76314,220.83931,1048.8218
43.29375,42.98125,3685.8665,0.62416524,-0.0040352205,61.29834,260.31226,773.6548,87.22385,252.03967,1220.4199
43.29375,42.99375,3136.1333,0.606698,-0.002210648,31.13623,263.3235,401.27466,73.90534,564.17285,1652.5868
43.28125,42.00625,2003.3951,0.7987046,0.0023169925,-13.895142,-87.18762,-327.59363,119.92498,217.97592,688.51843
43.28125,42.01875,2123.3896,1.1948882,0.0009043308,-9.59668,-75.345215,-295.98608,127.47941,338.0318,1241.2081
43.28125,42.03125,2746.1233,0.5500567,0.002796821,-24.032715,79.815674,219.54321,83.12039,259.81628,1293.7446
43.28125,42.04375,2840.7004,0.38006765,0.0055509266,-49.960205,-5.071533,183.38208,54.831562,241.23537,1098.6375
43.28125,42.05625,2808.6694,0.80096304,-0.0028704072,44.11548,104.099365,16.989502,106.35084,297.28857,1098.6375
43.28125,42.06875,2547.549,0.7902689,-0.001960925,10.923584,-128.01904,-370.9209,96.24967,221.86595,971.63696
43.28125,42.08125,3036.021,0.25010854,-0.0018942031,17.10083,131.66382,62.335938,36.59235,208.44664,923.0515
43.28125,42.09375,3006.9648,0.9785832,0.0041015334,-18.241455,-99.90747,13.140625,120.09163,176.82195,810.80347
43.28125,42.10625,3140.5413,0.24747588,0.0007182915,-9.954346,-128.80566,137.98218,38.301437,158.22136,755.01587
43.28125,42.11875,3561.5151,0.08875558,-0.008520131,99.25488,308.89282,567.58984,64.884514,174.0632,906.5547
43.28125,42.13125,3012.298,0.4895129,0.0027659042,-22.547607,-63.324463,101.5083,79.25907,242.41287,1321.3135
43.28125,42.14375,3073.6028,0.45541868,-0.0002482981,19.208984,190.29053,261.80957,54.194096,297.29364,1250.7051
43.28125,42.15625,2900.7422,0.11629509,-0.0075173764,87.108154,301.06396,131.84375,63.49803,324.505,1258.6992
43.28125,42.16875,2111.7524,0.46428698,0.0005277457,-6.482666,-195.20093,-655.78955,62.67376,239.03975,1017.9596
43.28125,42.18125,2360.4614,0.83362216,0.00040997443,-5.5683594,-48.193115,-421.17505,111.75196,308.502,1169.5001
43.28125,42.19375,2868.2708,0.6934663,-0.00043091434,8.522949,-11.999023,106.02002,91.53142,330.58887,1528.5873
43.28125,42.20625,3501.5593,0.47095048,-0.0053656097,45.41748,233.17456,795.36035,92.108635,211.47813,938.2322
43.28125,42.21875,3537.5637,0.45168805,-0.0038386357,49.42285,253.0044,859.16235,91.695145,207.3837,930.7141
43.28125,42.23125,3052.4229,1.0567247,0.00027881004,29.57959,76.29785,335.15283,109.51256,266.58957,1176.1462
43.28125,42.24375,2444.3582,0.43196726,0.0018372985,-20.009033,-91.25073,-317.8235,68.35203,321.14172,1219.4553
43.28125,42.25625,2084.3484,0.12046658,0.0022340412,-20.063477,-257.92432,-679.9988,32.91656,216.50981,877.6575
43.28125,42.26875,2740.438,0.48606363,-6.177345e-05,10.049805,90.498535,30.844482,71.18286,342.59378,1295.7468
43.28125,42.28125,3104.4832,0.2171777,0.0040066536,-32.766357,58.401855,437.44482,51.40039,211.2534,1120.8582
43.28125,42.29375,3158.4075,0.55672884,-0.0020954378,24.629883,86.104004,453.42554,66.99254,159.51175,720.1001
43.28125,42.30625,2763.2397,0.5717354,-0.00070117647,4.09375,22.457031,-20.521484,76.938286,273.99908,1064.7478
43.28125,42.31875,2376.0984,0.38985538,0.0023905032,-17.256836,-218.64917,-466.02075,58.348095,213.1924,938.1282
43.28125,42.33125,2946.5208,0.508423,0.002736373,-43.753174,99.11914,56.19702,88.52119,311.69135,1227.7625
43.28125,42.34375,3162.9675,0.7801689,-0.0018516604,25.523682,231.5813,220.85718,91.55326,296.744,1096.8623
43.28125,42.35625,2625.2275,0.5652098,-0.0036958833,24.470215,-122.257324,-369.20654,100.97029,271.6772,1048.7607
43.28125,42.36875,2574.5776,1.0575405,0.0013555684,-18.837402,-206.34058,-512.1621,135.9338,283.31342,1063.0505
43.28125,42.38125,3177.9348,0.40075597,-0.003816402,35.877197,134.10815,0.97802734,79.630394,316.00476,1275.4763
43.28125,42.39375,3340.4731,0.39089817,-0.0007728723,13.842529,83.36206,103.30859,68.124886,233.17162,1171.2148
43.28125,42.40625,3460.6304,0.41815388,-0.006383683,41.376465,115.3667,176.92407,43.70355,142.3868,818.89307
43.28125,42.41875,3321.171,0.10418302,-8.537569e-05,-3.6904297,-22.37793,-10.52124,24.859606,84.0,481.4458
43.28125,42.43125,3270.2278,0.36941615,-0.0003605659,-5.163574,32.330566,-93.06958,51.24451,172.36009,963.55396
43.28125,42.44375,3191.1553,0.55364865,-0.0015203918,21.332764,62.806396,-178.01025,91.23048,258.66968,1057.127
43.28125,42.45625,3102.1956,0.28661275,0.0037825468,-27.062256,1.4638672,-234.5857,47.47631,297.7247,1085.9182
43.28125,42.46875,3215.842,0.50459325,-0.0023269542,24.199707,133.46045,-48.051758,62.185207,270.70648,1085.9182
43.28125,42.48125,2979.1462,0.5817254,0.008075012,-53.090088,-64.39966,-226.29614,76.876526,246.05081,991.92065
43.28125,42.49375,3021.6653,0.26728463,0.0012121093,-15.871338,56.374756,-129.64526,49.658836,208.85162,912.6155
43.28125,42.50625,2600.121,0.6302967,8.715945e-05,-10.947998,-181.18872,-491.21997,82.42573,223.71634,966.9702
43.28125,42.51875,2719.7246,0.70453954,0.0019362046,-11.730469,-137.03906,-298.53345,95.58243,336.10117,1422.6257
43.28125,42.53125,3170.2173,0.43641505,-0.0005804642,-6.901123,-49.44507,217.3418,76.61593,292.10443,1250.0598
43.28125,42.54375,3591.017,0.78451896,-0.008280728,79.822754,246.99536,694.499,115.792915,167.7975,803.4287
43.28125,42.55625,3398.0508,0.4830035,-0.008642354,89.89307,194.18481,537.5515,103.98557,241.7871,1226.7351
43.28125,42.56875,3093.3472,0.4353205,-0.00029887477,3.0490723,51.007324,238.45654,67.53518,289.99484,1124.5515
43.28125,42.58125,3030.9688,0.6029311,0.0020604732,-20.843506,73.78418,182.96484,97.539734,332.7642,1148.8591
43.28125,42.59375,2866.3147,0.8585858,0.0010405557,-6.25,68.69946,47.507812,125.98412,336.7655,1174.7864
43.28125,42.60625,2342.1538,0.515696,0.0014447395,-20.547607,-260.0371,-434.97827,69.23511,256.25378,1030.0398
43.28125,42.61875,2560.0464,0.73257494,-0.0012398046,13.211182,-68.04956,-185.16553,118.24762,319.685,1384.9204
43.28125,42.63125,2947.579,0.70215505,0.0019088945,-5.732666,115.29175,229.08179,96.16132,382.1904,1517.0957
43.28125,42.64375,3002.8276,0.48089528,-0.004970703,56.614502,208.85303,304.1372,79.31583,373.47623,1751.6466
43.28125,42.65625,2321.3008,0.5146601,0.0072399816,-64.20264,-147.9873,-361.27393,93.354164,354.6928,1487.295
43.28125,42.66875,2240.9944,0.7322229,0.0022446346,-11.295166,90.214355,-421.13525,125.94642,316.1993,1217.4707
43.28125,42.68125,1859.6494,0.52895963,0.00048278325,-4.0026855,-108.06409,-774.2207,69.75493,214.97559,802.14124
43.28125,42.69375,1732.2667,0.09891131,0.0012030278,-9.609375,-172.85266,-865.6034,27.468163,207.46927,857.5759
43.28125,42.70625,1749.4253,0.7230962,0.0008106229,-15.365356,-199.09717,-832.41235,112.91368,304.34232,1222.6932
43.28125,42.71875,2120.7961,0.6855238,0.0065144068,-60.70703,-23.320557,-422.25122,122.731415,398.41122,1475.9071
43.28125,42.73125,2118.4768,0.43741474,0.009306757,-69.79785,-198.47095,-384.52197,77.820305,327.31943,1475.9071
43.28125,42.74375,2799.1833,0.33163384,-0.0068308027,64.72339,366.2058,321.2976,58.6643,252.56485,1264.5316
43.28125,42.75625,2265.1897,0.84436256,0.00021831115,8.025879,-28.63794,-213.1914,105.32806,333.70047,1288.8937
43.28125,42.76875,1898.2716,0.6478875,0.0025290842,-26.708252,-256.21716,-612.401,78.244804,251.12946,1171.7565
43.28125,42.78125,2588.012,0.8035712,-0.0018801999,35.373047,82.052,28.378418,93.79499,361.08032,1421.5708
43.28125,42.79375,3053.6414,0.6949858,0.0011159466,1.2060547,61.356445,415.40698,80.43631,297.02356,1328.9043
43.28125,42.80625,3234.2725,0.27481267,0.002800662,-35.59253,-85.05713,500.04224,69.55573,203.69339,1060.9778
43.28125,42.81875,3616.8828,0.7877349,-0.0028007184,34.31909,113.76074,771.666,99.252205,205.35335,840.05396
43.28125,42.83125,3746.1582,0.3208492,-0.00642018,61.328125,188.00879,815.229,80.40522,254.16924,1132.8186
43.28125,42.84375,3517.9087,0.23681398,-0.0006363549,17.329834,9.450684,482.12036,51.845924,252.28952,1132.8186
43.28125,42.85625,3173.174,0.5136625,0.004057213,-48.717773,-133.08057,26.667725,84.72898,260.1519,1441.5156
43.28125,42.86875,2810.4607,0.31095257,-0.00071222644,-5.737549,-153.08691,-417.1023,58.18505,276.2698,1140.9666
43.28125,42.88125,2619.0637,0.28761092,0.0037467438,-35.762207,-272.2483,-662.65063,57.118298,228.29587,1037.6848
43.28125,42.89375,3213.3188,0.5997039,-0.0051394384,58.665283,37.78955,-115.50049,74.85987,251.0279,1062.4688
43.28125,42.90625,3550.9756,0.6505127,-0.0018963163,29.60254,54.719482,203.31958,96.32757,218.58179,1035.4797
43.28125,42.91875,3561.205,0.15998688,0.0034867714,-36.298584,-143.71484,188.9148,51.749397,174.4735,742.1726
43.28125,42.93125,3800.386,0.29979265,0.0018571761,-26.761719,-17.25122,383.91943,43.03487,127.83583,614.6609
43.28125,42.94375,3835.322,0.95001584,-0.00019611396,8.983398,38.989502,423.1714,111.02702,135.8639,660.4182
43.28125,42.95625,3450.1953,0.5689628,0.005862569,-48.164062,-218.91675,162.18018,71.32321,179.02513,810.4082
43.28125,42.96875,3271.4812,0.2957632,0.0024882578,-36.56714,-247.84326,166.7378,60.522724,230.60573,1016.11426
43.28125,42.98125,3063.835,0.35561955,0.0015310836,-19.0896,-231.86157,135.66211,45.46427,247.3257,1170.8967
43.28125,42.99375,2881.3816,0.117775,3.9635725e-06,-5.290283,81.56909,134.28662,28.301943,508.10236,1641.3629
43.26875,42.00625,1961.0533,0.7847794,0.0012641713,-8.920044,-116.17224,-446.20544,81.10333,172.74837,574.3154
43.26875,42.01875,2210.0325,0.7651823,0.00067169114,-6.4230957,-49.9541,-270.448,98.15294,339.42966,1212.5432
43.26875,42.03125,2956.1792,0.5547903,-0.004126835,36.80249,207.75684,386.78516,75.68355,277.3635,1182.4412
43.26875,42.04375,3051.1519,0.43575776,-0.00014308245,-6.800537,2.0178223,366.48145,45.92385,163.33401,819.25977
43.26875,42.05625,3039.6372,0.6369902,0.0014920612,-21.042725,31.955566,229.86426,94.7312,244.12086,1034.811
43.26875,42.06875,2673.5718,0.01713947,0.001295314,-20.281494,-220.30835,-253.26245,25.059929,208.7247,1024.2852
43.26875,42.08125,2954.1418,0.17590952,-0.0009951389,-0.99658203,-74.81885,-16.818115,30.265491,185.19449,912.3789
43.26875,42.09375,3227.0417,0.35823,-0.00012762008,-14.09375,18.233154,231.22852,54.35071,127.53431,590.47363
43.26875,42.10625,3408.5095,0.52673805,-0.0090351915,68.8811,182.69849,393.48853,73.06846,163.46559,825.15137
43.26875,42.11875,3060.9702,0.7187344,-0.0019676394,5.2993164,34.61133,44.835938,106.52699,297.68103,1330.1926
43.26875,42.13125,2698.118,0.6170698,-0.00016329697,-8.943359,-21.290283,-248.50684,109.98409,332.5034,1339.1082
43.26875,42.14375,2272.4282,0.52205795,0.002136224,-31.131836,-292.9309,-597.3948,83.943436,270.0472,1026.238
43.26875,42.15625,2240.0342,0.89073026,0.0051118312,-57.720215,-293.28027,-597.458,126.28143,264.02652,1000.87915
43.26875,42.16875,2187.5137,0.56589836,0.001473823,-25.641846,-221.33716,-654.7698,101.81601,254.48969,1022.9298
43.26875,42.18125,2530.7007,0.69025266,-0.0010506558,8.552002,46.815918,-340.062,128.47957,270.1185,1078.3141
43.26875,42.19375,2985.2327,0.69291055,0.00039126075,4.2651367,124.27344,115.76416,107.935165,282.52963,1323.9192
43.26875,42.20625,3196.1494,0.7412334,0.00086651416,-11.1779785,-1.7568359,371.98218,125.45916,199.26114,930.89307
43.26875,42.21875,3559.1973,0.7452073,-0.0040990114,67.70117,233.36255,757.926,91.967384,159.15088,742.5271
43.26875,42.23125,3272.2627,0.48491198,-0.0023806607,36.902344,156.7024,432.18848,92.119484,293.32236,1224.0518
43.26875,42.24375,2877.562,0.9621866,0.00040444353,24.549072,194.2478,6.5305176,109.13753,327.34845,1392.3552
43.26875,42.25625,2195.596,0.22287294,0.0030351866,-21.957031,-236.80273,-667.69165,41.315857,226.01216,999.4597
43.26875,42.26875,2337.6094,0.46996543,0.003063979,-26.695312,-178.94775,-466.34204,83.749626,273.4913,1134.1943
43.26875,42.28125,2789.6604,0.63225234,0.0023681794,-10.358398,-3.7902832,37.360107,100.72488,303.8906,1109.5518
43.26875,42.29375,3221.1792,0.56136626,-0.005496979,51.90332,234.21045,448.3645,59.38855,200.31476,1011.1709
43.26875,42.30625,2907.5813,0.52480227,-5.8112808e-05,-4.38916,90.97168,78.3667,76.210236,260.18454,946.0156
43.26875,42.31875,2403.1921,0.28100243,0.002745853,-26.970703,-269.26123,-459.98682,42.473522,199.95749,815.478
43.26875,42.33125,2986.1726,0.4629646,0.0010960717,-16.453125,40.73999,99.56323,63.245552,294.88132,1110.7385
43.26875,42.34375,3381.4097,0.74845695,0.00019182089,30.547607,187.54736,462.09106,82.12795,177.87636,954.35767
43.26875,42.35625,3158.0374,0.380522,0.0035477837,-23.879639,101.08374,210.03125,61.886993,282.67117,1184.1848
43.26875,42.36875,2923.558,0.68179476,-0.005390358,49.739502,94.50366,-93.476074,105.8206,238.6336,919.376
43.26875,42.38125,2542.132,0.2497138,0.0031130214,-42.583984,-284.76367,-548.97974,52.49762,200.05124,956.6963
43.26875,42.39375,2894.4539,0.34712926,-0.00024418012,-6.503662,-111.56738,-240.49585,68.271515,192.68628,918.4983
43.26875,42.40625,3199.9524,0.524812,0.001970104,-16.237793,-36.6875,32.949707,61.676575,183.57014,779.5176
43.26875,42.41875,3370.4749,0.3791858,-0.0028432414,15.087158,67.10962,166.31494,69.339745,136.16534,633.3086
43.26875,42.43125,3113.2576,0.58025897,-0.0016332868,11.084717,-8.668457,-118.48926,98.2853,185.61789,963.55396
43.26875,42.44375,2770.67,0.21357821,-0.0012770633,17.177246,-157.04883,-459.90112,65.29931,197.89897,931.7107
43.26875,42.45625,2455.567,0.17000541,0.006038265,-83.51709,-373.1089,-741.719,77.86206,217.73952,874.9956
43.26875,42.46875,2573.2852,0.27845725,0.0010568907,-4.821045,-193.87524,-552.6758,80.65358,246.5867,922.5188
43.26875,42.48125,2481.5413,0.55784774,-0.0023787539,3.123291,-184.56934,-591.4275,102.20567,281.1512,994.56055
43.26875,42.49375,2671.7239,0.66748047,0.0016354531,0.48046875,44.556885,-356.3557,112.75859,292.92746,993.1118
43.26875,42.50625,2799.0999,0.39811003,-0.007220379,63.89258,261.32715,-179.44531,76.71701,268.9526,954.6824
43.26875,42.51875,2506.8784,0.57320654,-0.0017507013,20.122803,-59.3479,-415.3391,79.16754,244.22018,1043.8594
43.26875,42.53125,2982.0774,0.50170165,0.0012127386,-17.461182,99.30176,108.14722,83.48054,331.716,1469.8994
43.26875,42.54375,3307.805,0.48537117,-0.004660752,40.35669,221.64795,480.61646,91.80414,346.10403,1379.125
43.26875,42.55625,3247.6997,0.6403634,-0.0015611458,23.584229,182.0166,457.7312,105.88201,355.5081,1379.125
43.26875,42.56875,3057.8,0.55645263,-0.0013691032,6.4228516,73.88672,268.6294,111.31936,334.788,1245.7493
43.26875,42.58125,2961.6372,0.673136,0.0017870776,-20.9375,16.679932,179.7976,114.98695,332.86032,1219.0208
43.26875,42.59375,2909.3586,0.58700025,0.004870994,-31.213623,80.79175,160.79224,114.223465,310.65497,1219.1575
43.26875,42.60625,2930.5396,0.42590004,-0.005410946,60.042725,345.2876,240.14551,69.45142,250.81567,1030.7803
43.26875,42.61875,2356.7786,0.8125492,-8.889381e-05,-3.3518066,-55.21997,-286.20752,126.80497,195.81241,911.7881
43.26875,42.63125,2215.4766,0.48089126,-0.0011371603,10.012207,-138.00073,-386.93262,87.98011,307.3329,1352.8656
43.26875,42.64375,2271.0793,0.78958803,0.00022092085,-0.7011719,26.485107,-312.07666,128.91277,388.03738,1384.7269
43.26875,42.65625,1869.3212,0.647539,0.0012612867,-17.912598,-186.6283,-716.54504,106.28029,305.29987,1277.6517
43.26875,42.66875,1725.2513,0.044405747,0.0020281132,-27.68518,-237.70166,-857.0668,33.16248,206.20135,793.32446
43.26875,42.68125,1928.5378,0.612103,-0.0036391586,25.656372,-89.74121,-645.8247,91.55599,272.98535,1112.475
43.26875,42.69375,2149.5164,0.66711533,0.0003776977,-11.224365,-39.86377,-418.6245,106.51995,385.97992,1414.1768
43.26875,42.70625,2323.6667,0.9739483,0.0035880762,-36.14746,-97.67798,-274.5962,116.0,386.3664,1660.0884
43.26875,42.71875,2793.7598,0.6170432,0.0029621448,-20.342773,119.81055,191.98364,99.39316,343.41885,1763.2776
43.26875,42.73125,2635.0977,0.99504787,-0.002513044,21.398682,-59.64624,34.3938,130.59671,283.67938,1394.2261
43.26875,42.74375,2657.9683,0.75188255,0.002751077,-27.66748,-33.97046,51.704834,103.150375,234.15059,1046.7773
43.26875,42.75625,2696.8826,0.80473655,3.449602e-05,-2.6325684,79.09473,74.647705,95.72095,327.37363,1338.4918
43.26875,42.76875,2110.7815,0.668988,0.0010017484,-13.060547,-169.47021,-552.8159,96.23929,277.12,1183.516
43.26875,42.78125,2207.7131,0.74422055,-0.002099194,18.473877,-120.09839,-513.69604,95.566734,287.85413,1297.2444
43.26875,42.79375,2859.7979,0.6438279,-0.0039468226,46.54956,99.38721,60.423584,91.9538,361.5591,1454.8105
43.26875,42.80625,3320.0496,0.7489388,0.00066679687,-8.392578,119.3125,435.1355,125.65429,308.36343,1494.0298
43.26875,42.81875,3692.1174,0.7875662,-0.0032394477,32.6167,191.3457,706.0908,106.004715,214.62991,1105.2212
43.26875,42.83125,3680.046,0.56055117,0.004935356,-67.6853,0.98168945,607.8535,96.38464,187.09624,942.2715
43.26875,42.84375,4142.392,0.35952583,-0.0017717383,62.2312,407.84448,969.41406,91.23048,217.97935,1047.6431
43.26875,42.85625,3607.3486,1.4390763,-0.0008587967,-2.4074707,51.09668,329.12744,133.7722,322.99072,1353.1995
43.26875,42.86875,3260.148,0.42437145,0.0020321046,-19.740967,4.888672,-95.77002,78.498405,308.70212,1522.6436
43.26875,42.88125,3053.1904,0.15157712,4.129192e-05,-2.6743164,-63.391357,-346.94434,21.424286,204.74619,1019.5593
43.26875,42.89375,3519.0056,0.53898895,-0.007047488,93.491455,286.70825,90.01831,76.628975,193.66982,1001.52124
43.26875,42.90625,3545.7607,0.48670295,-7.596233e-05,17.814453,64.85449,114.55347,43.55456,202.89653,1027.1904
43.26875,42.91875,3774.3782,0.81500655,0.00079600106,20.777344,78.23804,335.9568,96.30161,175.4765,733.8833
43.26875,42.93125,3802.047,0.51636,0.0038970122,-18.916992,38.35669,347.41602,63.631752,161.28856,741.1687
43.26875,42.94375,3700.592,0.29154408,-0.001060016,7.508789,-2.18042,272.99927,51.92302,171.75565,777.1428
43.26875,42.95625,3823.5928,0.7342764,0.001124992,-10.503662,196.20117,532.29663,92.94084,162.74828,734.78613
43.26875,42.96875,3673.5977,0.4972987,0.00025239936,13.229248,177.4541,576.573,49.112118,197.06345,940.4922
43.26875,42.98125,3503.6648,0.24256101,0.0001554445,11.095947,200.1333,594.0039,49.54796,179.42686,860.886
43.26875,42.99375,3211.6228,0.1952079,0.0011617026,-8.302734,332.19604,483.4463,51.0392,552.9607,1536.2562
43.25625,42.00625,1910.7089,0.5292725,0.0038988334,-39.938843,-222.7555,-576.99744,72.766754,190.58331,795.10986
43.25625,42.01875,2203.2107,0.5665988,-0.0013145636,7.755615,-57.3562,-345.22656,84.95882,259.78357,1191.1423
43.25625,42.03125,2589.4307,0.670491,0.00022234888,-3.0427246,33.112793,-35.753906,104.747314,332.2356,1165.8674
43.25625,42.04375,2966.2742,0.5709042,0.0029199787,-18.278809,122.10742,236.98926,70.94364,341.92834,1299.1965
43.25625,42.05625,3233.5986,0.8148877,0.0025855482,6.1914062,245.78223,389.68848,97.68828,279.64798,1051.9968
43.25625,42.06875,3245.5396,0.73015386,0.0022630321,-5.7250977,196.84229,298.35645,111.40467,232.57472,1149.1426
43.25625,42.08125,3150.5718,0.60793996,0.0044512367,-66.104004,-32.808105,171.40112,142.29195,218.24527,948.6033
43.25625,42.09375,3338.8467,0.38101646,0.0017379245,-9.775635,85.55615,330.80884,47.61302,136.75525,694.76636
43.25625,42.10625,3126.2747,0.2805881,-0.0002436337,-4.4558105,31.582275,95.46265,32.140316,193.38304,838.58936
43.25625,42.11875,2762.2908,0.47731414,-7.077535e-05,18.217773,17.918701,-271.2793,55.798744,294.50128,1177.187
43.25625,42.13125,2236.5623,0.022928134,-0.00012717882,-5.3134766,-259.35254,-739.0508,13.0,215.84137,838.56323
43.25625,42.14375,2674.307,0.5162828,-0.0033521065,23.108154,71.43555,-238.30249,96.01823,296.30136,997.7761
43.25625,42.15625,2960.3992,0.70036626,0.0027746123,-8.408203,139.29175,76.11279,51.410114,297.81033,1206.8962
43.25625,42.16875,2770.4348,0.62185055,0.0020208494,-17.593994,101.466064,-115.648926,96.87105,348.89682,1264.7996
43.25625,42.18125,2182.002,0.023361143,0.0011842911,-15.148926,-300.82202,-730.63745,18.041618,226.48068,889.32153
43.25625,42.19375,2900.3262,0.6141971,-0.0017676944,22.19336,161.51343,-16.296875,96.814255,295.9096,1082.1404
43.25625,42.20625,3148.315,0.48224375,0.004820771,-32.670654,58.57373,261.0088,54.99091,179.23448,966.2593
43.25625,42.21875,3269.0803,0.3948873,0.006066349,-52.029053,31.141113,398.37817,56.0,176.42279,827.18994
43.25625,42.23125,3283.5403,0.7566258,-0.009725992,66.05591,205.90967,374.79443,143.20615,291.10822,1099.0457
43.25625,42.24375,2651.534,0.18309097,0.0036417276,-30.592041,-190.4851,-287.25024,41.922546,276.0498,1278.9844
43.25625,42.25625,2859.137,0.5185308,0.0027460768,-27.155762,72.24512,-77.75708,119.104996,331.32764,1188.508
43.25625,42.26875,2713.5225,0.7012354,-0.00078768074,8.577148,29.306396,-175.63184,104.381516,312.988,1188.508
43.25625,42.28125,2336.151,0.22637074,0.00216827,-31.53418,-293.4419,-507.3098,43.97158,222.31172,1008.54346
43.25625,42.29375,2925.806,0.79527074,-0.0027779173,33.209473,57.908203,77.44824,75.39231,264.25555,962.0764
43.25625,42.30625,3090.633,0.9447476,-0.00053434056,16.48877,163.54639,213.26318,87.50429,213.31667,908.0034
43.25625,42.31875,2489.7737,0.31685713,0.0028357215,-27.779785,-241.39478,-399.83618,40.04997,192.56818,816.31616
43.25625,42.33125,2983.3877,0.62696165,-0.004821252,43.793945,105.75293,94.21484,82.170555,276.3702,1083.6448
43.25625,42.34375,3486.837,0.37194347,-0.0059107416,72.03125,270.47705,590.2927,76.321686,182.03021,823.3684
43.25625,42.35625,3306.0122,0.3101092,-0.0015177211,25.283203,45.874023,407.47925,53.935146,137.80421,662.6704
43.25625,42.36875,3100.9973,0.6233517,-0.0018069678,23.48413,9.301758,152.72949,100.71246,204.8951,912.8069
43.25625,42.38125,3000.2239,0.4999138,-0.004258645,35.96924,13.386963,-11.378174,77.98077,217.84169,912.8069
43.25625,42.39375,2992.142,0.7538261,-0.0022212204,15.8811035,-45.08008,-51.67798,77.16217,185.93279,845.2744
43.25625,42.40625,3145.9885,0.5292593,0.0032997236,-18.173828,-28.846436,75.33081,68.90573,159.1383,728.8335
43.25625,42.41875,3317.0442,0.3713791,-0.0037617087,42.878906,130.20874,209.36133,61.741398,145.67087,728.8335
43.25625,42.43125,3135.885,0.41691583,0.0030621784,-30.086182,-8.302734,1.6660156,74.5587,177.6232,838.86206
43.25625,42.44375,3222.9026,0.54728985,-0.0015453901,14.675781,126.70923,91.822266,87.43569,260.9272,1260.5991
43.25625,42.45625,2937.6243,0.24942808,0.003989865,-31.89795,-88.95947,-160.8164,52.792046,326.9006,1335.5886
43.25625,42.46875,3177.7356,0.7945355,-0.0068662977,46.280273,260.12622,148.12256,124.02016,361.25476,1356.5789
43.25625,42.48125,2629.136,0.7502418,-0.0026920827,27.203613,-59.780273,-358.51025,103.79066,334.63638,1337.9878
43.25625,42.49375,2245.1426,0.14593954,0.0016954961,-26.440186,-260.5332,-719.3679,54.644306,246.1077,1047.8486
43.25625,42.50625,2172.5442,0.06204543,0.00013412595,-3.987793,-204.86255,-758.60986,9.669539,204.73886,854.1477
43.25625,42.51875,2163.219,0.4714351,0.0012567897,-13.888184,-166.99097,-724.9241,56.78908,219.5928,931.8762
43.25625,42.53125,2457.9866,0.6575391,-0.0015269117,10.719727,25.10962,-392.8755,108.443535,347.3759,1326.5654
43.25625,42.54375,2416.0361,0.52847934,0.0011423362,-9.429443,-74.30176,-395.3103,93.83496,400.0225,1364.5236
43.25625,42.55625,2443.7512,0.54025,-0.0027842754,20.735107,-20.997559,-332.72095,91.476776,382.8309,1360.5217
43.25625,42.56875,2397.6074,0.44490138,9.999042e-05,-4.5683594,-25.92627,-378.90674,86.03778,347.39386,1327.603
43.25625,42.58125,2385.8945,0.5953286,-0.0037433892,28.766846,-5.1848145,-373.78223,95.867096,336.14804,1274.425
43.25625,42.59375,2285.6436,0.42061013,0.003750794,-28.237549,-59.11499,-426.3286,71.749565,348.79794,1308.986
43.25625,42.60625,2245.2212,0.4379372,0.00024369739,-0.75390625,-24.126709,-391.27686,90.57041,329.28104,1151.6567
43.25625,42.61875,2163.0398,0.628608,0.0022635914,-13.937744,-18.428223,-414.7627,112.73198,279.78564,1133.5962
43.25625,42.63125,2230.0098,0.9958649,-0.0039924025,54.319824,204.58472,-301.78052,140.49733,209.42302,818.0571
43.25625,42.64375,1781.8113,0.088502824,-0.00047481063,1.6477051,-181.83435,-727.40845,10.283482,205.7134,923.8622
43.25625,42.65625,1915.8955,0.65772414,0.0010983516,-8.94812,-139.8374,-599.2363,101.63784,291.31512,1149.5089
43.25625,42.66875,2242.7234,0.4888814,-0.0008597323,21.885986,6.5856934,-275.75098,80.018745,346.99353,1281.514
43.25625,42.68125,2499.5667,0.480528,-0.0034078078,24.737793,37.48633,-24.970215,88.54942,343.72955,1478.6232
43.25625,42.69375,2801.9678,0.7129902,0.00049531006,7.6953125,65.05713,259.198,87.567116,363.48383,1624.896
43.25625,42.70625,3012.8694,0.6945958,0.0031038823,-23.137695,0.5270996,401.32202,112.56554,405.51324,1723.0996
43.25625,42.71875,3318.36,1.0445304,-0.0015856434,16.72583,111.14917,664.2898,182.76215,391.22882,1691.9446
43.25625,42.73125,3083.146,1.1533184,-0.0016430743,19.869629,-52.219482,398.1477,146.27371,391.6695,1572.4592
43.25625,42.74375,2768.257,0.72163486,0.010059688,-90.88428,-295.3838,54.295654,102.68885,345.72968,1501.2847
43.25625,42.75625,2964.4973,0.6704298,0.0038923337,-40.83496,-28.006592,221.36743,98.949486,317.35153,1516.4783
43.25625,42.76875,2620.824,0.85338223,-0.0043377476,27.68872,13.557373,-169.47949,117.768845,380.5371,1584.4073
43.25625,42.78125,2142.7922,0.15449385,0.0010465847,-12.520508,-198.50977,-711.13696,26.22022,225.01,1149.5209
43.25625,42.79375,2383.88,0.5001916,0.0043503386,-51.169678,-153.90698,-551.0542,72.35676,300.25656,1238.2427
43.25625,42.80625,2802.2095,0.71808493,0.0011099317,-31.109863,-207.96729,-210.66528,86.09878,324.06943,1411.6228
43.25625,42.81875,3276.4011,0.18771806,0.0020428381,-29.61621,-112.241455,174.3357,57.88782,218.63211,1105.2212
43.25625,42.83125,3493.541,0.65301436,0.0024307563,-30.750732,-130.02832,311.73584,94.24967,194.31676,934.18823
43.25625,42.84375,3664.346,0.31129166,0.0036837477,-56.472168,-115.333496,385.9004,96.7781,180.41064,839.05884
43.25625,42.85625,4093.4097,0.4490291,-0.0072783646,83.85205,282.61743,717.49023,68.74591,200.77849,914.70215
43.25625,42.86875,3616.7854,1.1313611,0.0040444434,-55.769775,-54.164307,171.76611,188.79619,304.50943,1144.1135
43.25625,42.88125,3317.4011,0.38321143,0.0027456,-19.955322,-156.50024,-164.35498,78.612976,301.76978,1144.1135
43.25625,42.89375,3388.7847,0.3577207,-0.0029093965,24.798096,-72.8457,-102.64136,74.11478,240.50987,1000.82764
43.25625,42.90625,3567.035,0.69617957,0.0055004945,-49.250732,-31.109375,93.75,126.38433,202.0594,882.0581
43.25625,42.91875,3904.0503,0.3527357,0.00014250432,0.70581055,222.97339,445.76172,70.668236,173.3032,750.3804
43.25625,42.93125,3615.8215,0.57638747,0.0046896567,-30.07251,-7.309326,172.9895,65.62012,177.0932,783.05664
43.25625,42.94375,3354.1494,0.41152784,0.0016192518,-16.687256,-114.71338,-33.742188,57.471733,172.56883,821.1311
43.25625,42.95625,3581.0002,0.69142765,0.0010948373,-8.06665,93.799805,336.28687,93.9255,190.59381,954.0166
43.25625,42.96875,3415.4097,0.3727803,-0.0025429595,11.55127,-49.102295,361.10718,50.813385,182.4171,894.00903
43.25625,42.98125,3209.3567,0.20672055,0.00096248696,-9.545166,-74.66992,346.36108,42.09513,163.52675,836.7737
43.25625,42.99375,3277.6929,0.40869918,-0.0015655998,11.339111,391.55737,595.3042,66.58078,551.8288,1536.2562
43.24375,42.00625,2569.1235,0.61114985,0.00035688074,-3.8562012,111.54956,30.004883,74.01689,325.88034,1311.4391
43.24375,42.01875,2490.8184,0.44859484,-0.0018610902,15.519775,12.594971,-111.52734,89.27766,303.89307,1287.2616
43.24375,42.03125,2200.9114,0.738284,0.0028283803,-36.86206,-224.28345,-481.4502,115.47077,234.54424,1023.7942
43.24375,42.04375,2369.832,0.27916518,0.0012485443,-16.854492,-203.09277,-414.91943,58.425167,274.10947,1236.1831
43.24375,42.05625,2482.4634,0.33458984,-0.0016718251,-6.7978516,-303.13623,-410.34546,29.79933,263.70343,1051.9968
43.24375,42.06875,2785.644,0.74740046,-0.0006367412,1.1088867,-158.11157,-191.10767,112.858315,283.24548,1149.1426
43.24375,42.08125,3229.0046,1.0337766,-0.00051838177,10.852295,45.304443,236.96143,90.23303,262.65186,1029.1877
43.24375,42.09375,3332.347,0.47127694,0.0028766454,-33.631348,45.23828,324.82642,85.53947,157.65785,757.9143
43.24375,42.10625,3222.2417,0.35905448,-0.007747164,87.512695,129.97607,206.34424,64.8074,235.29343,982.12866
43.24375,42.11875,2638.8213,0.4476655,-0.0022176742,13.734619,-46.01294,-373.6421,68.55655,306.78577,1324.5176
43.24375,42.13125,2389.437,0.74637055,0.0031918646,-26.83667,-190.41626,-565.6741,98.23696,249.80592,1098.0618
43.24375,42.14375,2943.9949,0.22637041,0.0016009312,-22.689453,5.222168,49.18994,46.914818,344.35156,1492.6045
43.24375,42.15625,3219.9285,0.42489424,0.001752982,-26.786865,32.152832,353.29956,81.17265,223.8705,1054.2334
43.24375,42.16875,2957.677,0.5407992,0.0002034731,-3.834961,30.958984,91.7937,77.743164,363.99863,1522.5698
43.24375,42.18125,2314.738,0.34031942,0.0010083535,-10.753418,-294.64575,-574.41187,52.62129,233.92307,988.3711
43.24375,42.19375,2755.7942,0.7257446,-0.0026575932,36.86035,17.697998,-139.36914,76.105194,263.0285,1075.3699
43.24375,42.20625,3257.3718,0.55711275,-0.0073109553,90.252686,218.6499,375.85132,76.23647,181.16016,780.7119
43.24375,42.21875,3186.5427,0.25188813,-0.0028065268,1.3481445,55.849365,316.38623,53.972214,129.4527,579.79736
43.24375,42.23125,2838.4446,0.49968565,-0.00016982782,-3.7824707,-152.28857,-61.48706,65.10376,191.83586,748.30273
43.24375,42.24375,2886.2705,0.52899617,-0.0012482216,5.5637207,-104.60669,-38.654785,63.486217,208.11295,816.0945
43.24375,42.25625,3237.102,0.676615,-0.0035847966,17.86621,133.83789,307.77734,51.92302,161.11797,816.0901
43.24375,42.26875,3070.859,0.42268312,-0.0002773132,-1.3598633,139.27612,171.60596,81.84131,242.96913,1063.1265
43.24375,42.28125,2572.561,0.9683804,-0.00029422872,0.37329102,-114.53076,-292.22266,111.997765,202.51543,987.38184
43.24375,42.29375,2898.9707,0.72806907,-0.003384151,19.818115,53.223633,36.843994,88.61151,298.55066,1114.532
43.24375,42.30625,3200.2717,0.9447201,-0.0006531155,1.892334,138.58081,321.79688,95.46727,187.66725,955.74585
43.24375,42.31875,2810.5334,0.8314453,-0.0021732769,13.2595215,-67.46069,-72.72778,111.40916,254.5221,969.43726
43.24375,42.33125,2776.3901,0.638274,-0.0015254593,13.612305,-78.12085,-105.47461,88.19581,214.08409,1010.75464
43.24375,42.34375,3149.5432,0.72013676,-0.002161634,19.852783,28.078857,263.97656,72.22188,192.12495,855.1948
43.24375,42.35625,3371.4583,0.56829363,-0.0008913331,32.523193,157.22339,492.59277,62.553978,128.70897,750.3513
43.24375,42.36875,3311.145,0.52353805,-0.0038949947,39.30371,175.1211,393.92383,72.601654,147.68886,658.36084
43.24375,42.38125,3317.551,0.5899304,-0.0056991363,50.732666,221.83838,348.00195,51.701065,143.62799,730.8872
43.24375,42.39375,3171.2917,0.65077215,0.0011137081,-11.385254,121.754395,181.802,106.16496,202.13362,931.17725
43.24375,42.40625,3082.49,0.41807473,0.000972724,-9.5078125,93.8374,78.15625,73.593475,243.19539,979.62695
43.24375,42.41875,2792.9382,0.19275571,0.0030675745,-26.624023,-218.56006,-243.29565,50.46781,204.72176,902.1941
43.24375,42.43125,3173.3425,0.3634057,0.0024621482,-13.013428,-1.9211426,109.41455,54.277065,194.22667,897.1033
43.24375,42.44375,3605.786,0.42898205,0.0028043184,9.369385,276.71484,536.40405,60.819405,168.05951,813.5105
43.24375,42.45625,3542.1167,0.47585028,-0.0070109605,97.16626,218.01636,488.66895,86.44652,183.61646,813.5105
43.24375,42.46875,3549.5996,0.46451738,-0.004326508,65.542725,346.09448,547.0698,77.51129,204.64114,1026.5322
43.24375,42.48125,3214.8093,0.7979661,0.003119499,-24.604736,192.7732,243.57666,124.306076,268.23685,1319.8928
43.24375,42.49375,2966.096,0.5624394,-4.234233e-05,5.3015137,172.79004,2.317627,101.43964,303.0825,1244.968
43.24375,42.50625,2690.9438,0.62178886,-0.00023139185,7.157715,188.71558,-257.16992,85.0147,273.78458,1013.23413
43.24375,42.51875,2256.7021,0.51837766,-0.0012357029,18.45044,-25.739014,-659.6582,71.08446,171.4322,689.7678
43.24375,42.53125,2063.8381,0.27103612,0.0023274724,-36.719727,-222.81616,-816.95874,61.216827,227.59833,1062.6704
43.24375,42.54375,2140.4424,0.58122236,-0.0015159475,-10.083984,-231.30713,-695.8508,114.89343,308.71103,1199.4838
43.24375,42.55625,2082.6746,0.65564907,0.0019301401,-25.646484,-265.00293,-705.95483,111.28792,296.08698,1225.7683
43.24375,42.56875,2118.7466,0.51773167,-0.00017677387,1.7302246,-197.5874,-655.2439,98.122375,267.16193,1143.469
43.24375,42.58125,2120.6086,0.68241984,-0.002801075,25.467773,-151.09619,-632.42554,113.59798,274.7326,1179.2642
43.24375,42.59375,1889.4758,0.12939592,0.001967301,-30.605225,-283.37378,-806.64966,40.859516,223.0863,989.66077
43.24375,42.60625,2055.064,0.54270715,0.00015614131,-5.390869,-133.08301,-554.324,101.35581,287.03223,1145.1025
43.24375,42.61875,2095.2654,1.0242897,0.0011966741,-14.34668,-148.19702,-456.7539,162.60997,341.7031,1169.2178
43.24375,42.63125,1984.6748,0.6127569,-0.0007078623,2.5358887,-121.115234,-529.63354,111.04729,315.6113,1181.5266
43.24375,42.64375,2085.5774,0.92813253,-0.0038989983,39.649292,42.07483,-417.09033,111.16317,232.92863,911.7311
43.24375,42.65625,2669.2966,0.4244774,-0.0068492433,77.76367,390.35986,144.9148,75.80567,298.67877,1240.2142
43.24375,42.66875,2874.6848,0.79854,-0.0025668486,29.006104,287.68896,327.78296,126.960625,267.55,1304.0508
43.24375,42.68125,3006.69,0.71200866,0.004503425,-44.40161,171.48315,437.07642,121.04131,264.80466,1140.7922
43.24375,42.69375,3057.6775,0.5628664,0.0032577435,-35.581543,-34.590332,441.812,97.816154,250.28784,1223.0754
43.24375,42.70625,3514.1633,0.7746272,-0.000105176514,-7.239258,148.5852,801.81226,111.67811,247.72768,1070.6482
43.24375,42.71875,3568.0261,0.23775049,0.0031492573,-36.6084,16.827393,795.64966,53.581715,213.99066,1025.0281
43.24375,42.73125,3863.9922,0.68418235,0.003009704,-8.959473,324.36987,1052.2476,63.474403,267.2003,1257.7722
43.24375,42.74375,3538.5994,0.16127065,0.001320852,-8.602539,96.27295,699.14185,48.6107,262.86118,1200.3701
43.24375,42.75625,3518.5576,0.80939996,-0.0024026977,35.908203,260.44458,661.7754,85.953476,228.68538,1177.7368
43.24375,42.76875,3145.6936,0.86868805,-0.0051560868,62.260498,242.30615,262.4419,100.93067,311.61996,1447.9795
43.24375,42.78125,2479.9492,0.99204934,0.0019032565,-7.522461,-39.332764,-452.5498,128.76918,264.28583,1047.396
43.24375,42.79375,2323.4233,0.32167485,-0.00010990601,-0.14550781,-125.965576,-675.78,43.743572,211.93277,927.9231
43.24375,42.80625,2839.7554,0.68151367,0.0032517773,-22.273438,54.19409,-219.96558,104.94522,352.1768,1354.4846
43.24375,42.81875,3402.741,0.40485075,-0.0076057464,62.912354,277.64233,260.1963,67.312706,334.9403,1487.1948
43.24375,42.83125,3346.5803,0.5360533,0.0026326927,-11.109131,22.846924,120.70654,104.13933,355.6909,1499.366
43.24375,42.84375,3465.0188,0.26844764,0.0021922525,-19.738525,-39.072266,143.93408,52.54522,308.30667,1303.8069
43.24375,42.85625,3675.031,0.67260337,0.00063072756,0.4645996,-5.422119,259.54053,77.54353,245.27739,1057.3047
43.24375,42.86875,3744.8489,0.6371554,0.003337412,-34.97754,-43.602783,265.6963,104.59445,199.07536,864.8728
43.24375,42.88125,3953.3848,0.9966735,-0.002653828,32.169678,153.67627,448.6831,154.50243,237.8592,945.60767
43.24375,42.89375,3990.8782,0.60917956,-0.0009602085,31.231934,189.74438,494.83374,81.27115,263.8617,1012.8616
43.24375,42.90625,3447.5845,0.17670576,0.0028796718,-38.936035,-237.85376,-10.13916,48.456165,245.82513,1012.7971
43.24375,42.91875,3317.3052,0.10702758,0.0009397606,-20.850586,-173.93384,-92.216064,40.87787,202.04703,934.9319
43.24375,42.93125,3466.8267,0.2069199,-0.0035165295,33.093018,113.68799,112.55469,50.931328,229.9739,1043.0273
43.24375,42.94375,3364.4426,0.7354797,-0.005142734,51.177246,188.2356,87.84155,99.24717,250.27185,1046.7017
43.24375,42.95625,3062.4692,0.49521175,0.00064553774,-10.483887,-90.13745,-68.65625,82.006096,299.7499,1164.5156
43.24375,42.96875,3466.3394,0.4292089,-0.004973728,43.554443,237.5581,517.135,63.663177,260.34592,1164.5156
43.24375,42.98125,3129.5361,0.38926965,0.002392422,-26.548584,4.4731445,361.70947,55.569775,177.2202,814.0493
43.24375,42.99375,2974.2249,0.9457823,0.0026118343,-23.564697,224.75464,373.60718,97.262535,466.2151,1325.1051
43.23125,42.00625,2731.0322,0.84460264,0.0036183903,-37.49292,-49.030518,139.25562,113.79587,222.87665,935.4617
43.23125,42.01875,3083.9546,1.0160207,-0.00511507,43.807617,222.30371,424.27588,117.57126,238.10397,1154.3335
43.23125,42.03125,2734.2178,0.9252252,-0.0018901307,17.334473,117.04541,-5.7526855,110.31999,288.13885,1199.2351
43.23125,42.04375,2552.1746,0.71808016,-0.0022427202,16.616455,-58.61035,-281.61865,113.468056,264.63937,1179.0967
43.23125,42.05625,3094.4685,0.34037465,-0.007861996,63.859863,237.84717,168.7544,71.568146,260.35648,1120.31
43.23125,42.06875,2803.635,0.57618773,8.499283e-05,-2.2424316,-106.447754,-180.44897,84.49852,227.50165,1007.6787
43.23125,42.08125,2864.2607,0.63282925,6.86774e-05,-11.449951,-162.71606,-120.108154,58.33095,216.28915,1001.14795
43.23125,42.09375,3157.3013,0.7934438,0.0033205652,-38.05298,-66.24365,166.29834,102.37187,173.87927,762.0962
43.23125,42.10625,3480.002,0.6527293,-0.0058798306,48.3562,313.4812,488.1875,91.93476,209.45166,982.12866
43.23125,42.11875,2749.4138,0.5778304,0.0017254998,-21.261963,-86.37305,-234.91455,92.728096,299.50125,1282.2825
43.23125,42.13125,2532.0679,0.44006386,0.000235146,-9.358643,-231.73462,-398.9131,54.286278,270.7905,1230.345
43.23125,42.14375,3053.5244,1.1504501,0.0016598228,-28.744629,-25.281738,178.51782,135.87494,290.42554,1339.1033
43.23125,42.15625,3342.5183,0.7695904,0.0040961523,-43.697266,33.064453,498.97607,131.29356,189.32248,816.29395
43.23125,42.16875,3119.9036,0.69536114,-0.001522931,5.426758,-10.569336,282.13965,107.13076,342.18854,1445.5508
43.23125,42.18125,2623.3135,0.30887315,0.0030909597,-35.552734,-303.89746,-231.5437,71.21095,345.30566,1452.3276
43.23125,42.19375,3164.3174,0.8988517,-0.0045180637,27.810547,143.36792,311.40308,136.08453,337.10532,1452.3276
43.23125,42.20625,3092.6577,0.927204,0.0038987899,-40.489014,-31.30127,257.08618,139.79628,205.83003,1125.9783
43.23125,42.21875,3303.5874,1.0449878,-0.00010687672,29.51123,200.61816,491.25464,71.42129,134.76646,639.9524
43.23125,42.23125,3040.0056,0.33644822,0.0016121139,-31.624023,-15.462158,222.90552,84.0238,162.81584,733.5327
43.23125,42.24375,3282.9446,0.37701815,0.003518573,-34.31787,143.95068,460.14355,88.605865,197.73215,843.1494
43.23125,42.25625,3240.1191,0.48389468,-0.00035831876,5.448242,75.14087,414.2578,66.820656,164.15541,740.0332
43.23125,42.26875,2843.3298,0.3348549,0.00046278027,-6.3637695,-97.82886,34.968994,37.6497,207.95914,860.97266
43.23125,42.28125,2553.3743,0.2087401,0.0015151527,-18.040283,-225.56519,-227.38062,39.749214,179.53273,892.30396
43.23125,42.29375,2976.0195,0.4095101,0.0026628692,-28.041748,-9.572266,197.03784,77.60155,301.04318,1216.706
43.23125,42.30625,3368.6506,0.5610731,-3.8962884e-05,12.600098,132.97412,567.9258,51.932648,170.16757,822.11523
43.23125,42.31875,3063.2642,0.5910573,-0.00044575834,0.49438477,-38.28174,244.37329,62.601917,261.64288,1062.989
43.23125,42.33125,2752.9958,0.33065093,0.002884498,-22.018555,-231.05347,-79.553955,55.744953,201.43486,871.5364
43.23125,42.34375,3042.1953,0.26610503,0.0025083222,-38.32715,-72.12695,195.23535,52.50714,169.79694,767.7544
43.23125,42.35625,3141.6218,0.17175269,0.0013268024,-10.13501,14.844971,297.9392,40.04997,148.16208,719.7217
43.23125,42.36875,2789.9617,0.40915653,0.0025364407,-26.889893,-170.02856,-85.07129,69.336136,189.15602,925.7041
43.23125,42.38125,2874.2725,0.19841409,0.002841128,-30.509521,-2.0825195,-46.242676,54.680893,220.56972,1024.8179
43.23125,42.39375,2698.0813,0.77125525,0.00036761502,-6.311035,-88.0874,-237.1106,106.5223,256.52484,1007.0088
43.23125,42.40625,2605.4512,0.96627563,0.0015973212,-19.690674,-184.64966,-333.3423,108.47811,236.01059,1048.4556
43.23125,42.41875,2948.7463,0.6310821,0.0011617077,-12.807617,-46.911377,-12.083008,96.902016,210.18326,970.93945
43.23125,42.43125,3181.6902,0.6901259,0.004179455,-54.670166,-5.4677734,189.93188,138.94603,197.89139,897.1033
43.23125,42.44375,3482.4438,1.15116,0.0003819845,12.942383,158.51685,472.0879,125.57468,179.89719,843.71484
43.23125,42.45625,3321.202,0.68626285,0.0045810635,-22.315918,50.969727,303.31445,113.67497,219.04109,906.3176
43.23125,42.46875,3024.1404,0.5936169,0.0022403733,-26.818115,-74.62793,27.212158,96.0,217.32234,892.6067
43.23125,42.48125,2806.8196,0.6178786,0.0012352557,-24.547363,-168.58691,-184.70386,99.692024,242.8621,1022.7632
43.23125,42.49375,2845.1477,0.49120948,-0.0010073864,10.456787,25.076172,-155.79297,77.0,233.31952,918.5708
43.23125,42.50625,2493.358,0.1895268,0.0045700665,-34.19995,-145.06274,-501.03638,43.295498,206.65552,1095.8174
43.23125,42.51875,2412.2913,1.0195884,0.00017675222,-6.8583984,-163.83911,-555.0481,136.16718,305.2466,1330.3599
43.23125,42.53125,2549.676,0.5425355,0.00062003045,-9.720459,-134.63745,-380.60498,67.83067,373.09048,1335.1316
43.23125,42.54375,3038.993,0.80411226,-0.0017761191,22.033936,221.37354,153.36816,82.800964,350.2078,1330.5989
43.23125,42.55625,2814.5706,0.52391154,0.0019620692,-15.171875,25.471924,-22.322754,75.55462,346.11343,1312.3467
43.23125,42.56875,2869.1604,1.198352,-0.0014740502,13.981201,137.48169,54.23462,150.87743,321.6069,1152.5642
43.23125,42.58125,2839.4014,0.28222665,0.00017819148,5.480957,200.09082,56.28369,48.620983,334.8268,1304.967
43.23125,42.59375,2271.0415,1.0358682,0.0031193837,-21.187744,-159.44165,-443.09473,108.95641,262.19745,1060.3618
43.23125,42.60625,2626.923,0.5040062,-0.0017267826,16.949951,89.33374,2.5424805,75.79578,329.90454,1408.5444
43.23125,42.61875,2907.0786,0.77565336,0.003021026,-27.783447,148.93188,334.58984,123.28017,334.0479,1360.4749
43.23125,42.63125,2653.2405,0.98882395,0.0012022574,-4.140381,38.5437,101.84839,106.89948,424.5898,1545.3253
43.23125,42.64375,2194.2244,0.90206975,0.0021474683,-13.238525,-99.73047,-358.98022,140.18916,362.4238,1442.8026
43.23125,42.65625,1973.1135,0.5820762,0.002539988,-31.864258,-272.90063,-618.9988,89.83179,275.07727,1166.6421
43.23125,42.66875,2375.458,0.54279727,0.0028887559,-12.4375,-69.7207,-257.38232,89.75243,333.48688,1291.5138
43.23125,42.68125,2671.698,0.70125544,0.0018008198,-6.7175293,1.3569336,-3.0725098,104.80697,382.67087,1351.6294
43.23125,42.69375,2965.37,0.46363667,0.0023995943,-6.470215,57.799072,218.67065,92.09235,379.93158,1483.1565
43.23125,42.70625,3170.4194,0.35384282,0.0026795033,-14.762695,32.970215,305.3933,61.951595,365.1178,1597.4434
43.23125,42.71875,3297.1677,0.34087822,-0.0013084619,6.413574,-38.889893,355.38574,69.80688,334.14667,1473.2239
43.23125,42.73125,3541.7324,0.5784666,-0.002215393,8.556641,68.17163,558.9944,112.83173,273.67133,1209.5271
43.23125,42.74375,3753.559,0.27469552,-0.0075556994,68.072754,234.52734,749.5896,50.219517,185.6933,847.7512
43.23125,42.75625,3299.02,0.5579016,0.0028301321,-37.8479,-105.085205,303.6001,96.50388,196.4281,822.6792
43.23125,42.76875,3013.8757,0.47807586,-0.0016545824,7.243408,-166.00024,25.350098,67.24582,302.19363,1318.582
43.23125,42.78125,2737.307,0.6003785,0.001255575,-22.668945,-143.11646,-273.67188,116.14861,372.1646,1561.383
43.23125,42.79375,2579.6028,1.3709829,0.00095675595,-5.555176,-3.7019043,-479.78125,178.58191,290.50558,1200.7454
43.23125,42.80625,2328.6262,0.19774865,0.0032324842,-34.374756,-253.62036,-772.5818,54.685463,258.06976,1116.3757
43.23125,42.81875,2555.4585,0.33486634,0.0034090339,-46.625,-291.56763,-612.479,49.829712,284.61993,1074.3328
43.23125,42.83125,2891.0583,0.9865331,0.0025201468,-30.21875,-183.01709,-356.11255,129.49904,208.67679,931.2302
43.23125,42.84375,3115.5537,0.56122214,-0.0015128995,12.175781,-116.9375,-216.86792,57.853264,185.61519,885.4282
43.23125,42.85625,3318.721,0.5821583,-0.00038825563,-7.9833984,-73.28711,-99.42432,93.9255,182.82779,855.5132
43.23125,42.86875,3658.4985,0.2474755,-0.004803213,47.785645,30.250488,188.60059,30.757113,219.55182,932.51
43.23125,42.88125,4014.454,0.78189385,0.0011742827,1.9853516,136.58472,532.5405,88.30062,163.38605,813.0442
43.23125,42.89375,3877.7344,0.70429015,0.0030661677,-33.63965,-30.161865,418.70117,105.46564,182.11809,859.2295
43.23125,42.90625,4010.404,1.1087581,-0.0058625396,45.603027,294.78687,601.8037,116.85889,229.43408,1012.7971
43.23125,42.91875,3532.8298,0.39180505,-0.0042673256,29.718506,25.898926,188.42383,93.07524,236.17155,934.9319
43.23125,42.93125,3079.7388,0.23467888,0.000708097,-14.003174,-226.05518,-183.3833,37.202152,250.8047,1073.7144
43.23125,42.94375,2896.3293,0.44222167,0.0007109257,-11.687988,-185.4375,-280.04834,59.841457,236.87761,1105.1382
43.23125,42.95625,2634.4514,0.2700847,5.7322864e-06,-6.6118164,-264.17432,-404.1621,28.939592,245.67865,1067.0552
43.23125,42.96875,2700.0305,0.70791036,0.0021848273,-16.410889,-171.37207,-172.72046,104.91663,308.3545,1133.584
43.23125,42.98125,3099.8408,0.59104615,-0.0058978284,50.93872,242.0769,388.4939,88.130585,287.1254,1104.9998
43.23125,42.99375,2747.1553,0.5192549,2.5795074e-05,-7.131592,153.97778,186.33838,72.934906,389.41238,1210.1229
43.21875,42.00625,2801.0134,0.46618092,0.0058344803,-46.893066,-28.079102,172.30566,94.97894,251.66148,1109.1411
43.21875,42.01875,3355.2449,0.1278534,-0.007885487,74.88818,322.97852,664.1682,49.658836,203.13297,1109.4685
43.21875,42.03125,2766.996,0.6716393,-0.0013498635,8.922363,-96.42676,7.830078,100.04499,305.80713,1157.7332
43.21875,42.04375,2547.6814,0.5890488,0.0009334477,-15.1953125,-186.91724,-288.7085,73.95607,222.91591,1042.8542
43.21875,42.05625,3187.683,0.89087254,-0.00045840727,4.6047363,199.9209,275.5,128.71674,248.72676,978.603
43.21875,42.06875,3190.696,0.7873002,0.0025592116,-31.10791,31.91748,242.94556,120.12077,239.41805,1139.523
43.21875,42.08125,3024.8716,0.16586727,0.00025449655,-6.734375,-204.54004,91.07593,51.536396,306.44574,1156.4197
43.21875,42.09375,3397.7175,0.9172377,0.0021814795,-10.820068,53.72119,454.47314,118.58752,262.45953,1070.2847
43.21875,42.10625,3304.0906,0.7034249,-0.00062783994,10.747314,42.472656,346.98706,72.835434,213.43617,1032.2014
43.21875,42.11875,2916.986,0.13106297,0.0005812444,-11.147461,-109.599365,-43.534912,29.393877,199.89247,1006.62964
43.21875,42.13125,3167.4353,1.4438587,-0.0010701991,3.5319824,180.3435,240.69702,172.77153,246.09348,1108.4614
43.21875,42.14375,3479.952,0.46196237,-0.0048692045,74.39111,405.9082,597.0149,92.49865,231.78438,1061.508
43.21875,42.15625,3265.6772,0.40863502,0.0006605251,-0.7158203,103.518555,411.24658,75.72978,219.94545,1062.0293
43.21875,42.16875,3312.0742,0.8962203,0.0054611894,-32.295166,155.9336,468.1267,159.27963,252.87546,1149.8899
43.21875,42.18125,3453.4058,0.8125729,-0.0023393715,33.884033,323.52734,598.3645,113.77609,267.12732,1138.251
43.21875,42.19375,3748.65,0.090156615,-0.009940399,116.423584,541.5974,903.99854,90.79648,252.30537,1138.459
43.21875,42.20625,3139.1711,0.4134195,0.0032680496,-36.797607,21.416748,319.14795,72.8011,262.5281,1465.2288
43.21875,42.21875,2882.3354,0.342317,0.0031098141,-25.982178,-39.05835,95.62305,63.40347,246.26814,1127.0903
43.21875,42.23125,2813.1018,0.27300748,0.0026492078,-34.29419,-163.53735,50.039307,38.08543,243.32077,1183.4551
43.21875,42.24375,3033.1294,0.46771267,0.0044995043,-34.23877,-140.20215,282.72095,49.859802,168.9645,782.09375
43.21875,42.25625,3105.06,0.45815912,0.0043986593,-39.964355,-68.499756,354.36206,65.54388,155.7209,740.0332
43.21875,42.26875,2971.6594,0.69302785,-0.00018312465,-9.432617,-74.156006,230.39233,79.7308,204.60939,892.9734
43.21875,42.28125,3036.7573,0.475562,-0.000813676,17.052246,17.070312,315.72974,105.16178,239.11504,892.9734
43.21875,42.29375,3106.4392,0.68129253,-0.0014907247,-13.443848,-40.646484,393.22705,81.04937,217.70622,1079.2744
43.21875,42.30625,3475.6692,0.5437576,-0.0035678076,41.454834,252.98047,742.68774,111.41364,191.53328,935.03687
43.21875,42.31875,3295.3828,0.61036587,0.004383439,-15.833008,189.06079,536.40454,68.67314,239.0753,1103.1584
43.21875,42.33125,3231.7058,0.91151416,-0.0014464867,23.476074,263.48706,438.26465,113.86835,254.31673,1284.7656
43.21875,42.34375,3084.83,0.69838643,-0.00062226265,15.049805,184.3855,263.34692,100.608154,341.10556,1334.7935
43.21875,42.35625,2889.6653,0.58166414,-0.000108453634,-1.1657715,79.64014,74.37866,104.31922,368.95663,1334.7935
43.21875,42.36875,2890.2231,0.7503929,-0.005052267,55.53784,254.44067,58.90454,99.458534,302.2532,1177.9155
43.21875,42.38125,2445.7542,0.9202282,-0.0014890006,3.572754,-109.72046,-424.6294,120.29755,225.56706,839.8806
43.21875,42.39375,2327.8516,0.25581855,0.0017441938,-28.165771,-290.1272,-565.0393,46.09772,223.31367,1065.1267
43.21875,42.40625,2723.5278,0.5494632,0.0029467086,-34.96118,-160.84058,-173.50171,78.36134,315.3823,1304.8608
43.21875,42.41875,3189.4827,0.48126006,0.0031405448,-31.299072,33.203857,273.7234,74.819786,186.53418,1019.3967
43.21875,42.43125,2918.461,0.46225503,0.0027853372,-33.031006,-193.32031,-30.41748,67.36468,269.8296,1165.0168
43.21875,42.44375,3107.6902,0.71122074,-0.002549667,13.722656,35.758545,127.8999,119.858246,285.01053,1175.4502
43.21875,42.45625,3000.081,0.5033866,0.00094585307,-20.140137,-109.03369,-8.187256,78.39643,200.14745,1136.2861
43.21875,42.46875,2870.8496,0.18308723,-0.001537029,5.746582,-152.96436,-151.04468,35.362408,168.77795,731.80273
43.21875,42.48125,2772.4165,0.2147744,0.000807854,-4.8859863,-128.50928,-262.73584,43.606194,213.25102,1048.906
43.21875,42.49375,2705.3193,0.39867467,-0.0033141722,34.986084,-82.57617,-346.0254,71.3197,228.91156,1088.0071
43.21875,42.50625,2631.8247,0.45151174,0.0015200775,-15.453369,-162.27637,-413.9851,46.610085,276.9693,1509.3816
43.21875,42.51875,3283.6665,0.9932907,-0.007517756,74.20337,265.21143,270.427,122.09832,375.2839,1509.3816
43.21875,42.53125,3233.752,0.6968921,0.0001996734,-7.243164,16.794678,266.11206,100.06998,318.57025,1410.9172
43.21875,42.54375,3394.437,0.3647615,-0.004032626,34.69287,154.4248,476.3694,74.49832,240.35806,1140.4604
43.21875,42.55625,3078.6252,0.36334357,0.0040945173,-39.233887,-113.18506,204.34082,66.910385,208.69835,1081.6677
43.21875,42.56875,3149.9214,0.5142281,0.0029281257,-15.698486,78.64746,298.12573,52.754147,183.44481,947.0598
43.21875,42.58125,2875.8796,0.3919911,0.00063842954,-9.727783,29.524658,56.548096,56.488937,220.41551,1000.6162
43.21875,42.59375,2454.2473,0.9438287,-0.00015252315,-5.154297,-141.37524,-294.0205,87.79522,173.60443,767.0112
43.21875,42.60625,2738.3362,0.4321808,0.0016727716,-11.580811,-2.9155273,68.87305,63.15457,285.2376,1115.1938
43.21875,42.61875,3233.218,0.81158674,0.00031632636,-1.3151855,166.92139,591.73535,81.76797,184.42613,795.9292
43.21875,42.63125,3155.332,0.705655,-9.234332e-05,-0.37353516,180.47583,504.36816,72.718636,272.70496,1228.6279
43.21875,42.64375,2617.6846,0.7168285,-0.0022342263,20.083008,112.42285,-63.068604,104.45094,349.7342,1345.7985
43.21875,42.65625,2144.8872,0.61720127,-0.00019911256,-8.316406,-161.20605,-589.5752,89.21323,269.1245,1282.7706
43.21875,42.66875,2421.6145,0.89072514,-0.0039226958,23.66919,-10.003906,-363.6521,135.23314,319.96094,1335.6976
43.21875,42.68125,2226.8489,0.29094043,0.0003136486,-13.692383,-276.01147,-607.42847,72.55343,272.84976,1249.1636
43.21875,42.69375,2254.6997,0.16406779,0.0012649337,-27.750488,-317.23706,-671.01,39.484173,238.15227,1037.4192
43.21875,42.70625,2530.4678,0.6749213,-0.0022507214,8.3828125,-167.76855,-518.9529,120.919395,271.56766,1085.0647
43.21875,42.71875,2821.453,0.7462441,-0.0026311195,18.977783,-18.628418,-300.62695,127.20063,297.36426,1182.4436
43.21875,42.73125,3124.9695,0.52010745,-0.004944448,53.18164,112.011475,-25.503418,75.98026,329.28558,1273.8015
43.21875,42.74375,3276.8987,0.30571234,-0.0032766892,23.520508,55.64624,123.014404,62.01613,319.72333,1196.771
43.21875,42.75625,3493.9883,0.20516634,-0.0052142465,46.208496,135.86523,369.30542,55.19058,224.98222,1134.8198
43.21875,42.76875,3604.905,1.0155244,0.0018557883,-9.930176,244.14722,510.37207,96.3068,210.28314,1061.2244
43.21875,42.78125,3149.8357,0.9587668,0.0045859274,-41.508545,-28.126465,46.879395,128.12885,266.6777,1218.9285
43.21875,42.79375,3006.5984,0.37823722,-0.009645227,72.25708,229.7041,-123.70874,75.193085,296.28113,1131.2136
43.21875,42.80625,2354.3738,0.04837838,0.00031965206,-6.421875,-221.71411,-806.5,14.089003,195.82773,775.89795
43.21875,42.81875,2881.5134,0.5746456,0.0016202383,-26.114014,23.023438,-337.90845,65.03845,340.05145,1418.147
43.21875,42.83125,3272.1333,0.46680596,-0.00072892464,7.6467285,27.56543,-17.450684,59.067757,271.06458,1300.5049
43.21875,42.84375,3486.6887,0.62342745,-0.0040619993,31.443848,68.71362,122.38721,98.29038,284.1936,1180.4314
43.21875,42.85625,3446.8472,0.6285507,3.2129603e-05,-2.190918,-45.752197,8.884766,109.01835,268.82336,1083.3904
43.21875,42.86875,3426.5159,0.4991305,0.0038298958,-32.181152,-190.6394,-55.24463,70.15697,223.71634,939.40845
43.21875,42.88125,3979.3477,0.69346374,-0.0030815946,26.159668,179.79663,498.6189,72.910904,179.4993,764.4236
43.21875,42.89375,3915.4888,0.668206,-0.0028806229,29.75293,151.79785,469.31226,96.71091,221.32555,1010.0354
43.21875,42.90625,3543.2122,0.25441834,-0.0013887839,21.022705,-7.609375,156.19873,50.18964,254.68608,1152.9241
43.21875,42.91875,3573.347,0.99225146,0.0019942715,-17.896484,103.6687,260.65112,115.628716,254.30887,1044.0039
43.21875,42.93125,3706.4312,0.47724107,-0.00271074,38.04077,325.80664,485.31396,80.61638,234.57408,1108.5579
43.21875,42.94375,3514.0671,0.073915295,-0.0065381904,61.42041,325.48853,383.22974,64.27286,234.99149,1104.5701
43.21875,42.95625,3078.68,0.2491274,0.00054667046,-17.697754,153.97388,81.06372,51.643005,271.8014,1249.0305
43.21875,42.96875,2627.0964,1.0934622,-0.0019126881,2.8789062,-17.310547,-211.11963,133.4335,245.51884,1079.4937
43.21875,42.98125,2492.5286,0.4824656,0.00015319782,-0.5476074,-9.075928,-195.00293,69.45142,235.86224,1065.8601
43.21875,42.99375,2388.7922,0.49613184,0.0068835774,-64.186035,38.30493,-161.62622,60.774174,297.5475,1055.3373
43.20625,42.00625,2340.5168,0.486852,0.0036876714,-42.2041,-267.9712,-321.02295,103.59296,317.18448,1236.573
43.20625,42.01875,2920.072,0.69889426,0.0038553344,-48.65747,18.225098,212.18994,123.219315,334.5833,1265.1536
43.20625,42.03125,3199.5532,0.56782395,0.0030719182,-27.716553,146.48413,437.57056,114.76498,250.36774,1041.4094
43.20625,42.04375,2828.5964,0.6115017,0.0011808565,-6.260498,-102.6189,0.9477539,95.64518,252.74889,1041.4094
43.20625,42.05625,2839.7026,0.30247736,6.981013e-05,-4.1730957,-150.4209,-49.059326,30.166206,230.94588,978.603
43.20625,42.06875,3326.104,1.0052279,0.0034879828,-19.005127,72.9563,415.15796,125.371445,239.802,1108.8689
43.20625,42.08125,3885.427,0.4889818,-0.0059223664,70.698,496.69287,992.4824,74.70609,269.6572,1187.2703
43.20625,42.09375,3654.9805,0.17695926,-0.00022335496,5.529785,287.04614,742.23804,29.240383,305.14258,1250.3474
43.20625,42.10625,3252.145,0.39487725,0.0002885772,-6.82666,88.91699,315.56152,64.93073,319.63885,1330.8611
43.20625,42.11875,3029.7708,0.5565554,-0.0011272804,15.746582,41.793457,77.774414,118.71394,196.86798,874.29175
43.20625,42.13125,3032.743,0.5143786,0.0034227662,-24.487793,-29.920898,95.0542,48.8467,198.28262,1096.7307
43.20625,42.14375,2810.425,0.2921474,0.0028633198,-36.47046,-225.14038,-94.937256,46.733284,226.51932,968.8157
43.20625,42.15625,2743.3347,0.38506144,0.00227474,-25.622559,-141.53247,-141.27856,75.53807,226.53256,1074.0386
43.20625,42.16875,2845.4023,0.7595332,-0.0027761175,15.82251,23.745361,-24.639404,121.80312,320.15308,1305.8176
43.20625,42.18125,2737.8137,0.46011296,-0.00084233785,5.384033,-59.093018,-127.505615,78.39324,403.95978,1561.3386
43.20625,42.19375,2769.7878,0.6230189,0.0016586259,-21.95459,-84.51123,-71.40283,100.64045,401.2412,1574.4612
43.20625,42.20625,2784.9365,0.4635609,0.0010313792,-5.883789,17.753174,-27.119385,69.19537,368.06927,1690.5535
43.20625,42.21875,2296.5437,0.5098763,0.0046760864,-33.156494,-305.21484,-474.88208,79.047455,266.22076,1246.7373
43.20625,42.23125,2815.5994,0.8282847,9.608847e-05,-3.5310059,43.125977,87.79175,111.083305,290.50128,1276.6135
43.20625,42.24375,2973.1716,0.6497432,0.0018640348,-23.821533,-3.9475098,271.40308,101.57755,210.35446,975.8176
43.20625,42.25625,2981.3684,0.5761951,-0.00091336586,18.223633,25.226807,284.2566,82.2557,254.61343,1016.66406
43.20625,42.26875,3113.0059,0.68046767,0.0019045499,-3.9221191,152.42554,419.91016,98.747154,282.08865,1126.2397
43.20625,42.28125,3094.477,0.5711118,0.0011943573,-6.8242188,114.7334,407.08423,95.73401,300.01834,1126.2397
43.20625,42.29375,3146.2625,0.5489583,0.00028193442,-2.1782227,172.03027,470.44385,104.19213,298.9331,1166.581
43.20625,42.30625,2900.5022,1.0853419,-0.0010764338,2.0842285,-37.049316,212.18433,111.12605,280.2249,1225.4124
43.20625,42.31875,2793.729,0.7703356,-0.0049698004,51.786133,-13.5625,73.13989,122.9878,309.98468,1564.5187
43.20625,42.33125,2529.8096,0.72290653,-0.0022066943,1.7297363,-56.236816,-236.53442,124.31211,371.46466,1439.9299
43.20625,42.34375,2156.4304,0.434859,0.0038937228,-36.7334,-312.65503,-642.8523,86.65449,318.07153,1270.1912
43.20625,42.35625,2133.7637,0.18166196,0.0015320352,-30.51416,-348.92065,-650.3198,37.489998,248.91063,1013.85767
43.20625,42.36875,2160.828,0.20121296,0.0031774836,-42.460693,-320.24683,-620.9602,58.489315,224.15396,835.9397
43.20625,42.38125,2435.3354,0.48033676,0.00195757,-19.389404,-98.52905,-373.3567,81.700676,219.84085,814.6218
43.20625,42.39375,2733.3027,0.3400349,-0.0018405013,15.044434,0.8833008,-106.12891,44.57578,254.94705,1065.1267
43.20625,42.40625,3275.6414,0.39032853,-0.0054745846,56.384033,240.40479,418.8191,90.680756,257.51505,1304.8608
43.20625,42.41875,3579.9827,0.8633537,-0.008661639,90.62305,440.4148,694.8218,83.57631,204.89265,1055.2781
43.20625,42.43125,2863.7812,0.5076909,0.0013385593,-11.810547,-0.9135742,-69.226074,76.393715,305.4472,1304.31
43.20625,42.44375,2507.7278,0.5578515,0.0016082721,-19.11084,-226.72339,-473.74683,81.400246,229.36652,1055.009
43.20625,42.45625,2944.9102,0.4937021,-0.00038340376,-3.1101074,-13.221191,-92.93335,77.03246,238.55397,1022.78345
43.20625,42.46875,3312.6868,0.4111731,0.00043242352,1.2312012,164.1648,223.30835,64.83055,209.91188,886.2405
43.20625,42.48125,3441.764,1.2902725,0.0014626981,28.133545,179.22852,317.89697,172.83517,348.03162,1509.6792
43.20625,42.49375,3386.7517,1.1249089,0.0038439762,-35.196777,46.912354,240.67432,202.05692,492.96146,1607.502
43.20625,42.50625,3314.4814,0.99726963,-0.0043893643,3.7416992,-151.31177,175.81543,201.41748,587.39087,1787.885
43.20625,42.51875,3823.2085,0.36938328,-0.008532433,77.38623,257.32642,727.63403,119.79149,460.36832,1787.885
43.20625,42.53125,3324.0933,0.87803864,0.0015120673,-22.757324,-122.80176,282.6079,131.09157,271.26187,1399.6494
43.20625,42.54375,3246.2148,0.82468164,0.0026480912,-7.906494,6.4345703,259.26514,145.96918,233.553,937.6018
43.20625,42.55625,3197.747,0.53096133,0.0024874923,-20.938965,56.65576,250.7439,99.43842,236.565,984.63086
43.20625,42.56875,3160.2144,0.38384345,0.00023958531,-2.3833008,164.10474,236.98755,70.04998,245.42004,1048.3345
43.20625,42.58125,2816.2114,0.5554171,0.0006867884,2.442627,86.48633,-80.43994,65.905235,227.66643,871.0215
43.20625,42.59375,2408.0605,0.027714074,0.00032311323,-9.479736,-211.3689,-428.40894,13.7659,159.00314,682.3291
43.20625,42.60625,2784.7048,0.46254405,0.0013903698,-11.779053,-56.582764,12.657959,51.492718,251.35234,967.08716
43.20625,42.61875,3237.1487,0.57487434,0.002655068,-15.462402,79.31323,467.72778,81.61495,176.01137,749.8323
43.20625,42.63125,3069.0034,0.6629477,0.00018115311,-11.752441,16.737549,270.2163,85.8254,289.3147,1081.2065
43.20625,42.64375,2479.8987,0.689719,-7.282584e-05,3.1469727,-90.78003,-355.0901,98.201324,308.55066,1201.0422
43.20625,42.65625,2458.7402,0.91255164,-0.0023130984,13.277832,-64.365234,-422.96802,125.91267,277.8498,1223.5342
43.20625,42.66875,3165.483,0.80951434,-0.00023097932,7.0878906,345.98193,245.54077,86.95976,294.51825,1258.9739
43.20625,42.68125,2750.5408,0.39634904,-0.00020988163,-8.761719,-89.81543,-197.65845,70.10706,312.63397,1191.9834
43.20625,42.69375,2863.8237,0.5805014,0.005493682,-45.135254,80.53735,-161.52686,98.68637,332.665,1313.0403
43.20625,42.70625,2777.7976,0.8657249,0.00090811314,3.7766113,-57.554688,-351.6704,132.3178,373.37448,1438.75
43.20625,42.71875,2598.0818,0.86663276,0.0060154097,-51.023438,-185.56445,-582.46924,128.6876,292.84808,1327.8674
43.20625,42.73125,2653.3657,0.2331439,-0.000786413,5.668213,-129.11548,-537.8833,35.376545,170.46848,807.2168
43.20625,42.74375,2662.6138,0.07132303,0.002593012,-45.854492,-282.50317,-523.395,55.946404,212.22629,893.3257
43.20625,42.75625,3000.4932,0.6971379,-6.9682864e-07,-7.651123,-147.03247,-150.17896,81.68231,214.49243,985.37744
43.20625,42.76875,3412.0056,0.5120979,0.0007483862,-12.692139,62.301758,295.19922,76.22336,187.12563,880.34106
43.20625,42.78125,3315.0215,0.8536125,0.00090464693,-9.549561,21.987305,193.45874,117.31581,225.63023,1021.468
43.20625,42.79375,2870.9668,0.49565,0.0010442318,-14.16748,-46.75879,-265.94092,82.59237,285.88458,1303.6736
43.20625,42.80625,2463.5847,0.31165457,0.0021847053,-18.074951,-223.38086,-696.9043,48.897854,185.40227,769.0344
43.20625,42.81875,2969.0098,0.67787856,-0.0005133848,6.2089844,74.56055,-247.0669,101.91173,315.2943,1392.1814
43.20625,42.83125,3660.81,0.6287449,-0.0038113238,42.943848,393.14014,376.63745,94.15944,279.15048,1147.7759
43.20625,42.84375,3634.7136,0.6479238,-0.00030771832,2.3344727,158.62451,279.4248,89.28046,253.6198,1184.1421
43.20625,42.85625,3752.4307,0.41263643,-0.0047956044,30.64087,111.89746,328.32983,101.61693,261.6792,1192.7029
43.20625,42.86875,3990.7324,1.1099328,0.0030487464,6.5861816,268.6101,530.33813,152.05591,199.15321,992.5261
43.20625,42.88125,3557.6,0.38373083,0.0012259434,-6.3149414,-124.04785,98.29443,41.916584,221.93242,1141.8037
43.20625,42.89375,3805.9824,0.48570284,-0.0067924713,75.3208,258.06396,370.6538,75.630684,262.981,1141.8037
43.20625,42.90625,3189.2588,0.4977875,0.0005322087,-3.5043945,-116.21216,-198.64697,63.142696,231.28337,1094.54
43.20625,42.91875,3014.2803,0.20570591,-0.0009499973,-4.254883,-134.54907,-302.09546,62.825153,273.91238,1384.7349
43.20625,42.93125,3232.379,0.8265845,-0.00037679743,14.00415,181.07007,12.684814,104.541855,384.20178,1438.2065
43.20625,42.94375,2839.7393,0.38791224,0.0041233064,-39.90625,-69.10693,-282.6748,75.62737,406.97665,1425.1404
43.20625,42.95625,2704.1462,0.581924,0.0027886778,-9.597656,-25.375977,-282.17993,123.32883,364.8068,1435.008
43.20625,42.96875,2302.1333,0.5958888,0.002103718,-21.940674,-188.45605,-530.3672,102.2888,284.3264,1081.1982
43.20625,42.98125,2087.5352,0.07864753,0.0006195438,-14.269531,-256.90674,-599.5925,19.49359,196.4561,817.19727
43.20625,42.99375,2062.631,0.12617138,0.0014269557,-22.771484,-183.94312,-485.8894,33.749073,215.44373,802.3136
43.19375,42.00625,2386.1255,0.88484555,0.0016377752,-18.737305,-116.80664,-324.6294,121.311584,211.39655,859.0281
43.19375,42.01875,2597.047,0.83983934,0.0011074006,-14.053223,-143.0835,-136.66675,113.89688,294.09183,1213.4834
43.19375,42.03125,3201.31,0.63665533,-0.0028827921,41.262207,104.61304,434.729,85.28188,235.76471,1057.3486
43.19375,42.04375,3159.8105,0.44910258,0.00075716764,-14.291016,-9.930664,343.26782,63.36403,185.40497,816.0281
43.19375,42.05625,3249.2163,0.73845875,-0.0027507737,53.044678,191.05737,382.96216,74.518456,176.67201,799.1262
43.19375,42.06875,3352.1921,0.86489016,-0.0059760315,36.42798,242.70703,470.28735,99.56907,246.57048,1238.3689
43.19375,42.08125,2881.3079,0.7388906,0.0017302873,-16.853271,-193.0835,17.51538,108.83014,377.69434,1673.1765
43.19375,42.09375,2729.7566,0.32518795,0.005820583,-47.431396,-149.44092,-151.23755,78.1409,436.09805,1677.4092
43.19375,42.10625,2651.9763,0.7819015,-7.036936e-05,-7.0651855,-75.17139,-248.14648,137.42453,362.96762,1430.0659
43.19375,42.11875,2485.103,0.6078889,0.0025180934,-20.421875,-237.52979,-430.11914,78.70197,232.76491,974.26514
43.19375,42.13125,3093.865,0.8923059,-0.00055224705,19.898193,151.90015,180.88647,104.9619,241.282,974.1548
43.19375,42.14375,3127.754,0.44692022,-0.0019648098,16.298584,96.26099,236.49683,69.52697,190.11313,763.35156
43.19375,42.15625,2793.532,0.28079507,0.00067871204,-10.2229,-48.593018,-73.29077,56.934174,217.80266,925.0835
43.19375,42.16875,2536.759,0.7337131,-0.000428043,-2.8894043,-102.231445,-300.5869,93.12089,195.01025,933.7329
43.19375,42.18125,2318.8767,0.63393897,0.0007390842,-13.138672,-192.72412,-490.47754,91.76873,181.03038,807.8711
43.19375,42.19375,2239.4182,0.63795066,0.0013904086,-23.3479,-226.95264,-534.1975,79.24329,208.54855,876.5388
43.19375,42.20625,2308.3364,0.811285,-0.00082993455,5.032959,-63.42163,-426.28662,137.06203,228.40643,907.6378
43.19375,42.21875,2087.658,0.5561395,0.0010851802,-11.106934,-203.06177,-598.45215,83.692894,227.82559,941.6605
43.19375,42.23125,2508.6228,0.9018081,-0.0009799871,21.39795,109.11035,-123.74634,159.28905,376.6789,1259.6229
43.19375,42.24375,2582.1492,1.0349678,0.0037623723,-23.514404,104.22534,-18.682129,163.08127,411.34656,1345.541
43.19375,42.25625,2476.2087,0.6046902,-0.005662986,47.17456,66.763916,-123.833984,111.48991,396.05493,1401.983
43.19375,42.26875,2406.4902,0.730551,-0.0032187474,29.55249,27.220459,-204.5044,118.61914,432.07755,1567.1188
43.19375,42.28125,2327.4338,0.5769882,0.0044733174,-32.396973,-56.906982,-299.52173,103.33441,438.7522,1567.1188
43.19375,42.29375,2373.057,0.4871406,-0.00090237503,3.3964844,-24.632324,-250.31616,87.77243,419.8208,1525.3116
43.19375,42.30625,2567.985,0.6170384,-0.0039432896,28.770508,165.61621,-83.57324,123.35315,388.4218,1404.7039
43.19375,42.31875,2460.2139,1.0469683,0.0003876009,-4.0341797,139.79077,-242.96753,151.61794,327.71252,1088.5312
43.19375,42.33125,1969.9818,0.20957798,0.001447018,-23.937012,-257.87292,-784.8734,47.644516,224.2532,952.042
43.19375,42.34375,2456.2961,0.8449484,-0.0016844055,30.510254,62.6438,-321.66333,113.5033,294.96524,1168.3988
43.19375,42.35625,2862.867,0.4747739,-0.007074822,44.458008,208.14941,117.4939,70.41307,325.85196,1329.833
43.19375,42.36875,2735.5952,0.6183626,0.003548372,-31.446777,-46.272705,9.231445,78.15689,322.581,1283.6384
43.19375,42.38125,2866.6248,0.7470305,0.0006247,5.119629,43.480713,130.44849,100.55347,232.39836,1231.52
43.19375,42.39375,2969.5706,0.21480782,-0.00077888026,-5.258301,127.09033,208.55786,51.127293,201.95297,1113.7563
43.19375,42.40625,3039.8774,0.8490875,0.0025203028,-17.134766,195.09448,257.08984,131.65105,356.64618,1570.1118
43.19375,42.41875,2810.7988,0.88310874,-0.0015554205,10.430908,65.002686,-6.153076,89.82483,428.75458,1570.1118
43.19375,42.43125,2569.5698,1.057821,-0.0030447706,27.91919,16.333252,-303.56152,160.242,329.40933,1483.8613
43.19375,42.44375,2586.6062,0.37350684,-0.0033247764,32.888184,8.152588,-351.18335,83.03915,220.8427,972.75684
43.19375,42.45625,2991.3254,0.6856891,-0.0005454648,23.142334,79.45679,-30.10669,105.95754,261.33502,1100.3503
43.19375,42.46875,3173.2673,0.27449137,0.00016990343,-16.04712,-83.89307,72.30469,44.294468,195.22807,892.5542
43.19375,42.48125,3617.5042,0.28210282,-0.0035442195,40.91284,97.467285,458.29272,71.59609,176.8276,984.1338
43.19375,42.49375,3777.9807,0.54694366,0.0034973104,-24.258057,69.69238,575.0464,62.12085,187.33926,937.6301
43.19375,42.50625,3943.2236,0.6504944,0.0049138716,-36.61963,68.48657,737.4861,88.09086,259.66516,1122.8372
43.19375,42.51875,4345.6797,0.433207,-0.003565395,51.21875,448.68457,1179.3887,73.9324,301.31876,1255.7083
43.19375,42.53125,3771.007,1.2685256,-0.0010590947,19.813965,165.21362,646.39307,173.77284,381.90704,1437.185
43.19375,42.54375,3098.3386,0.5793235,0.0013569524,-15.537842,-132.87988,13.952637,106.0,290.27917,1260.4348
43.19375,42.55625,2844.9387,0.27205697,0.0010559361,-18.523193,-174.8335,-216.10083,40.00625,172.83517,861.48315
43.19375,42.56875,2706.2258,0.16297963,-0.0003768777,1.7905273,-152.07617,-341.7317,29.197603,185.86958,800.1692
43.19375,42.58125,2590.0862,0.58455265,-0.0012667386,2.869629,-158.59302,-436.76123,76.14788,217.08409,971.75244
43.19375,42.59375,2635.6743,0.39767727,0.0011962288,-21.032959,-199.5752,-345.4397,76.70398,287.94183,1174.9229
43.19375,42.60625,3014.5632,0.38075548,0.002615646,-14.180664,-29.608154,85.80444,42.41462,263.509,1174.9229
43.19375,42.61875,3250.7112,0.53747886,0.0037446744,-46.75122,70.34473,314.78125,88.07383,188.76706,811.53345
43.19375,42.63125,3247.8203,0.9011021,-0.0028570779,33.82129,280.13086,279.32178,95.09469,311.7531,1079.6604
43.19375,42.64375,2408.508,0.21503296,0.0029551056,-19.864746,-213.19385,-587.23706,48.754486,247.83664,1043.0962
43.19375,42.65625,2552.5632,0.6990691,0.0011937584,-24.60205,-146.9226,-466.4817,82.30431,294.221,1189.8276
43.19375,42.66875,2871.6416,0.19344708,0.0007782622,-22.229736,-185.3457,-157.20752,50.601383,245.62166,1080.9111
43.19375,42.68125,3122.3164,1.0119463,0.0060210032,-50.944824,-46.06787,90.58472,136.9489,202.84723,972.02563
43.19375,42.69375,3179.8774,0.48895094,-0.00037996497,11.095703,-49.24463,105.085205,71.5891,278.4421,1271.4468
43.19375,42.70625,3539.8892,0.723887,0.007254873,-58.94165,211.35986,395.87622,126.87789,304.14307,1451.8379
43.19375,42.71875,3002.8135,0.12578456,0.0026677446,-23.21045,-170.5498,-165.91089,46.11941,379.63666,1473.81
43.19375,42.73125,2854.3254,0.40707377,-0.0034920522,20.214111,-177.4729,-310.24634,56.762665,321.46228,1306.0339
43.19375,42.74375,3142.8516,0.5085259,0.00088688516,-22.098633,6.0717773,-14.331055,110.67972,322.6577,1166.4722
43.19375,42.75625,3158.4912,0.23298009,-0.0002615926,4.357666,-84.86084,36.201904,57.77543,267.27325,1153.0767
43.19375,42.76875,3362.566,0.38780972,0.004027832,-36.43091,-35.621582,276.01,62.88879,197.41833,871.81494
43.19375,42.78125,3388.5522,0.8198278,0.0016878453,-23.068115,-99.87427,301.46362,99.53391,228.16661,1122.6125
43.19375,42.79375,3121.1372,1.004135,0.005854461,-57.635254,-128.47192,20.221436,146.50597,366.57877,1529.9946
43.19375,42.80625,2983.3262,0.2288157,-0.0045666588,35.027344,30.657959,-144.7976,46.572525,291.71732,1461.9768
43.19375,42.81875,2723.6653,0.2191108,0.0020834068,-24.619385,-224.82788,-462.70215,44.090816,242.87033,1207.4431
43.19375,42.83125,2844.7034,0.28588066,0.0013259697,-14.1779785,-280.27344,-405.53833,44.079475,231.38712,964.95703
43.19375,42.84375,3063.551,0.19489668,0.0003794524,-13.924316,-215.41626,-251.05322,28.495613,205.67207,930.9946
43.19375,42.85625,3263.697,0.3123991,0.0027933063,-37.888184,-258.28027,-113.29932,71.91662,272.4298,1201.5474
43.19375,42.86875,3711.473,0.7038369,0.0032346672,-9.450928,41.69702,294.82568,109.86355,225.38634,1095.3301
43.19375,42.88125,3569.61,0.6032209,0.0017146156,-22.049316,84.62378,142.71509,120.024994,266.06015,1167.8408
43.19375,42.89375,3047.9058,0.21217793,0.0034863355,-33.2041,-185.4226,-368.00464,32.233524,257.04086,1196.5061
43.19375,42.90625,3249.2834,0.894997,0.0048376815,-21.746338,217.36914,-130.323,118.83182,292.64996,1346.1775
43.19375,42.91875,2839.2363,0.7054581,-0.0018147235,14.126465,35.0896,-472.75073,111.19128,268.1287,1120.7517
43.19375,42.93125,2375.6853,0.085939966,0.001345553,-21.901855,-318.74585,-839.99365,30.033316,240.19472,986.7969
43.19375,42.94375,2414.9956,0.69107515,6.3579544e-05,-15.345215,-268.33545,-695.5659,102.14451,251.91566,1022.2263
43.19375,42.95625,2623.3713,0.50265527,-0.001984997,28.499512,-55.084473,-352.54004,96.44688,312.7635,1366.1729
43.19375,42.96875,2653.87,0.81842357,-2.0599198e-05,5.699463,46.703613,-171.00732,137.07845,347.6068,1399.3086
43.19375,42.98125,2426.5708,0.14760841,0.0012742663,-18.059082,-129.28687,-251.09644,29.966648,316.28705,1238.6929
43.19375,42.99375,2842.149,0.4498544,-0.0065276013,39.865967,392.73242,309.5415,91.424835,380.07828,1145.2367
43.18125,42.00625,2868.3665,1.0098622,0.0016950904,-5.821533,164.53687,145.1836,74.5151,197.79788,889.4265
43.18125,42.01875,2777.4875,0.51743895,0.0010330016,-7.13208,-86.92847,46.46411,100.26964,236.621,1008.1521
43.18125,42.03125,3092.9795,0.4264941,-0.00026495682,-1.6794434,64.038086,341.83594,71.5891,216.51328,980.2251
43.18125,42.04375,3181.7844,0.48226073,-0.004008056,19.807617,130.80762,397.91162,75.61085,247.84673,1007.6321
43.18125,42.05625,2999.293,0.46925813,-0.0010838904,24.79004,101.75537,178.02222,66.48308,279.0896,1146.4854
43.18125,42.06875,2741.0579,0.6057429,0.0010278521,6.4470215,6.6972656,-103.468506,120.13118,301.21835,1262.1279
43.18125,42.08125,2678.658,0.8225879,-0.00068323646,22.753662,95.85571,-160.34033,114.06796,300.3756,1262.1279
43.18125,42.09375,2243.8503,0.3872791,0.0031711105,-24.664062,-248.01758,-608.3777,54.194096,192.04947,787.69653
43.18125,42.10625,2591.9192,0.4221269,0.0011136614,-4.7578125,14.374023,-276.21997,73.535706,221.80058,889.4319
43.18125,42.11875,2663.0864,0.2585531,0.0018104922,-16.404541,-19.176514,-210.47192,51.744564,181.2457,817.64355
43.18125,42.13125,2743.2014,0.7729911,0.0010573466,-7.8063965,-134.17993,-120.68286,90.54005,225.68895,974.1548
43.18125,42.14375,3146.3738,0.73883104,0.0006885668,1.9980469,62.2959,308.1084,73.26664,142.99301,643.166
43.18125,42.15625,3008.9956,0.40868518,0.0019733743,-19.381348,12.783447,207.0603,57.835976,190.43372,838.95483
43.18125,42.16875,2663.0435,0.29140276,0.001320874,-6.180664,-189.96533,-80.47388,56.364883,225.88824,1010.87476
43.18125,42.18125,2944.9988,0.5560904,-0.0024215204,15.50293,216.2461,263.5547,73.7021,273.5608,1155.7891
43.18125,42.19375,2477.988,0.74624926,-0.0001269608,6.407715,-61.941162,-149.90308,90.65318,249.2589,1109.4065
43.18125,42.20625,2599.4802,0.50636643,-0.0014476327,28.185791,181.99512,20.205566,100.59821,243.49127,970.5299
43.18125,42.21875,2345.6958,0.37177432,-0.001042865,1.8244629,11.925293,-183.72314,81.08329,255.67754,986.0802
43.18125,42.23125,2072.8574,0.34255585,0.0013033968,-10.023193,-193.4143,-402.44922,66.42289,233.43094,819.05383
43.18125,42.24375,2016.217,0.60951215,0.0011021816,-6.9991455,-236.50317,-436.3025,85.71756,243.37419,880.07666
43.18125,42.25625,2056.2546,0.5134204,-0.0008368661,13.255615,-137.0039,-407.91284,106.5528,231.61282,903.6034
43.18125,42.26875,1993.5199,0.7870425,-0.0020446621,21.905273,-30.89917,-504.71863,117.283844,236.57715,1013.24097
43.18125,42.28125,1675.3937,0.18528348,0.0030987123,-35.44397,-289.41467,-875.62585,44.280357,212.4294,877.147
43.18125,42.29375,1767.3431,0.34459338,0.0049297092,-57.539673,-315.79163,-809.0116,66.10597,231.86418,963.296
43.18125,42.30625,1975.3794,0.51675445,-0.0018950629,16.975098,-186.8689,-650.7163,94.692924,217.77167,850.14526
43.18125,42.31875,2028.2649,0.605229,-0.00061142456,1.715332,-178.68164,-663.4407,106.38021,241.84085,983.9243
43.18125,42.33125,2185.8035,0.5307873,-0.0023254247,13.236084,-95.42212,-562.9866,74.08441,229.55174,953.7883
43.18125,42.34375,2685.5588,1.1202486,0.00256333,1.6066895,107.77759,-76.82788,117.87069,308.37314,1277.836
43.18125,42.35625,3115.6885,0.8045771,0.00037634862,-13.681152,150.7815,397.7837,97.867256,218.68471,969.1267
43.18125,42.36875,3392.348,0.47286677,-0.004065247,61.70923,315.24902,701.4773,64.03905,159.12573,730.81714
43.18125,42.38125,2987.0479,0.6231717,0.0057101385,-76.07788,44.33618,304.11133,91.10434,190.54396,1012.1653
43.18125,42.39375,2603.1516,0.41449746,0.0030364925,-34.627197,-84.36548,-91.06152,74.92997,302.56653,1352.1873
43.18125,42.40625,2161.885,0.7520995,0.0013287651,-27.373535,-264.8982,-553.5371,109.69731,334.58707,1352.1873
43.18125,42.41875,2147.5327,0.5875695,0.003939893,-42.71997,-248.9939,-610.48535,93.755,294.3085,1192.7949
43.18125,42.43125,2474.9065,0.7441279,0.0006163833,2.3493652,-24.34961,-346.57007,106.266174,245.46283,1095.904
43.18125,42.44375,2338.1384,0.21171157,0.0029679579,-41.250244,-300.56787,-557.50464,52.64504,246.85623,1043.8
43.18125,42.45625,2810.592,0.83933514,0.0005612942,-23.299316,-143.63867,-182.11475,87.92326,252.24591,1096.0171
43.18125,42.46875,3242.6243,0.1853386,0.00057093956,-3.522705,-40.54419,157.80444,28.879059,181.95604,922.6521
43.18125,42.48125,3470.0232,0.14737844,-0.0005524225,5.7785645,7.303711,316.3645,29.291637,131.50285,604.7134
43.18125,42.49375,3462.954,0.097506285,0.0016081046,-14.196045,-78.76636,260.229,34.102787,154.13306,685.38135
43.18125,42.50625,3649.3987,0.6775334,-0.0023768696,22.145996,29.52246,444.94092,56.97368,232.33167,1094.115
43.18125,42.51875,3569.321,0.47919562,0.0023037212,-27.813965,-119.430176,406.8745,89.33085,315.0254,1169.669
43.18125,42.53125,3794.3828,0.7529569,-0.0055266605,41.438477,189.56982,669.4829,110.2225,317.83643,1284.8767
43.18125,42.54375,3553.9995,0.64365405,-0.002237254,36.319336,166.20679,457.27905,95.17878,243.18512,1248.9014
43.18125,42.55625,3176.0654,0.34361297,0.00085023744,-16.533447,3.3845215,89.35083,51.13707,198.15903,995.8833
43.18125,42.56875,2980.6934,0.26174083,0.000115001494,-2.1171875,-45.358887,-97.4209,45.022217,231.60742,982.9883
43.18125,42.58125,2954.849,0.7830405,0.0016587585,-22.452148,-131.32544,-104.33301,96.06248,321.77478,1271.956
43.18125,42.59375,3318.0234,0.5953247,0.0029508243,-20.867432,34.925537,285.1897,118.70552,331.81622,1227.4534
43.18125,42.60625,3474.1653,0.5278266,0.0033920768,-29.483643,144.56348,469.43164,93.67497,254.90782,1181.8652
43.18125,42.61875,2928.8594,0.37091503,0.0018613113,-25.41748,-230.08496,-102.27124,53.31979,239.6727,1025.0015
43.18125,42.63125,2676.635,0.6114598,-0.00084918225,-6.10791,-172.18335,-400.90576,82.32253,262.41855,1135.0044
43.18125,42.64375,2603.2566,0.35016128,0.0012048804,-16.702148,-154.16528,-500.74146,70.245995,248.04839,1148.7944
43.18125,42.65625,3040.8953,0.97526413,8.282682e-05,-8.883789,10.609619,-69.37158,105.39924,364.05768,1550.1841
43.18125,42.66875,3392.925,0.9806292,0.0028738764,-23.190918,28.253174,292.43042,157.96202,331.388,1476.6667
43.18125,42.68125,3539.6514,0.40230456,-0.00086062076,1.5292969,18.8833,450.9314,62.94442,319.08463,1338.9521
43.18125,42.69375,3464.4028,0.3916721,0.003568154,-19.870117,-113.47949,359.0559,92.32551,283.65118,1195.3577
43.18125,42.70625,3981.205,0.9376951,-0.0059253615,46.457764,332.04126,835.1311,124.95599,270.16663,1212.9238
43.18125,42.71875,3747.0327,1.0525535,0.0012734897,-0.80126953,188.18335,609.6819,166.5683,346.7809,1429.46
43.18125,42.73125,3809.2983,0.28676066,-0.005573173,80.0459,355.71802,697.3965,106.65365,311.445,1208.262
43.18125,42.74375,3699.6094,0.2253093,-0.008036392,44.61499,179.69165,593.25,72.41547,242.64377,1140.2139
43.18125,42.75625,3512.368,0.2341002,-0.0019751755,20.240967,60.11035,422.2881,47.201694,187.0294,892.08984
43.18125,42.76875,3380.1624,0.68606526,-0.0014587985,2.6625977,1.2165527,304.1189,103.04368,184.82153,864.78687
43.18125,42.78125,3617.1008,0.33496296,-0.0012940357,19.19629,108.93652,521.718,67.874886,237.73515,1078.6816
43.18125,42.79375,3872.6843,0.5218349,-0.005031029,40.625,342.25732,746.70337,73.76991,255.02353,1025.5398
43.18125,42.80625,3175.6067,0.26833603,0.0024240725,-22.201904,-207.1919,13.731201,45.55217,329.78024,1514.8254
43.18125,42.81875,3253.508,0.5716463,0.0013601757,-16.73706,-99.26245,22.631104,87.93179,409.7853,1535.221
43.18125,42.83125,3328.3145,0.32497522,0.00093046564,-25.387695,-71.558105,39.053223,87.869225,389.47528,1504.7327
43.18125,42.84375,3452.0435,0.51579964,0.0021745306,-29.53125,0.39916992,119.99609,111.476456,283.3408,1151.0298
43.18125,42.85625,3700.5552,0.63009316,0.0020318166,-19.25293,133.22998,333.688,96.39502,215.17435,952.3992
43.18125,42.86875,3634.7668,0.4079886,-0.0025279792,9.210693,65.618164,241.56909,74.979996,187.45132,846.1819
43.18125,42.88125,3163.7458,0.3398272,0.003624626,-37.90381,-194.69458,-234.07642,48.0,213.31432,943.5779
43.18125,42.89375,3075.89,0.649972,-0.0041842572,20.709473,-14.835205,-308.27832,93.723,185.2215,960.1338
43.18125,42.90625,2646.1953,0.44124228,0.0016764044,-29.622559,-290.13574,-706.0791,72.27379,222.16435,1076.3638
43.18125,42.91875,2616.9573,0.37255722,0.00066362374,-10.255371,-213.27441,-670.3467,93.72833,291.84586,1207.0029
43.18125,42.93125,2755.8281,0.24485798,0.0022575029,-26.375732,-66.33887,-439.81738,59.845634,284.40817,1236.134
43.18125,42.94375,3032.104,0.60979176,-0.00063033635,-12.062744,57.819336,-71.715576,105.37077,299.28915,1297.9053
43.18125,42.95625,3298.1868,0.74730927,-0.00010183848,15.804199,158.89478,311.1023,111.503365,310.20154,1240.4038
43.18125,42.96875,3300.5833,0.6235095,-0.001767735,33.098877,204.88843,459.29468,78.828926,310.63,1228.8286
43.18125,42.98125,2825.259,0.6070664,0.00063384103,-2.3881836,-146.97314,135.5481,92.96505,248.08466,1009.2561
43.18125,42.99375,3124.434,0.57071936,-0.0019079212,26.786621,419.59326,585.3618,57.35852,455.77408,1352.9742
43.16875,42.00625,2566.221,0.40367603,0.0020096572,-33.81201,-166.18457,-131.13794,65.81793,210.44002,793.9507
43.16875,42.01875,3057.1245,0.8715719,-0.0018766274,1.112793,59.537598,367.08228,91.3236,172.73969,823.46704
43.16875,42.03125,2992.499,0.3615753,0.0011841323,-9.693359,-27.619385,287.40186,68.9275,154.53802,740.51733
43.16875,42.04375,2642.8918,0.39871418,0.0031967405,-32.198975,-209.94556,-91.36279,37.66298,172.87857,916.25684
43.16875,42.05625,2673.9297,0.5925281,0.00032605167,1.9709473,64.74243,-90.27295,97.069565,273.99545,1213.076
43.16875,42.06875,2350.6033,0.95400345,-0.0017031796,12.782227,-41.23999,-442.02808,113.55615,226.20345,1025.089
43.16875,42.08125,2389.194,0.63983905,-0.004982799,42.309082,-31.698975,-414.39282,89.19641,224.95667,966.3949
43.16875,42.09375,2411.3083,0.33504093,5.442004e-05,-15.208008,-155.22192,-412.5266,54.230988,208.02644,798.34033
43.16875,42.10625,2860.4507,0.51875716,0.001421882,-10.253662,92.43994,16.96045,38.41224,219.39577,999.40063
43.16875,42.11875,2920.0105,0.4485313,0.0030924086,-41.930664,30.769775,78.05908,62.91264,147.55168,622.4951
43.16875,42.13125,2815.822,0.22561273,-0.00157243,0.52685547,-98.00537,0.40527344,42.36744,141.76036,646.7351
43.16875,42.14375,2965.5159,0.44388226,0.0018068106,-22.058105,15.166992,204.98999,61.514225,174.66539,757.4402
43.16875,42.15625,3052.7966,0.92429686,6.3695785e-05,6.480957,176.86133,355.74487,113.55615,231.903,1042.0857
43.16875,42.16875,3111.064,0.40240765,-0.0042515816,54.51001,214.1294,493.72705,77.22047,220.28845,1074.7434
43.16875,42.18125,2972.5852,0.38331905,0.0021939313,-42.40625,73.247314,437.875,76.29548,192.31485,851.7634
43.16875,42.19375,2550.9373,0.41370943,0.0044918526,-39.4375,-244.44458,81.83618,68.36666,192.99094,839.06274
43.16875,42.20625,2929.0698,0.54241216,-0.0009609081,12.711914,169.54492,515.67285,70.703606,204.65459,840.48706
43.16875,42.21875,2712.5862,0.40859917,0.0030020121,-21.218262,37.08081,341.02466,72.12489,223.55313,1066.9724
43.16875,42.23125,2668.0784,0.62575006,-0.00059266505,17.659912,103.73413,342.15308,71.130165,227.14203,924.95874
43.16875,42.24375,2625.769,0.4060458,0.004162697,-35.37378,142.69019,301.063,57.827328,241.54192,1016.86743
43.16875,42.25625,2620.559,0.3685841,-0.0049121026,49.208252,340.45728,262.15552,66.906654,271.58148,1340.0276
43.16875,42.26875,1997.3892,0.8825332,0.00019402376,-1.7122803,40.573242,-414.79785,100.82906,271.60724,1122.7261
43.16875,42.28125,1834.3542,1.0901095,0.0043024058,-15.022095,-110.602295,-655.3115,130.31021,264.30334,1074.7783
43.16875,42.29375,2421.544,0.4083807,0.002572974,0.18334961,145.55298,-111.7771,60.90156,312.95126,1253.8536
43.16875,42.30625,2593.722,0.30257562,-0.0030660762,33.739502,138.54321,-2.067871,68.201904,285.04385,1402.1637
43.16875,42.31875,2465.6797,0.49241766,0.0019742828,-22.78003,-109.78418,-200.96729,86.28152,317.8443,1397.4337
43.16875,42.33125,2570.0022,0.73835754,0.0009839671,-12.712158,-23.954102,-156.64673,103.78343,273.0531,1322.4448
43.16875,42.34375,2645.9443,0.6690452,-0.002341668,19.385498,-47.666992,-87.97925,91.019226,249.74988,1060.8767
43.16875,42.35625,2986.6658,0.42251623,0.0052454066,-46.23877,-12.881592,303.15747,68.60758,184.17111,813.1267
43.16875,42.36875,3009.1892,0.48989984,-0.00041117164,0.717041,-23.342041,362.13306,71.90967,178.33395,799.73804
43.16875,42.38125,2739.7266,0.73186684,6.5064945e-05,-5.818115,-65.80542,115.108154,74.819786,222.15422,1147.627
43.16875,42.39375,2413.2576,0.6255179,0.0013805282,-13.531982,-14.213135,-215.20288,76.902534,331.75067,1427.1293
43.16875,42.40625,1849.5413,0.1325509,0.0032047557,-30.455322,-312.65356,-802.6985,31.591139,222.30159,992.7152
43.16875,42.41875,2532.2166,0.7008215,-0.00039889166,20.567871,162.67212,-171.70508,105.373146,315.84885,1222.8173
43.16875,42.43125,2906.8674,0.6909503,0.0069833403,-55.453613,189.27295,129.36108,71.51224,257.969,1188.082
43.16875,42.44375,2890.7424,0.79192704,0.00021482502,0.67407227,15.583008,22.199707,129.62253,269.50974,1354.7363
43.16875,42.45625,2893.8096,0.15692721,0.0011665458,-22.090088,-169.84277,-92.2207,36.660606,273.4136,1365.366
43.16875,42.46875,3414.151,0.98669803,-0.0012396255,10.880859,80.55493,314.3501,122.641754,210.09998,987.32935
43.16875,42.48125,3479.839,0.38098142,0.0009023838,-6.475586,64.69629,303.67407,50.537113,127.471565,679.8889
43.16875,42.49375,3287.593,0.124396876,0.0003963586,-0.6960449,-81.25122,62.51538,21.817425,122.15154,629.0
43.16875,42.50625,3705.217,0.6829656,-0.009552709,87.87891,268.18384,481.95557,86.63718,154.15576,796.7041
43.16875,42.51875,3320.5493,0.15244178,-0.00012477212,-3.5439453,-141.70923,150.42017,23.600847,153.39166,668.5508
43.16875,42.53125,3213.5464,0.14659707,-7.4546274e-06,0.7531738,-168.8003,97.52905,15.811388,180.635,694.124
43.16875,42.54375,3130.17,0.39048573,0.0017407518,-35.621094,-145.98438,58.42627,71.246056,225.70557,1092.9016
43.16875,42.55625,3064.8066,0.7586185,-0.0019048002,17.80542,1.0393066,12.891357,137.09122,286.5327,1209.5305
43.16875,42.56875,2997.411,0.8891133,0.002175509,-41.016113,-30.770996,-35.200195,131.92801,268.76382,1114.2192
43.16875,42.58125,3463.3926,0.5378499,0.0015202613,-21.334229,203.10083,446.70923,89.453896,251.59889,1186.6401
43.16875,42.59375,3551.95,0.5364549,0.0067220004,-66.101074,24.093262,551.63696,101.34594,216.12033,963.3198
43.16875,42.60625,3510.4353,0.4070828,0.0024983091,-30.406738,-64.066895,512.7002,54.845238,200.48442,989.3096
43.16875,42.61875,3534.6162,0.66495895,-0.002312165,38.02881,174.75879,473.79004,105.9245,339.80142,1312.8359
43.16875,42.63125,2841.8987,0.775877,0.0017416736,-17.654541,-232.10522,-297.2893,116.07971,396.16916,1389.5481
43.16875,42.64375,2788.9597,0.11415411,-0.0004187083,-8.366211,-181.2749,-396.30444,34.0147,281.06226,1389.5481
43.16875,42.65625,3102.2764,0.37128937,0.0023490516,-40.91992,-116.95117,-90.22388,95.262794,276.56644,1304.2302
43.16875,42.66875,3627.063,1.3932285,-0.0032985099,28.47583,57.074707,451.29468,109.498856,243.30228,995.8779
43.16875,42.68125,3805.102,0.8503687,-0.0015720956,-3.90625,136.29419,655.47754,108.69222,230.31284,1012.63135
43.16875,42.69375,3519.4531,1.3286922,0.0029705737,-46.81665,-32.339355,370.12964,194.83583,268.2182,1199.4246
43.16875,42.70625,3327.7527,0.7580288,0.004141016,-35.71289,-159.12012,177.5669,152.09537,369.54025,1365.8025
43.16875,42.71875,3587.1802,1.144275,-0.0020657915,28.813965,203.20532,498.6985,164.07925,438.30582,1469.5222
43.16875,42.73125,3305.2185,1.0538437,-0.0042710025,42.072998,14.856689,277.00537,168.60309,433.70383,1447.1655
43.16875,42.74375,3484.8535,0.93145096,-0.008182706,67.58716,225.74268,474.90063,142.84258,461.60806,1636.8733
43.16875,42.75625,3510.036,1.2075458,-0.0066497293,48.31543,390.9414,501.11377,153.14699,436.81805,1557.8611
43.16875,42.76875,2949.5327,0.45312527,-0.000875541,11.04126,-38.07495,-71.907715,100.159874,381.5901,1451.3467
43.16875,42.78125,3385.5342,0.04711674,-0.007874308,99.47461,283.17505,323.88794,79.139114,420.63998,1628.6875
43.16875,42.79375,3453.5393,0.8768449,0.0063613253,-55.102783,138.65674,348.86572,133.35292,390.0141,1510.4783
43.16875,42.80625,3840.4226,0.5961015,-0.005048519,68.480225,401.8098,685.2107,67.808556,359.11002,1646.3843
43.16875,42.81875,3959.236,1.2960664,0.002223522,-1.9506836,463.76074,722.7908,167.72,371.37717,1526.3003
43.16875,42.83125,3538.617,1.0453181,0.0010709015,-8.354248,75.00708,245.96802,153.25795,342.47336,1437.7881
43.16875,42.84375,3525.506,0.47998983,-1.0282367e-05,5.805176,59.58789,204.37085,80.7589,251.70816,1002.1614
43.16875,42.85625,3490.0925,0.5124243,0.0047328444,-41.23169,-63.097168,156.00244,108.157295,201.15169,865.9734
43.16875,42.86875,3512.1768,0.089989066,0.00015218968,-5.2351074,-51.74048,173.99365,18.165901,161.38153,843.3291
43.16875,42.88125,3474.2292,0.34227163,-0.0001492839,-5.2385254,24.529785,136.38696,46.184414,178.42085,849.2612
43.16875,42.89375,3123.763,0.41007793,0.002342679,-27.901367,-146.4353,-204.63623,91.5041,238.57913,1239.7434
43.16875,42.90625,3124.1357,0.17364699,0.004929822,-37.71875,-55.65674,-185.50586,41.65333,240.41006,1059.1123
43.16875,42.91875,3536.1687,0.7954432,-0.00366007,54.21997,320.75732,268.21387,87.24104,292.0719,1352.5115
43.16875,42.93125,3118.15,0.5463956,0.0028679129,-44.281982,-187.40747,-88.31787,108.013885,357.48846,1423.6074
43.16875,42.94375,3414.1763,1.1279612,-0.0009774555,6.925537,-27.555908,261.3628,177.22867,331.4921,1284.2026
43.16875,42.95625,3597.5142,0.33949825,-0.0012237749,3.0498047,58.36499,543.5032,49.426712,218.06192,1058.2463
43.16875,42.96875,3398.4124,0.6240024,0.0041119335,-45.843506,-39.778076,485.13037,109.29318,219.18257,1140.6458
43.16875,42.98125,3324.7761,0.56502104,0.005321336,-32.087402,89.50757,565.0464,50.596443,196.35428,971.15137
43.16875,42.99375,3027.4365,0.33532688,0.0026984548,-35.708496,229.2312,423.55225,64.73793,505.96985,1492.725
43.15625,42.00625,2705.1484,0.4381621,-0.0034099456,17.273926,-12.937988,99.84888,56.841885,207.2402,811.44434
43.15625,42.01875,2891.9648,0.52215946,9.15424e-05,-5.2387695,-55.89868,291.24683,57.166424,169.2247,823.46704
43.15625,42.03125,3120.6711,0.89142317,-0.0031085077,55.499023,193.92944,498.6018,123.05283,197.22829,915.12354
43.15625,42.04375,2899.0251,0.8685465,-0.00026013813,25.937012,207.94312,240.50879,129.19171,259.3087,1191.518
43.15625,42.05625,2278.655,0.79739726,0.0010806894,-15.307373,-83.846436,-411.15674,107.26602,317.95676,1076.8538
43.15625,42.06875,2102.6206,0.726243,-0.00011954168,9.591064,-141.94336,-621.9514,91.359184,227.89032,903.17334
43.15625,42.08125,2694.0364,0.39068273,0.0002630007,-12.094238,151.38477,-51.949463,74.662575,302.5566,1145.3585
43.15625,42.09375,2840.118,0.46163636,0.0027289575,-27.216797,52.87744,79.81055,68.51642,189.37132,821.3894
43.15625,42.10625,2802.5078,0.5719561,0.0023787648,-20.437744,-123.31543,35.46118,58.386642,194.60472,988.5017
43.15625,42.11875,3214.4143,0.58768386,-0.0024108696,14.935059,178.8977,465.26245,70.85196,140.99646,666.6875
43.15625,42.13125,2829.6602,0.22969964,0.0011310157,-23.294678,-98.30542,130.70703,57.870544,214.90929,1179.3391
43.15625,42.14375,2796.6982,0.47255468,-0.004941096,64.68408,121.57837,180.79639,85.319984,281.41516,1149.5781
43.15625,42.15625,2561.3286,0.5674789,-0.0012743106,20.98584,83.78345,24.677734,90.8185,335.41168,1309.3685
43.15625,42.16875,2498.2104,0.61830115,0.00020670384,1.9255371,-48.948486,42.618896,88.710205,376.53952,1388.6842
43.15625,42.18125,2923.1218,0.29780537,-0.0050376817,35.325928,216.2793,542.2634,66.84684,284.8412,1386.7131
43.15625,42.19375,3003.281,0.9468097,-0.006095416,59.105713,279.22583,678.16675,94.11695,250.46457,1183.4177
43.15625,42.20625,2695.6787,0.5984581,0.0008022385,-2.136963,18.17871,414.57056,104.64225,295.86905,1195.9429
43.15625,42.21875,2759.759,0.6395211,0.000893201,-11.479248,169.14453,503.11987,86.55634,308.53687,1301.8169
43.15625,42.23125,2742.1958,0.62121224,-0.004086469,29.108887,257.56055,514.29663,108.44123,323.02243,1368.8506
43.15625,42.24375,2302.5063,0.77919614,0.0032968444,-26.465576,7.4765625,54.839355,114.43994,417.0036,1551.7002
43.15625,42.25625,1915.7554,0.748827,-0.0016021387,-1.9892578,-54.779663,-386.88037,132.83167,415.71716,1456.938
43.15625,42.26875,1497.833,0.063495405,0.0047527347,-45.293213,-291.3108,-871.7036,48.231213,258.846,1220.7744
43.15625,42.28125,2082.3489,0.77462053,-0.0028610523,17.364746,37.927246,-371.3098,96.0,323.78812,1217.8948
43.15625,42.29375,2550.7478,0.6706665,0.002565959,-23.128906,18.050293,44.767822,86.40602,288.97058,1368.6287
43.15625,42.30625,2869.5347,0.06830434,0.00088587473,-12.462158,57.7666,297.1985,39.579037,205.27542,934.79956
43.15625,42.31875,3149.2842,0.7540729,-0.0025114613,42.716064,185.1753,503.71704,90.967026,242.71794,1082.5989
43.15625,42.33125,3027.3955,0.35414183,0.0017756312,-6.7597656,98.957275,316.96704,87.25251,255.35269,1102.7998
43.15625,42.34375,2700.1306,0.31376812,0.0035003761,-31.85962,-184.323,-14.850586,46.384266,214.42365,943.4148
43.15625,42.35625,3060.0457,0.5695772,2.3198474e-05,4.977783,74.26953,411.51147,67.06713,149.89664,709.0293
43.15625,42.36875,2913.439,0.5718624,0.0038653263,-30.442139,34.108154,320.90186,76.03289,186.67754,887.47095
43.15625,42.38125,2635.5947,0.9620755,0.0029571254,-8.590576,34.47705,78.10156,132.66122,221.75323,1040.5355
43.15625,42.39375,2277.796,0.7918679,-0.0011357098,19.955322,70.79761,-283.4629,115.68708,316.62042,1196.7053
43.15625,42.40625,1906.9968,0.9642452,0.00087054895,-0.2286377,-165.24634,-676.02075,102.86642,230.72386,1091.8477
43.15625,42.41875,2487.9136,0.69412917,-0.005242309,33.029785,100.87085,-141.48022,108.02546,298.22055,1239.2773
43.15625,42.43125,2548.032,0.33015338,0.0017024765,-28.013184,-227.80249,-158.594,52.9292,248.73279,1123.2317
43.15625,42.44375,2904.7144,0.47801647,0.0031054108,-38.248535,-156.92847,92.511475,79.59271,222.58032,1112.4768
43.15625,42.45625,3516.62,1.1049303,-6.433984e-05,0.97216797,266.72412,562.6448,106.221466,205.99757,901.79565
43.15625,42.46875,3176.3284,0.32358828,0.0046556774,-48.98535,-143.02466,88.42041,62.297672,216.7464,889.0095
43.15625,42.48125,3318.5022,0.39423987,-0.0023943142,7.368408,91.756836,150.19946,85.33463,239.88539,1081.9595
43.15625,42.49375,3102.9302,0.19319743,0.0006747018,6.1550293,-28.322266,-110.02417,61.41661,233.77339,1114.5889
43.15625,42.50625,3418.2046,0.5190708,-0.0033253215,42.658203,203.4292,204.90186,73.471085,302.41693,1282.293
43.15625,42.51875,3408.6262,0.8496008,0.0001995616,-1.8537598,96.58154,248.98096,112.977875,277.42566,1226.0845
43.15625,42.53125,3719.6184,0.7085259,-0.006610364,80.38037,468.11328,620.8352,96.015625,226.62083,1111.6038
43.15625,42.54375,3252.4844,0.3906614,0.0010669995,5.165283,186.5625,211.04077,74.89326,252.21419,1429.7212
43.15625,42.55625,2768.4644,0.7083235,0.0003631357,12.55127,-0.54345703,-236.67822,106.57626,243.88727,939.5122
43.15625,42.56875,2631.607,0.4258553,-0.0009541136,5.918213,-170.98047,-342.6787,59.690872,276.44528,1248.5901
43.15625,42.58125,2975.9897,0.27353987,-0.00041381817,0.061035156,-183.04712,12.9436035,43.47413,261.18576,1135.1001
43.15625,42.59375,3421.3916,0.5184293,0.0016730838,-32.681885,-40.33667,462.24243,63.82006,224.58629,997.6919
43.15625,42.60625,3742.5251,0.19924061,-0.0009401144,14.570801,153.72144,766.03906,42.33202,161.47755,865.9678
43.15625,42.61875,3528.218,0.59877867,0.0044149375,-35.902344,24.199219,471.79663,102.737526,241.2965,1088.3872
43.15625,42.63125,3930.286,0.25900924,-0.0067417882,98.04883,509.1316,779.0581,98.35141,356.5908,1344.6511
43.15625,42.64375,3423.9822,1.3222232,0.0020860184,-20.966797,66.14502,211.44507,224.87997,403.58145,1389.3191
43.15625,42.65625,3074.9343,0.1267847,-0.0003687274,-6.876953,-250.28467,-161.83813,33.585712,310.66864,1329.9084
43.15625,42.66875,3419.6294,0.553794,0.005015175,-33.296387,-85.17407,190.7605,83.59426,247.09917,1114.4385
43.15625,42.68125,3628.3784,0.9318671,-0.0026420078,24.957031,99.753174,431.8518,81.51687,210.09521,965.7451
43.15625,42.69375,3197.9624,0.1558009,0.0006994523,-8.98877,-106.4209,24.367676,24.289915,175.29974,1044.8286
43.15625,42.70625,3266.3862,0.93561447,0.00015906389,11.15918,94.28076,128.45288,97.83149,180.33302,842.86914
43.15625,42.71875,2857.8767,0.096173495,0.0010531679,-21.109863,-250.9148,-193.46948,38.658764,223.25546,877.9402
43.15625,42.73125,2824.7065,0.6242896,-0.00025867802,-13.652832,-170.06006,-147.58154,90.0,261.33313,1105.9492
43.15625,42.74375,2547.3738,0.38016897,-4.344845e-05,-4.327881,-272.80078,-393.57837,38.118237,271.01108,1168.4597
43.15625,42.75625,2357.666,0.28546685,0.0025395358,-38.010254,-273.00952,-585.63086,70.60099,319.86795,1397.9805
43.15625,42.76875,2312.3735,0.10550133,0.0020999245,-17.6604,-269.52686,-657.7981,42.755116,291.65732,1397.9805
43.15625,42.78125,2439.873,0.14693719,0.00021681424,-9.078369,-286.61035,-585.42114,19.339079,277.21744,1200.1118
43.15625,42.79375,2558.5825,0.2434906,0.002842699,-41.85132,-332.1482,-521.1953,72.93833,314.69827,1410.0476
43.15625,42.80625,2699.062,0.7874337,0.006562943,-69.650635,-345.29565,-440.07935,138.08875,399.88123,1592.6511
43.15625,42.81875,2813.386,0.6965121,0.0036831945,-43.884033,-304.29395,-404.91162,106.64192,366.85147,1498.2573
43.15625,42.83125,2970.3044,0.5309463,-0.0010956725,4.255371,-201.16138,-299.16968,72.159546,244.41768,1223.3584
43.15625,42.84375,3162.665,0.14658259,-5.7883037e-05,-1.1594238,-120.434814,-129.10205,19.697716,156.56947,898.8357
43.15625,42.85625,3241.237,0.0885552,0.0027836268,-27.697998,-139.38403,-50.620117,34.20526,119.482216,655.1914
43.15625,42.86875,3489.8076,0.47184053,0.00066372834,-11.207031,-10.398193,209.52661,59.084686,128.5535,805.4326
43.15625,42.88125,3885.9387,1.1591872,-0.005322526,61.055176,337.65576,616.5925,125.35151,138.79842,922.90674
43.15625,42.89375,3481.56,0.54392797,0.0030686788,-23.89795,42.875732,219.4961,83.677956,190.53609,1038.9912
43.15625,42.90625,3461.597,0.43705785,0.0037381006,-13.129639,96.206055,206.00952,85.69714,157.10506,728.74316
43.15625,42.91875,3476.9966,0.4118341,0.003973377,-32.589355,-28.618408,237.05371,83.01205,220.4949,1046.2463
43.15625,42.93125,3951.7864,0.6751595,-0.0060598035,62.922607,253.2356,737.50684,73.14369,224.35017,1071.3777
43.15625,42.94375,3738.5037,0.32911313,-0.000621771,3.902588,35.736572,540.8679,46.636894,216.8594,1107.5867
43.15625,42.95625,3584.7463,0.9754039,0.0035430056,-30.65625,47.226074,470.34375,139.64957,273.87405,1242.3254
43.15625,42.96875,3502.117,0.9388451,0.0036260493,-4.654541,174.17725,528.187,90.199776,326.85776,1406.8501
43.15625,42.98125,3096.9426,0.87653893,0.0013679285,-21.663574,18.878418,273.01392,111.45851,345.8468,1285.1775
43.15625,42.99375,2725.3638,0.7993233,-0.002272582,14.247314,85.74072,55.833252,141.65804,466.79065,1492.725
43.14375,42.00625,2892.2024,0.65385735,-0.0031174205,32.252197,86.21777,387.67358,61.1678,235.93855,938.3662
43.14375,42.01875,2958.488,0.35028145,-0.004996444,81.28784,243.73633,450.72266,100.47885,270.61597,1148.8989
43.14375,42.03125,2853.844,0.5549175,-0.0033692054,46.73999,288.3877,313.3401,80.60397,340.62885,1410.6871
43.14375,42.04375,2467.68,0.88051915,-0.0029680291,34.72534,147.1499,-120.02539,131.52376,340.29178,1344.2559
43.14375,42.05625,1984.8148,0.15673682,-0.0012646539,6.507202,-158.5741,-642.1195,28.420942,239.68312,1118.2124
43.14375,42.06875,2305.4695,0.8186638,-0.003453291,33.902832,14.004639,-365.32178,113.20115,269.21368,1073.006
43.14375,42.08125,2359.158,0.40941867,0.0011533588,-25.13794,-271.37646,-339.9524,63.206013,263.8693,1114.8704
43.14375,42.09375,2825.0774,0.8435141,-0.0023615276,5.193115,-38.943604,109.58423,123.172646,193.9188,1002.9424
43.14375,42.10625,3097.5327,0.60284,-0.0012411365,10.726807,31.094727,376.36304,88.4138,208.83965,910.29175
43.14375,42.11875,3113.391,0.2502623,0.0029429013,-31.021484,-12.6484375,415.87354,47.0,187.20042,866.42993
43.14375,42.13125,2765.8596,0.3604726,0.0005123384,-11.750488,-68.502686,133.90625,71.8401,295.95355,1242.2168
43.14375,42.14375,2234.9814,0.3960682,0.0017519991,-24.289307,-253.43579,-296.0515,65.28783,217.3281,1047.0471
43.14375,42.15625,2139.378,0.87949616,0.0022604796,-17.395752,-126.21411,-301.91504,128.70314,216.04051,979.407
43.14375,42.16875,1832.6838,0.20772995,0.0035044109,-37.503418,-349.73413,-525.41284,54.99091,258.33215,1199.22
43.14375,42.18125,2193.4888,0.82033765,0.0010324729,-9.114502,-34.17285,-95.56909,148.89761,395.7891,1683.1199
43.14375,42.19375,2241.3765,0.76361644,9.806219e-05,-4.3581543,53.025146,1.4094238,118.43141,454.9324,1752.3201
43.14375,42.20625,1979.0901,0.7335855,0.0020506897,-16.527588,-90.12329,-223.94458,107.54883,451.99448,1687.4
43.14375,42.21875,1967.9963,0.7937491,-0.00012873331,-0.1315918,3.8916016,-220.1062,135.87035,471.3926,1495.911
43.14375,42.23125,1865.8297,0.84707576,-0.004116244,38.09204,-10.359863,-311.6405,140.67604,447.6673,1488.6256
43.14375,42.24375,1572.3252,0.93795246,0.0030936953,-27.487793,-199.29346,-647.5254,131.60167,340.6215,1408.3032
43.14375,42.25625,1402.6783,0.16580153,0.0015963898,-28.552612,-314.4325,-892.64905,36.79844,251.76726,998.3613
43.14375,42.26875,1697.8345,0.6168737,0.0020785283,-18.779541,-123.818115,-674.6848,71.31269,247.34743,957.6404
43.14375,42.28125,2166.3474,0.6559319,0.0009031649,-6.3049316,12.755371,-298.43213,104.72822,299.93,1241.6887
43.14375,42.29375,2699.9993,0.8325509,-0.0029951776,42.26001,92.73389,169.0791,101.73249,279.70163,1222.3972
43.14375,42.30625,3202.983,0.73780715,-0.003378912,43.2854,248.3208,605.71826,85.44589,210.05713,995.7273
43.14375,42.31875,3297.2112,0.45407897,0.0027876247,-16.561035,75.36279,634.8069,105.801704,226.10617,1141.915
43.14375,42.33125,3158.9324,0.32875004,0.0012217151,-23.455078,-102.67505,446.99683,64.53681,240.70314,1221.3503
43.14375,42.34375,3242.3647,0.6654763,-0.0024607442,38.406006,120.70825,550.23706,85.0294,202.83244,1108.1921
43.14375,42.35625,3209.8452,0.31857157,-0.012516632,128.69409,233.77588,610.1262,91.476776,177.85387,844.62695
43.14375,42.36875,2608.5474,0.7041198,0.0013640889,3.2487793,-139.51611,85.09961,94.72328,210.06189,951.95215
43.14375,42.38125,2326.6208,0.69937253,0.0030583045,-39.734375,-125.36035,-148.10962,110.9279,225.03223,1014.0393
43.14375,42.39375,2025.3802,0.60213286,-0.0012641606,21.229858,-29.9198,-442.93567,81.08791,288.33746,1088.8381
43.14375,42.40625,1830.1564,1.0522529,-0.0017738515,12.963013,-177.16064,-653.1383,113.46585,264.21442,1154.3208
43.14375,42.41875,2281.0464,0.19514674,-0.00022255947,-10.061523,-93.58569,-245.95459,40.798283,265.72354,1133.2167
43.14375,42.43125,2677.2275,0.5772746,-0.0005276482,7.525635,-42.510254,73.298584,78.38686,209.29764,936.9768
43.14375,42.44375,3028.686,0.43379998,0.00080210756,-9.584717,-45.470703,315.74878,52.83938,260.69714,1221.1045
43.14375,42.45625,3426.7058,1.2897569,0.0026620722,-28.421387,63.04004,568.583,135.06294,180.41618,971.66797
43.14375,42.46875,3292.3179,0.42242542,0.0006554285,-18.41626,-13.652832,300.88867,73.020546,205.6988,963.103
43.14375,42.48125,2978.01,0.5171646,0.001108772,-26.568115,-81.75391,-93.72803,98.37682,168.95561,818.00854
43.14375,42.49375,2700.8596,0.34826463,0.0027400134,-41.409668,-177.37354,-418.5381,68.63308,218.64354,958.2063
43.14375,42.50625,2712.4253,0.97327435,0.001410999,-11.22876,-104.444336,-418.31445,144.47318,275.41605,1135.7993
43.14375,42.51875,2665.7737,0.80472136,0.001113127,-13.606201,-199.42944,-419.9209,131.52946,358.3797,1402.5403
43.14375,42.53125,2894.0388,0.6181024,-0.0029828167,29.177002,52.17798,-138.49854,106.50587,403.48233,1455.9468
43.14375,42.54375,2761.4265,0.8081343,0.00017111725,2.019287,57.404053,-221.11108,134.33913,378.2129,1491.5662
43.14375,42.55625,2347.6562,0.1088005,0.0029576854,-31.75,-205.37793,-599.2405,46.146507,248.3717,1089.2656
43.14375,42.56875,2834.1511,0.62675685,0.0036800432,-19.89917,159.61133,-83.01489,84.2793,257.2664,1163.3018
43.14375,42.58125,3237.7908,0.74493915,-0.0012953604,14.8967285,268.98975,336.8213,110.48529,276.58813,1316.383
43.14375,42.59375,3267.4165,0.44018835,-0.0015398943,16.857422,125.37915,371.97974,75.94735,346.15894,1438.0007
43.14375,42.60625,3407.0562,0.9123405,0.0008482228,-12.267334,195.16895,489.70386,115.87925,372.47147,1448.8438
43.14375,42.61875,3052.2012,0.86612874,0.002765386,-31.761475,-133.06323,53.13501,112.42331,343.91568,1451.4749
43.14375,42.63125,3348.6025,0.6473148,-0.0020299808,22.102783,33.009766,249.52734,109.62208,388.53958,1384.7688
43.14375,42.64375,3875.1128,0.9409419,0.00026275596,24.542236,368.52515,702.72363,125.85706,312.90094,1295.6631
43.14375,42.65625,3851.4607,0.52599126,-0.008934506,102.20068,292.3374,640.32935,118.42297,306.03595,1352.9617
43.14375,42.66875,4013.9717,1.5795591,-0.011649734,124.24048,315.03662,802.45654,195.43285,314.34534,1268.636
43.14375,42.68125,3557.8447,0.64122295,0.0057707913,-77.23169,-105.72754,370.5874,158.57806,305.1721,1310.5481
43.14375,42.69375,3342.4133,0.52634615,0.0007586688,-15.926025,71.42041,190.67725,103.57123,372.352,1916.2917
43.14375,42.70625,2774.045,0.18665326,0.003155046,-38.0166,-215.34106,-320.6836,49.451996,271.1992,1187.5916
43.14375,42.71875,3326.5403,1.115733,0.0016099717,3.5222168,268.3772,326.79907,122.51122,292.5782,1290.6196
43.14375,42.73125,3336.3816,0.46230748,0.0015042619,-24.757324,247.88916,422.99634,94.302704,241.89874,1105.9492
43.14375,42.74375,2841.1843,0.8165426,-0.00021435582,-6.13208,-54.168457,-35.024414,107.380165,274.1268,1107.6782
43.14375,42.75625,2731.8635,0.7595578,0.0029183326,-27.768799,190.62866,-155.60864,131.124,321.04517,1361.9044
43.14375,42.76875,2264.9714,0.7918663,0.0035534098,-26.490723,-186.4353,-669.73486,108.17578,234.16234,1121.5665
43.14375,42.78125,2931.7488,0.6541949,-0.0047456445,35.94995,202.90283,-67.571045,67.3721,282.2118,1286.4863
43.14375,42.79375,3223.9753,0.7077044,-0.010294615,88.823,293.37183,156.31055,113.23427,289.86722,1328.085
43.14375,42.80625,3149.2903,0.87678766,-0.009256589,108.920654,100.88721,14.168945,117.54148,365.08493,1484.7761
43.14375,42.81875,3106.6958,0.49873275,0.006048716,-49.93579,-90.42114,-98.845215,119.724686,398.89096,1422.6743
43.14375,42.83125,3299.6877,0.6183196,-7.0291404e-05,-2.8173828,-73.221436,57.692627,93.11283,351.50674,1333.7878
43.14375,42.84375,3770.9087,1.3506263,-0.0071905535,78.644775,339.98315,518.2461,134.13799,223.48154,1018.1438
43.14375,42.85625,3464.9653,0.9199192,0.007440482,-47.544678,60.57202,231.82153,135.17397,150.83766,914.7805
43.14375,42.86875,3289.2676,0.42405468,0.0027215304,-26.946045,-100.60791,85.9751,83.47455,193.99226,1118.4751
43.14375,42.88125,3437.4993,0.29886863,0.0048767887,-44.92749,38.496094,245.89648,72.525856,227.91884,1218.3523
43.14375,42.89375,3253.2805,0.5926245,0.00056201714,-1.5336914,-52.101074,56.253174,91.74966,273.141,1253.1765
43.14375,42.90625,3159.2947,0.39614874,-0.003014705,22.641113,-80.426025,-51.9104,66.48308,235.4209,942.92847
43.14375,42.91875,3370.2588,0.08917099,0.0011895482,-19.553223,-109.28784,140.74805,28.10694,263.53558,1256.0332
43.14375,42.93125,3824.2651,1.1721853,0.0034997407,-24.237549,160.41284,578.76416,165.16962,226.01328,956.49927
43.14375,42.94375,3760.403,0.9012619,0.0009598198,-2.3027344,216.656,499.11523,132.78554,275.3761,1107.5867
43.14375,42.95625,3093.8735,0.83177084,0.0058207014,-26.086182,-180.56348,-102.64282,102.96116,258.30795,1101.2141
43.14375,42.96875,2797.7053,0.09580171,0.0024187942,-33.38867,-245.60425,-263.8811,35.937447,238.05461,1225.6079
43.14375,42.98125,2562.3477,0.12224987,0.0028280837,-35.215088,-347.08765,-347.16626,38.0723,268.42877,1350.9507
43.14375,42.99375,2808.277,0.7947138,-0.0016221089,6.121582,158.68677,62.773193,144.1631,500.67953,1967.286
43.13125,42.00625,2888.2473,0.4100512,0.00034772194,-2.763916,93.055664,476.16504,78.28154,263.6475,1105.9646
43.13125,42.01875,2362.4126,0.52878994,-0.0030487159,23.43042,-46.973633,-66.90674,78.625694,321.82138,1373.3588
43.13125,42.03125,2051.496,0.50291467,-0.0050945072,30.30481,-59.219727,-426.22705,86.47109,327.0642,1358.5607
43.13125,42.04375,1783.9468,0.036898132,-9.673909e-05,-3.9526367,-225.46545,-763.0381,15.083103,254.81561,1238.6516
43.13125,42.05625,2116.1997,0.49016687,0.003607053,-43.057373,-66.55737,-494.44702,86.127815,269.95834,1041.2924
43.13125,42.06875,2727.3171,0.39211038,-0.0056547145,66.96338,180.1189,56.263916,80.04374,318.69263,1335.7941
43.13125,42.08125,2976.0847,0.78496486,-0.0027650548,18.2583,139.02148,267.49048,151.64102,281.15033,1114.1062
43.13125,42.09375,2889.4744,0.5927817,0.0029267317,-19.468018,-84.416504,163.70825,86.30759,229.37306,1009.0686
43.13125,42.10625,3228.3281,0.33584443,-0.007899582,58.549072,152.3357,501.74805,58.97457,198.60513,910.29175
43.13125,42.11875,3294.8625,0.8696603,-0.0020613268,18.842285,253.08301,606.5974,108.263565,227.25757,1180.0042
43.13125,42.13125,2742.129,0.48887688,0.0026470805,-29.463135,-22.07666,140.16528,77.29489,265.29605,1248.7588
43.13125,42.14375,2629.6328,0.8958488,0.00050834427,-15.23584,94.16748,156.75928,125.2238,195.17044,844.45825
43.13125,42.15625,2570.7053,0.23287658,-0.0034155261,22.904785,199.7749,209.90796,74.986664,231.46274,1092.0862
43.13125,42.16875,2396.4172,0.45345286,0.0011606846,13.958984,286.39648,133.76147,73.84105,256.80927,1328.363
43.13125,42.18125,1938.8192,0.65378875,-0.0010613692,17.04712,117.76819,-250.33948,80.433205,298.2038,1253.0947
43.13125,42.19375,1429.6484,0.5366835,0.0032879522,-34.95764,-191.62793,-718.37915,84.28078,289.3052,1163.4275
43.13125,42.20625,1374.523,0.21658084,0.00011152869,-3.1608887,-207.3396,-750.5481,46.297947,245.80836,1018.5785
43.13125,42.21875,1325.8562,0.074237406,0.0015760931,-28.91565,-300.52112,-803.31445,48.316666,236.48415,873.0569
43.13125,42.23125,1498.788,0.9484992,-0.000538978,-11.394897,-219.29504,-646.08435,131.83322,317.06387,1270.5018
43.13125,42.24375,1820.0054,0.69701755,0.0006711753,-4.786743,-39.70874,-398.85083,125.773605,385.3453,1283.8562
43.13125,42.25625,2010.3025,0.50249416,0.0014735241,-19.59375,-43.85376,-308.33057,82.77379,392.52835,1425.49
43.13125,42.26875,2310.2422,0.69476414,-0.0030175596,27.990723,170.90527,-103.36865,92.95698,277.5707,1381.8754
43.13125,42.28125,2089.6184,0.5236785,0.0019117501,-28.194092,-212.66455,-431.51953,83.528435,264.3057,1274.2561
43.13125,42.29375,2453.1843,0.17320573,0.00087601756,-26.256836,-183.5127,-142.3938,40.14972,241.85739,1181.8296
43.13125,42.30625,2794.3435,0.48992467,-0.0023821865,5.5388184,-144.93652,140.20776,55.434647,221.22614,995.7273
43.13125,42.31875,3209.395,0.8936151,0.0037812784,-34.6687,-59.906494,509.96167,124.16119,258.31375,1155.2896
43.13125,42.33125,3808.3228,1.1676499,-0.0024307237,41.04785,425.78735,1090.2034,98.20896,213.55562,1225.6345
43.13125,42.34375,3234.0686,0.65876085,0.0044261217,-33.936523,49.097412,571.4717,83.83317,230.96536,1174.1816
43.13125,42.35625,3017.9653,0.14071184,-0.0013373418,24.709473,106.98071,478.11572,35.04283,207.72096,914.7605
43.13125,42.36875,2837.2644,0.5530031,-0.0047750124,66.8728,217.00537,394.43774,73.96959,230.42244,1306.5656
43.13125,42.38125,2530.1,0.42502695,-0.0013411167,7.5043945,226.08813,152.42041,65.66201,256.53848,1236.1045
43.13125,42.39375,1952.5776,0.78307486,-0.0009207847,14.284058,28.896362,-402.55762,98.5964,285.02325,1091.5695
43.13125,42.40625,1781.9473,0.93083656,-0.000276927,4.458374,-125.284424,-579.12524,104.85585,263.36478,1015.06116
43.13125,42.41875,2395.4666,0.68107873,0.0015333068,-8.996826,62.077393,-8.665039,97.069565,289.77145,1197.869
43.13125,42.43125,2753.4736,0.4265076,0.0029337609,-17.720703,10.854736,270.6377,59.812206,234.6817,965.42236
43.13125,42.44375,3099.934,0.31277454,-0.0007454962,6.944092,5.765625,501.3767,43.347435,237.84239,1195.779
43.13125,42.45625,3735.3591,1.0931752,-0.0020981254,28.470703,376.97217,989.5679,111.04504,199.56203,929.17456
43.13125,42.46875,3295.1277,0.4260106,0.000730527,-8.622559,-35.65674,424.78955,68.0588,201.73001,938.7344
43.13125,42.48125,2932.6565,0.17267862,0.001007541,-21.6792,-183.23169,0.14160156,34.04409,183.44754,824.7383
43.13125,42.49375,2624.7275,0.20349286,0.0035202736,-45.301514,-304.35303,-351.10938,58.163563,245.14485,976.1448
43.13125,42.50625,2866.675,0.4363959,0.0030214377,-5.0546875,32.843506,-129.61646,98.458115,264.79898,1018.34033
43.13125,42.51875,2847.5547,0.63922167,-0.0007139816,12.121826,100.278076,-116.40039,105.05713,261.79764,1109.4924
43.13125,42.53125,2364.8074,0.4229166,0.0027537222,-29.790771,-243.1709,-560.6575,67.01492,194.32576,857.16235
43.13125,42.54375,2487.9922,0.6924684,-0.0033846928,24.55371,-84.77368,-390.28735,113.8903,239.01047,1038.6228
43.13125,42.55625,2280.0986,0.593025,0.004141114,-46.773438,-273.6018,-556.7019,96.457245,260.2614,1121.1311
43.13125,42.56875,2250.8928,0.7070329,0.0021844343,-27.649658,-280.4121,-553.07764,114.31098,289.54102,1263.7476
43.13125,42.58125,2566.8203,0.8762504,-0.00031979263,6.4838867,42.476562,-229.78662,144.81023,400.50967,1515.6504
43.13125,42.59375,2358.444,0.80610424,0.0006652884,-9.083008,-179.30542,-441.23877,142.33588,438.93964,1572.1012
43.13125,42.60625,2478.811,0.16458216,0.0033040002,-48.395264,-231.99365,-345.38525,60.967205,382.94583,1682.9999
43.13125,42.61875,2710.7766,0.1041276,-0.00027563848,2.988037,-222.85962,-194.51147,19.874607,269.6164,1467.8027
43.13125,42.63125,2845.404,0.17652549,0.00015162094,2.565918,-255.104,-158.69067,25.592968,291.11337,1269.9155
43.13125,42.64375,2990.6086,0.1364964,0.0019311965,-25.76587,-341.09717,-92.85547,46.733284,301.23248,1458.5991
43.13125,42.65625,3616.445,0.78970706,0.007473685,-91.60449,-110.55298,485.51416,137.53908,379.8592,1627.1802
43.13125,42.66875,4048.187,1.4962631,0.0025135898,-37.298584,142.42285,909.4436,173.27147,295.02713,1566.9805
43.13125,42.68125,3825.2231,1.7105374,-0.0031972455,23.0708,207.37354,712.687,139.151,392.7964,1607.9236
43.13125,42.69375,3015.1355,0.8773721,0.00031758175,-6.216797,-77.750244,-42.14966,128.75558,470.74408,1942.2742
43.13125,42.70625,2404.0393,0.32147303,0.0032972062,-32.881348,-259.56323,-573.67285,58.987286,280.3819,1398.8286
43.13125,42.71875,2606.6472,0.7556868,-0.0052993554,51.372314,-38.813965,-260.48267,116.94443,413.60065,1755.4824
43.13125,42.73125,2868.6218,0.96105087,0.0029882141,-27.543701,71.94946,100.08667,112.06695,440.87357,1755.4824
43.13125,42.74375,3010.0627,1.0455363,-0.007741927,43.358643,278.87207,282.40137,154.5186,421.87677,1625.263
43.13125,42.75625,2328.435,0.9244272,-0.0007137433,-4.2702637,-53.952637,-417.56226,148.76323,414.7656,1536.9878
43.13125,42.76875,2123.605,0.74593097,-0.00015663402,1.7209473,-201.34595,-686.6221,90.16374,293.47913,1277.088
43.13125,42.78125,2752.1736,0.6477873,0.0031077415,-41.68042,39.94287,-143.78076,111.54595,350.9929,1330.259
43.13125,42.79375,3277.6233,0.93128985,0.0025522201,-12.165283,168.281,285.92065,104.32641,276.163,1440.9763
43.13125,42.80625,3767.958,0.5680146,-0.011158164,117.569336,365.58105,685.9375,82.10359,265.80634,1210.25
43.13125,42.81875,3889.1028,1.0189449,0.0011605644,8.388428,346.6416,731.8467,118.82761,223.05156,1006.94727
43.13125,42.83125,3633.37,0.78719616,0.004113271,-30.872314,139.30249,442.5232,79.66806,270.87634,1252.4431
43.13125,42.84375,3453.9438,0.8823077,0.001833699,9.437744,146.70947,246.86841,127.644035,361.40836,1273.0264
43.13125,42.85625,3011.101,0.93114,-0.000378616,-10.446289,-128.62744,-183.10693,156.49281,379.6933,1460.7048
43.13125,42.86875,3184.2722,0.72055304,-0.00057023676,14.221436,154.65918,12.799805,90.11659,354.7647,1333.7312
43.13125,42.88125,3032.787,0.9391822,-0.004882945,41.08081,24.201904,-135.9707,158.46767,300.5778,1184.8582
43.13125,42.89375,2828.3174,0.70969677,0.0027801367,-31.99292,-222.42407,-354.66187,113.58477,273.1062,1095.4854
43.13125,42.90625,2912.6682,0.17135799,0.001835946,-21.449707,-248.88599,-296.75854,47.52894,251.09958,1022.6599
43.13125,42.91875,3244.4521,0.40523082,0.0030336112,-46.042236,-206.5752,-1.3457031,83.018074,255.92186,1122.7046
43.13125,42.93125,3425.6487,0.5899404,0.00085184304,-25.639404,-156.00537,135.58374,79.49843,192.52272,838.59937
43.13125,42.94375,3236.5566,0.0720687,0.00071697764,-11.833008,-235.2085,-85.27905,21.886068,213.14784,976.21094
43.13125,42.95625,3369.3394,1.006325,0.0033768516,-21.923584,29.990967,110.59497,155.14188,245.56873,1048.2573
43.13125,42.96875,3169.2976,0.88120776,0.00010186886,1.3718262,-84.92871,53.38086,127.37347,349.36084,1569.3828
43.13125,42.98125,3215.3572,0.4885546,0.0009873206,-16.212646,-148.03223,264.91943,104.32641,502.1474,1944.6353
43.13125,42.99375,3762.2883,1.1904029,0.00061097956,3.8720703,647.8672,987.3972,188.8412,812.5411,2462.4795
43.11875,42.00625,2543.157,0.67506367,-0.0012884649,8.810547,148.6084,190.656,121.049576,444.03323,1665.5953
43.11875,42.01875,2100.676,0.8221832,-0.00025657416,19.67627,58.31079,-278.00122,132.38013,376.4376,1403.5026
43.11875,42.03125,1615.1924,0.0860123,0.0015948869,-22.779419,-232.41699,-824.9148,27.89265,205.60399,839.55444
43.11875,42.04375,1939.2284,0.72450787,0.00024794825,-0.86157227,-86.37683,-585.4452,85.01324,269.38263,1110.516
43.11875,42.05625,2485.647,1.0748949,-0.0046907887,44.080566,55.629395,-113.099365,137.02919,323.9051,1448.7242
43.11875,42.06875,2818.448,0.58994603,-0.0010511014,-1.5671387,-46.627686,155.79492,85.46052,303.94162,1543.5208
43.11875,42.08125,3190.1333,0.47829774,-0.0008485987,3.1896973,0.9802246,489.29395,86.434944,233.30238,1119.6074
43.11875,42.09375,3242.0469,0.3200464,-0.002797597,31.031738,51.137207,533.3562,46.389652,208.71512,1163.9541
43.11875,42.10625,2948.499,0.92633194,0.000263519,4.4433594,27.412598,257.16406,126.566185,271.26923,1200.9534
43.11875,42.11875,2728.7925,0.3673295,-0.0022342606,19.332764,65.60254,95.555176,77.97436,344.1969,1427.1779
43.11875,42.13125,2383.735,0.6310804,-0.00039771083,-7.927246,-55.928223,-130.44116,97.14937,399.945,1616.1921
43.11875,42.14375,2326.4822,0.6884779,-0.0013811209,10.489258,58.974365,-26.631592,106.02358,408.99878,1412.3529
43.11875,42.15625,2102.2556,0.8683164,-0.00045624338,9.152832,-7.0793457,-119.93384,143.91144,419.3763,1514.0322
43.11875,42.16875,1920.2545,0.8558211,-0.0027548303,34.526855,57.691284,-196.66345,133.16156,384.94092,1562.9711
43.11875,42.18125,1399.7258,0.6360838,0.0023798726,-23.825684,-162.3778,-645.0664,88.24185,318.83774,1322.4137
43.11875,42.19375,1306.0881,0.5560933,0.000997247,-3.7346191,-160.58862,-709.0143,60.45453,233.11156,1020.4874
43.11875,42.20625,1687.7477,0.5442918,-0.0013282818,4.798828,-1.163208,-324.89014,96.56086,336.94064,1255.4037
43.11875,42.21875,1969.8796,0.5370514,0.0013509163,-8.193237,13.81543,-72.904785,86.745316,369.234,1378.0388
43.11875,42.23125,2004.2709,0.3213143,0.0042625545,-44.987915,-161.96814,-97.869995,74.09116,341.87936,1441.7374
43.11875,42.24375,2593.6682,0.32942262,-0.0046042893,33.93457,216.69873,379.02808,71.330215,314.1552,1395.7074
43.11875,42.25625,2539.0266,0.43168506,0.0006048014,-12.092285,-32.34961,202.3186,75.32264,280.82022,1355.6785
43.11875,42.26875,2612.0806,0.7068833,0.002147884,-22.170654,72.974365,164.85352,106.96962,290.28088,1203.861
43.11875,42.28125,2288.8577,0.42889553,0.0033475654,-33.80786,-244.32983,-271.38306,66.94774,257.43835,1029.8746
43.11875,42.29375,2841.3203,0.36984918,0.003715288,-38.12793,81.88257,206.18945,59.594463,251.54622,1222.7935
43.11875,42.30625,2943.7336,0.24690354,0.0034853758,-34.69702,-64.73584,263.92896,69.30368,201.07462,951.2551
43.11875,42.31875,3329.5342,0.14049307,-0.0055182693,39.256348,134.67432,633.01904,55.362442,207.92307,1140.512
43.11875,42.33125,3146.2622,0.34248137,0.0021734107,-17.485107,-3.0627441,473.26123,61.514225,322.1118,1606.8342
43.11875,42.34375,2709.221,0.47609463,0.0012455103,-20.760742,-161.40674,126.40845,82.96083,389.02765,1798.5535
43.11875,42.35625,2823.1196,0.557374,-0.0037270589,35.272217,179.72314,378.47607,97.182816,318.78677,1279.3765
43.11875,42.36875,2410.6248,0.539171,-0.00057101005,9.904297,-15.817383,72.10498,70.0928,281.29166,1265.2667
43.11875,42.38125,1903.2797,0.46275008,0.0064730584,-65.644165,-180.7174,-356.93103,79.917145,302.6169,1464.3889
43.11875,42.39375,1626.7561,0.69998205,-0.00066819106,2.8061523,-123.813354,-595.3435,79.609985,244.95,1157.2246
43.11875,42.40625,1695.337,0.33536276,0.0043613776,-44.208862,-132.21106,-528.9789,77.680435,273.9247,1065.2556
43.11875,42.41875,2286.6914,0.51827013,0.00011408954,4.3933105,-12.377197,19.426758,78.77817,303.4205,1197.869
43.11875,42.43125,2780.371,0.48546505,7.590982e-05,-3.3530273,79.42822,433.23022,76.23647,233.40952,1034.9077
43.11875,42.44375,2981.4058,0.47400853,0.0029577722,-20.293457,71.99512,517.3557,84.27336,276.65683,1447.6575
43.11875,42.45625,2981.4998,0.58299744,0.0017370471,-17.371826,-17.646484,380.82324,95.78622,388.01804,1604.8733
43.11875,42.46875,3049.5327,0.7091374,0.002609533,-26.847412,-27.299805,338.03735,121.016525,339.72342,1604.8733
43.11875,42.48125,3350.4707,0.3740298,-0.0023450856,9.544922,223.41357,583.95825,44.05678,184.72412,867.897
43.11875,42.49375,3051.7983,0.148845,0.0007909403,-8.288818,-78.38867,243.09937,29.444864,166.99402,811.4155
43.11875,42.50625,3347.116,0.80686146,0.00041417236,10.514648,233.04102,518.0249,66.67083,148.17894,829.0762
43.11875,42.51875,3120.834,0.82095563,-0.0044828304,59.710938,114.44409,314.97827,97.113335,213.14314,1088.9963
43.11875,42.53125,2838.3718,0.6169333,0.0018541025,-13.526855,-55.017334,62.30664,70.40597,253.23901,1070.1382
43.11875,42.54375,2918.1758,0.38888422,0.0009848424,-21.192383,-24.052002,191.96216,73.71567,286.33896,1201.2625
43.11875,42.55625,3253.9775,0.34266305,-0.009712092,103.18677,425.83398,579.4182,76.99351,313.88293,1335.8171
43.11875,42.56875,2686.8303,0.5815177,0.001364182,-7.8293457,142.46655,50.215088,91.348236,289.3683,1263.7476
43.11875,42.58125,2352.4526,1.3179786,0.0013154641,0.84936523,101.95972,-282.21118,205.39839,281.7215,1200.1926
43.11875,42.59375,1843.9382,0.1463973,0.0018941564,-25.557495,-230.67944,-801.5481,34.770676,231.27148,962.4193
43.11875,42.60625,2311.847,0.9169992,-0.00555191,34.607666,-7.253418,-360.85278,148.32565,374.85132,1505.5629
43.11875,42.61875,2975.459,1.061116,0.001407032,-14.703125,140.05347,224.86841,147.94931,384.0293,1774.8595
43.11875,42.63125,3737.116,0.91050416,-0.0042432565,81.27246,603.88696,887.26636,158.45189,301.19263,1347.0063
43.11875,42.64375,3346.3943,1.035544,0.001309991,-31.039307,44.33374,418.18286,156.17297,296.29715,1582.4512
43.11875,42.65625,3831.3806,1.7408348,-0.005337008,49.239014,273.417,848.70044,220.63545,433.05426,1717.9863
43.11875,42.66875,3557.902,0.6313495,0.0029615609,-33.43701,-24.315674,565.7656,140.85808,432.4581,1717.9863
43.11875,42.68125,3042.9058,0.50190574,0.0024234757,-35.966064,-214.729,82.23828,81.84131,330.2923,1464.2048
43.11875,42.69375,2717.76,0.38671216,0.0026260896,-24.362793,-189.88696,-169.57788,57.113922,278.78665,1447.1663
43.11875,42.70625,2825.166,0.062643096,-0.0075146663,60.225586,227.67163,34.688232,53.98148,246.89168,1183.7195
43.11875,42.71875,2114.2878,1.1145455,-0.0010682396,-0.18701172,-215.94165,-557.3711,110.036354,273.42276,1134.7283
43.11875,42.73125,2057.8486,0.7330998,0.00052173564,1.15625,-169.08887,-514.1172,125.79547,374.55774,1615.4257
43.11875,42.74375,2136.7427,0.82744056,-0.0050050695,38.00244,-26.300781,-397.65552,137.49,392.78555,1615.4257
43.11875,42.75625,1799.3224,0.41012093,0.005895654,-54.127808,-333.10925,-761.30676,60.609406,286.57373,1387.3873
43.11875,42.76875,2404.4026,0.8976712,-0.003826191,36.373047,32.89038,-231.39526,137.03102,330.72873,1421.539
43.11875,42.78125,2326.9817,0.36349308,0.0036255096,-39.02246,-317.77856,-397.9917,57.536945,280.39346,1317.8123
43.11875,42.79375,2827.1235,0.599576,0.0011605044,-12.108887,-161.51709,-8.671387,126.57409,346.4044,1440.9763
43.11875,42.80625,3452.6492,0.37074003,5.7017536e-05,7.869385,5.701172,508.12134,59.531506,272.13968,1260.6299
43.11875,42.81875,3643.414,0.9947827,0.0015550326,-18.540527,38.31079,614.6477,127.216354,165.42975,748.89795
43.11875,42.83125,3249.3716,0.11883018,0.0015594646,-20.60376,-174.61377,188.46216,39.40812,251.57504,1181.0471
43.11875,42.84375,2968.7969,0.7943322,-0.003030328,12.563965,-148.52295,-113.75635,113.26076,275.06546,1162.9465
43.11875,42.85625,2802.671,0.95210534,-0.0026763587,16.638672,-2.4047852,-282.14453,128.09956,266.24518,1159.9978
43.11875,42.86875,2471.5457,0.45401278,0.002855282,-13.805664,-205.71631,-604.00854,56.11595,218.15361,1049.5852
43.11875,42.88125,2790.1965,0.47289604,0.00037132428,-4.06958,-12.977051,-295.2964,92.714615,227.65434,1052.6833
43.11875,42.89375,3188.9465,0.60240436,-0.0013293258,36.86328,156.12524,81.55908,102.528046,249.91399,1095.4854
43.11875,42.90625,3653.8054,0.3831174,-0.0030847823,49.935547,431.46436,516.9004,71.36526,259.4051,1027.554
43.11875,42.91875,3577.149,0.46536952,-0.00041568824,10.686035,205.41187,399.75073,78.03204,287.82288,1256.501
43.11875,42.93125,3567.4866,0.8536126,-0.0050033783,16.556885,138.39209,331.18652,146.43088,268.9089,1156.3936
43.11875,42.94375,3399.7507,0.44176376,0.0021272218,-23.433105,-16.306152,111.633545,90.57041,191.13608,947.01587
43.11875,42.95625,3421.0283,0.3946818,0.0025927867,-21.451172,-28.41211,190.15234,69.31089,143.5688,676.66504
43.11875,42.96875,3561.0295,0.14833441,0.0011770788,-20.013428,-1.4768066,474.3672,55.812183,204.15436,1098.5854
43.11875,42.98125,4131.7305,0.7643492,-0.0065640216,87.25293,358.4204,1205.405,132.84201,302.5855,1439.5791
43.11875,42.99375,4278.0674,0.9881493,-0.0009244699,2.0639648,900.51294,1520.7109,110.5622,884.18945,2462.4795
43.10625,42.00625,1702.2367,0.7441217,-0.0023522924,9.393921,-137.479,-588.3856,110.17713,327.8109,1187.7368
43.10625,42.01875,1555.1722,0.2223447,0.0008282248,-12.036743,-247.02002,-769.51965,27.870235,233.8493,1064.4937
43.10625,42.03125,1792.991,0.3751215,0.0050352416,-51.72412,-128.67468,-602.73413,69.476616,243.06378,1026.3694
43.10625,42.04375,2371.6587,0.5619955,-0.0018328952,41.432617,160.8623,-110.80151,91.45491,254.90979,1188.6849
43.10625,42.05625,2721.2507,0.79199827,-0.004893217,41.735107,123.34326,162.89624,109.615234,285.1298,1414.1337
43.10625,42.06875,3181.9255,0.4522583,0.002193559,-29.04004,129.08813,562.447,80.740326,313.48364,1226.7935
43.10625,42.08125,3659.7205,0.43203422,-0.0069219605,87.08862,337.5852,1002.63477,69.476616,189.8157,951.0637
43.10625,42.09375,3242.3462,1.0716281,-0.005949139,46.427734,51.996338,586.8418,147.55676,242.37367,1163.9541
43.10625,42.10625,2615.6428,0.46118414,0.0015073975,-42.43701,-197.9873,-8.538818,80.81151,279.1263,1200.9534
43.10625,42.11875,2372.228,0.3151852,-0.00353829,55.052002,-60.33911,-173.80273,68.421486,264.13348,1106.4308
43.10625,42.13125,1869.2017,0.21300253,0.000619056,-11.567993,-293.94214,-527.5979,32.63051,235.22118,1070.2798
43.10625,42.14375,1765.1714,0.69026864,0.0007540743,-20.321167,-271.55176,-448.30957,98.67624,242.99022,1010.63855
43.10625,42.15625,1781.874,0.5594812,0.0001091096,-4.3187256,-138.1582,-283.38818,96.89298,268.5256,1149.6543
43.10625,42.16875,1764.6097,0.4449514,0.0003955608,13.830078,117.442505,-192.22693,78.43628,282.48187,1328.1892
43.10625,42.18125,1165.1178,0.14871614,0.00286617,-25.308472,-210.36023,-726.00854,44.922153,185.879,817.4458
43.10625,42.19375,1489.6891,0.4996327,0.0027352322,-37.59497,-8.425171,-383.78357,71.24079,280.8211,1074.5018
43.10625,42.20625,2103.0288,0.5914586,0.0016515696,-17.923096,197.50354,209.76721,83.21658,269.27448,1185.9424
43.10625,42.21875,2480.3076,0.43004546,-0.0019191748,51.595703,285.52148,523.09204,64.478676,217.29588,990.8893
43.10625,42.23125,2631.989,0.32673022,-0.0031241928,53.297607,265.614,572.5864,58.275208,194.42479,860.67725
43.10625,42.24375,2767.3223,0.5802429,-0.0027755357,38.005615,216.74854,562.81665,78.892334,216.93663,967.56824
43.10625,42.25625,2894.4954,0.40818813,0.0030002485,-15.509033,157.13672,550.33984,58.463665,196.23456,972.8784
43.10625,42.26875,2953.5586,0.60365653,0.0061757714,-49.62207,152.82593,490.32056,85.12931,214.5705,940.2788
43.10625,42.28125,2853.0571,0.70715773,0.0009501022,-3.8723145,26.808105,283.14648,111.93525,224.24763,1003.11304
43.10625,42.29375,3001.6975,0.5893134,-0.001433137,14.210449,21.973633,363.1306,83.018074,226.69142,1119.4241
43.10625,42.30625,3240.1921,0.41658273,-0.0022416648,4.613037,127.87598,575.4407,49.959984,135.32553,651.6206
43.10625,42.31875,3017.279,0.18140292,0.002180107,-32.468994,-24.567383,370.46484,47.958317,203.65166,919.52246
43.10625,42.33125,2844.3413,0.62280124,0.00065469224,-6.713379,38.78174,262.5769,86.24674,273.44104,1140.885
43.10625,42.34375,2350.0474,0.6380678,0.0012216374,-19.572998,-125.108154,-118.906006,79.341034,266.4301,1313.7009
43.10625,42.35625,2051.1382,0.5866263,-0.0005928066,6.226074,-184.05371,-274.73242,110.21116,269.11893,1184.0404
43.10625,42.36875,2081.7656,0.69973034,0.0014611313,-14.608398,25.4458,-131.37036,113.57816,291.976,1390.2286
43.10625,42.38125,1787.3495,0.5729368,0.004328469,-28.33313,24.512817,-341.432,102.504875,299.37018,1165.4307
43.10625,42.39375,1374.8516,0.121794395,0.00021082054,-12.959717,-228.50134,-701.25024,31.612892,195.4629,819.6133
43.10625,42.40625,1945.158,0.7765765,-0.0017107978,28.394653,84.53235,-123.44385,100.13366,294.38367,1102.4154
43.10625,42.41875,2398.4082,0.6501985,-0.0027127888,26.032959,120.545166,293.9619,88.48446,241.35555,1085.034
43.10625,42.43125,2685.328,0.20545627,-0.005661992,43.649414,212.09155,507.0703,40.859516,228.38564,1239.8535
43.10625,42.44375,2344.6064,0.4182363,0.00417751,-30.773682,-99.795166,60.011475,89.69671,321.06464,1308.7668
43.10625,42.45625,2297.978,0.6221668,0.0013894248,-14.235596,-165.9231,-108.142334,90.90379,306.78738,1345.7891
43.10625,42.46875,2568.246,0.54668605,0.0022904556,-28.701904,-98.13208,66.436035,74.74958,303.99918,1336.7917
43.10625,42.48125,3004.9949,0.46929651,-0.00024049883,7.6586914,149.35864,453.9944,74.80642,325.69003,1253.8157
43.10625,42.49375,3041.4849,0.6619465,-0.0030768553,19.8667,85.60693,443.73877,108.06942,303.19797,1281.8608
43.10625,42.50625,3064.1477,0.5570756,0.002182685,-13.501953,24.124756,433.93555,89.12351,197.0406,946.2429
43.10625,42.51875,3114.411,0.39321893,0.0020452926,7.213623,65.67236,485.20605,43.347435,148.21606,739.37866
43.10625,42.53125,3281.0642,0.52325433,0.0048152036,-8.558838,233.00537,663.5449,67.3721,164.195,709.0508
43.10625,42.54375,3362.8108,0.7323541,-0.003262218,44.7229,239.4585,786.61743,100.53358,154.77725,710.88525
43.10625,42.55625,3018.5269,0.7971173,-0.0033794818,39.68213,32.438232,499.2212,94.45634,234.9319,1070.2051
43.10625,42.56875,2411.156,0.4024913,0.003021346,-37.497803,-251.51855,-65.875244,50.82814,246.95343,1215.884
43.10625,42.58125,2038.0935,0.43254137,0.004249151,-62.972412,-215.54858,-436.89185,71.683334,333.84726,1267.511
43.10625,42.59375,1718.8047,0.1815759,-7.294011e-05,-0.07397461,-180.93042,-775.4133,26.547129,215.13774,1006.1986
43.10625,42.60625,2021.6163,0.8327653,-0.000762308,18.368652,2.724121,-503.55627,102.8409,324.10492,1334.5619
43.10625,42.61875,2500.9841,0.6725023,-0.0023325249,3.730957,15.101807,-93.70703,98.6889,466.30356,2144.5356
43.10625,42.63125,2709.5134,0.6876273,0.00024548397,-10.739746,-128.88159,23.11084,128.02344,474.04956,1865.2695
43.10625,42.64375,2930.016,0.57229775,0.002242172,-18.03833,-91.40503,163.01904,93.78166,406.71613,1645.842
43.10625,42.65625,2939.436,0.61873883,0.0008776327,-17.538086,-143.72778,110.89087,105.900894,323.08823,1592.8972
43.10625,42.66875,3058.4666,0.39794254,-0.0040269117,29.877441,-92.19214,201.8794,41.37632,265.69907,1501.2954
43.10625,42.68125,3407.1584,0.35730177,-0.006977391,66.434814,260.6748,568.2947,61.13101,194.26013,963.31885
43.10625,42.69375,2978.1274,0.2581084,0.00027916091,-5.447754,-31.830078,216.4978,55.226807,185.66907,805.021
43.10625,42.70625,2851.7917,0.78625995,0.0008092837,-6.5856934,73.78784,199.34644,98.79271,251.41301,1198.9763
43.10625,42.71875,2428.5977,0.9273074,0.0029685295,-22.67334,39.167236,-100.72485,131.94885,303.34387,1178.2427
43.10625,42.73125,2197.1973,0.6310569,-0.00409266,56.697266,207.58862,-239.48267,83.725746,276.9332,1160.5765
43.10625,42.74375,1625.5902,0.14822413,0.0054996833,-39.90442,-246.26819,-775.94006,37.838474,191.72441,831.67346
43.10625,42.75625,2375.34,0.57544506,-0.0032327003,36.736084,170.94702,-56.04956,89.89438,353.6651,1382.2059
43.10625,42.76875,2831.168,0.45490152,0.0013694569,-17.923828,155.55396,332.11963,85.97965,313.92514,1518.4159
43.10625,42.78125,2926.046,1.3614066,-0.0015202838,2.4511719,69.2146,342.73486,181.51033,255.08136,1042.7168
43.10625,42.79375,2875.2312,0.77652794,0.002871975,-28.605957,-159.1018,179.73022,91.26335,316.85486,1375.2573
43.10625,42.80625,3571.4387,0.28431472,-0.0013676477,14.837891,172.95288,762.85425,54.534393,250.76483,1260.6299
43.10625,42.81875,3461.6687,0.8827104,-0.0005976337,11.400635,-47.430176,569.18677,98.21405,211.13739,900.8977
43.10625,42.83125,3330.734,1.0138801,0.0029697155,-25.003662,-2.3254395,417.60767,157.13052,246.57251,1076.6494
43.10625,42.84375,3082.4463,0.5523177,-0.0015898192,5.721924,-23.828125,152.57666,93.25234,204.12251,1074.2097
43.10625,42.85625,2719.036,0.33543232,0.0026346412,-20.180908,-100.08447,-219.21118,78.72738,256.9883,1097.7463
43.10625,42.86875,2298.0293,0.25991732,0.0039029755,-37.278076,-278.93555,-638.99976,51.894123,242.85387,1011.62036
43.10625,42.88125,2700.4302,0.65159434,0.0018521091,-9.351318,65.13965,-249.62646,145.1706,309.43173,1191.8328
43.10625,42.89375,2801.4585,0.7370968,-0.0002516015,-1.9216309,-40.583252,-173.8667,147.16656,343.8299,1442.7405
43.10625,42.90625,2791.6104,0.68539643,0.00067984825,-13.496094,-167.44238,-218.0166,107.64293,352.3748,1407.1582
43.10625,42.91875,2873.1987,0.20641431,0.0009004362,-25.41211,-189.59521,-184.68896,62.489998,281.5617,1236.7876
43.10625,42.93125,3054.8296,0.28386924,-0.001694527,9.508789,-144.7644,-78.6084,50.149776,195.12303,1020.9663
43.10625,42.94375,3279.049,0.04890078,-0.00014110285,2.3166504,-47.964844,75.79175,8.306623,139.28029,763.30835
43.10625,42.95625,3310.3923,0.21835753,0.002696357,-15.512207,-116.71704,149.15723,27.440845,128.24976,541.62354
43.10625,42.96875,3701.0881,0.93951905,-0.0012149102,24.572021,143.1206,670.43945,83.534424,168.19632,932.87524
43.10625,42.98125,3676.8655,0.4085991,0.00062016974,1.4240723,13.101074,790.8108,54.50688,250.12196,1272.4939
43.10625,42.99375,3579.8872,0.41761383,-0.0019591686,13.393799,368.8452,850.6008,55.26301,789.91455,2461.1045
43.09375,42.00625,1647.6414,0.41473567,0.0026548344,-7.657837,-92.528076,-602.1892,64.42438,212.25633,919.8596
43.09375,42.01875,2128.406,0.39796004,-0.0021172636,35.934326,176.31885,-161.15405,62.21334,264.30334,1009.4404
43.09375,42.03125,2298.8706,0.61207855,-0.0019705298,8.1345215,84.54443,-61.323242,110.26332,272.41147,1236.7069
43.09375,42.04375,2517.908,0.7217937,-0.0008388347,11.882324,56.424072,79.40137,111.921844,249.6838,1261.8147
43.09375,42.05625,2550.356,0.460703,0.0010676122,-17.341553,-192.85522,43.696777,77.662735,268.8745,1231.45
43.09375,42.06875,3353.362,0.89421916,-0.012449834,118.00781,268.3169,791.64136,133.14278,282.50485,1226.7935
43.09375,42.08125,3587.9517,0.67478853,-0.0031850552,75.54419,349.10547,998.0376,101.24229,205.04634,861.45825
43.09375,42.09375,3224.534,0.2426668,8.4139516e-05,-8.919922,94.53955,644.876,50.159744,188.20734,1060.6191
43.09375,42.10625,2974.1155,0.23774418,0.00127285,-3.1081543,55.197998,433.18018,49.101936,230.87659,1085.4146
43.09375,42.11875,2748.9502,0.5676018,0.0032000833,-14.5407715,113.5564,296.48853,104.02884,308.29776,1359.2837
43.09375,42.13125,2499.4023,0.8974342,2.7014064e-05,-3.8168945,119.813965,212.63892,110.66843,286.4917,1246.3074
43.09375,42.14375,2452.5735,0.40368763,0.0029073157,-22.395264,200.95044,362.2124,72.349846,250.049,1122.1738
43.09375,42.15625,2456.7012,0.644027,-0.0050894152,72.81836,385.68042,520.1885,80.32745,260.72302,1178.7942
43.09375,42.16875,1830.6013,0.46332958,-0.0038327533,46.147827,156.41992,1.0603027,83.30216,327.57443,1391.996
43.09375,42.18125,1131.5969,0.5156941,0.0046550333,-37.31299,-187.70447,-642.0482,67.30156,192.34897,807.16174
43.09375,42.19375,1342.6447,0.32376012,0.0011837875,-11.232056,-67.609375,-424.70264,63.378822,263.3173,1075.7417
43.09375,42.20625,1700.9187,0.27021608,0.0006829251,-9.185791,-50.682617,-106.51257,57.48043,261.3513,1233.4445
43.09375,42.21875,1946.646,0.5471226,-0.001873388,11.802368,-30.109253,49.194702,78.16809,260.29166,1063.5671
43.09375,42.23125,2104.611,0.48941895,-0.0043614027,40.878662,-36.633057,75.79553,78.81941,271.7324,1125.7692
43.09375,42.24375,2232.9739,0.639977,-0.0042516384,28.345459,-83.23926,37.363525,103.143105,288.16922,1186.5361
43.09375,42.25625,2336.936,0.4953827,-0.0010010946,2.0629883,-145.50464,-8.344727,79.602135,294.88474,1229.1667
43.09375,42.26875,2562.1372,0.42886496,0.0002260818,-9.728027,-82.54004,96.45386,77.74638,289.91895,1057.2788
43.09375,42.28125,2764.6296,0.6790171,0.003185018,-35.182617,-50.085693,201.91211,105.48222,241.02592,997.7295
43.09375,42.29375,3145.807,0.36128688,-0.008842932,61.337402,190.26367,532.20557,48.559242,201.36534,918.0349
43.09375,42.30625,3046.025,0.541377,-0.000757217,18.969238,78.083984,443.08472,50.447994,190.53609,893.74585
43.09375,42.31875,2799.945,0.37683627,0.0021625236,-20.878418,-46.34424,258.39087,60.551632,170.30414,825.6494
43.09375,42.33125,2648.8594,0.58975595,-0.0010040291,4.467285,-38.486084,206.42139,95.68176,169.62901,910.397
43.09375,42.34375,2548.6782,0.5329033,0.0014811446,-3.3967285,115.35449,233.74341,99.4711,238.35793,1049.6846
43.09375,42.35625,2280.1975,0.4253196,0.0003473029,5.3916016,165.0188,108.71387,73.14369,235.62045,1037.9806
43.09375,42.36875,1768.0479,0.78521025,-0.00059322355,10.259766,-45.164185,-287.6626,104.03845,231.36876,1075.8369
43.09375,42.38125,1432.891,0.6533761,0.0015471682,-5.76355,-78.881836,-533.62964,90.13878,222.68138,966.3707
43.09375,42.39375,1486.6466,0.5202495,-0.0015293924,13.017456,-11.58374,-420.69824,65.81793,202.84045,855.70215
43.09375,42.40625,1957.104,0.48181385,-0.0032291715,31.169312,138.14563,63.627808,85.438576,266.10712,1102.4154
43.09375,42.41875,2081.747,0.3702976,0.00074331195,-7.840576,-28.007324,159.6018,73.92902,256.3562,1055.9532
43.09375,42.43125,2132.9429,0.6101799,-0.0028158652,17.148438,16.928467,141.66064,88.97752,294.01785,1221.0668
43.09375,42.44375,1805.2456,1.0240641,0.0032513847,-40.198486,-185.10132,-284.67163,111.190155,261.97327,1221.0668
43.09375,42.45625,2181.4846,0.43126392,-0.0013406605,21.292236,73.07495,-15.016113,72.601654,267.335,1204.7025
43.09375,42.46875,2528.643,0.3610344,-0.00066700886,16.188232,232.71802,247.1106,57.118298,278.91397,1307.3121
43.09375,42.48125,2150.7441,0.34782183,0.0045346147,-52.75708,-272.9873,-177.58887,69.16285,298.2256,1368.9855
43.09375,42.49375,2533.3503,0.48073044,0.0021719062,-25.167236,-80.51636,151.8877,71.29516,227.88484,977.94556
43.09375,42.50625,2907.6086,0.099287346,-0.0041194865,24.904053,134.99707,473.7019,46.08145,201.90591,986.5842
43.09375,42.51875,2771.104,0.32231632,0.0006700423,-11.0563965,-30.560059,311.9812,65.49809,257.42184,1150.626
43.09375,42.53125,2784.7034,0.55630004,0.0024765509,-17.693848,-48.052734,323.55786,84.782074,266.5605,1233.0803
43.09375,42.54375,3027.3223,0.28547174,-0.0024023189,25.736328,103.281494,603.14453,59.674114,230.61873,965.8816
43.09375,42.55625,3084.176,0.41632846,0.0013224436,16.39624,210.50415,721.88403,61.31884,225.08554,982.52856
43.09375,42.56875,2749.6777,0.82424957,0.0035211274,-23.587402,150.2749,435.4231,82.655914,270.5328,1147.9095
43.09375,42.58125,2147.637,0.69605446,0.0024284238,-25.16211,-10.827148,-167.00781,104.69002,302.54587,1183.1753
43.09375,42.59375,1655.106,0.2196882,0.001219975,-14.300415,-145.80591,-678.61084,34.216225,176.79013,709.90466
43.09375,42.60625,1651.9402,0.20450643,0.0029916377,-28.096313,-161.88318,-703.2766,40.370163,199.50815,884.67053
43.09375,42.61875,2046.8059,0.69476473,-0.0007487759,8.307739,-45.39502,-369.08813,93.169205,250.06499,1125.804
43.09375,42.63125,2249.594,0.62586415,-0.0003535776,8.568115,-98.0166,-251.99731,86.46965,240.02083,1053.8416
43.09375,42.64375,2692.309,0.60023,-0.0047863647,35.98755,168.04663,108.55615,94.14351,259.4041,1263.4989
43.09375,42.65625,2531.4612,0.5887014,0.00053139485,-14.837158,-165.74097,-120.00122,74.85653,251.23694,1184.7214
43.09375,42.66875,3160.5513,0.47596774,-0.0030527888,42.35254,262.3203,472.44067,67.05968,233.82686,1121.6218
43.09375,42.68125,3014.0637,0.5784162,0.0023875942,-18.37622,49.0083,346.1338,98.78259,282.4376,1145.1455
43.09375,42.69375,3065.9622,0.6410134,-0.0010782349,9.844727,173.65894,476.35864,112.36548,283.33374,1142.01
43.09375,42.70625,2716.4348,0.7808716,-0.0005242088,-10.99585,-14.379639,230.31445,91.214035,244.40437,1113.6228
43.09375,42.71875,2381.6084,0.5533786,-0.0011555594,13.039307,-10.779053,12.034912,96.015625,278.75436,1208.4325
43.09375,42.73125,1853.1445,0.60579354,0.0018940137,-13.9991455,-86.04529,-430.33887,85.28188,316.29694,1208.5527
43.09375,42.74375,1650.7946,0.6426493,0.002168241,-13.057617,-136.1001,-600.25525,86.35103,218.44221,881.42505
43.09375,42.75625,2284.4622,0.4349269,-0.0009855226,9.932617,162.1123,-2.123291,67.074585,373.00604,1491.6389
43.09375,42.76875,2721.855,0.63436854,-0.0032071227,38.37378,181.64233,362.77393,106.122574,377.61288,1568.5626
43.09375,42.78125,2902.475,0.53802913,-0.0021854113,23.80542,90.690186,454.46655,97.6806,317.60825,1395.4246
43.09375,42.79375,3154.907,0.53701365,0.003728818,-28.407227,146.91528,597.0242,94.302704,271.52716,1300.4802
43.09375,42.80625,3351.3015,0.74761295,-0.005988716,42.566406,141.36816,688.3445,94.33451,278.2319,1313.564
43.09375,42.81875,3457.7578,0.70128995,-0.0062431237,63.16626,157.99902,727.6846,77.25283,202.96059,1008.6738
43.09375,42.83125,3364.1028,0.61710507,-0.0018434452,16.229248,127.346924,627.92944,99.42334,165.2604,765.94653
43.09375,42.84375,3289.7498,0.8342039,-0.0023061878,19.45752,187.95581,545.6548,146.59808,194.22153,849.45703
43.09375,42.85625,3029.878,0.6277156,-0.0001530914,16.055908,186.53223,280.07202,80.11242,255.24596,1269.0063
43.09375,42.86875,2370.955,0.6151645,0.0015016691,-21.618896,-103.075195,-381.51,103.53019,269.6099,1124.3378
43.09375,42.88125,2483.9346,0.7205552,-0.0021169381,38.250977,67.22974,-283.64062,106.84568,225.82626,995.5951
43.09375,42.89375,2746.157,0.51707107,0.0013431907,-6.4208984,77.68164,-55.71826,112.1004,242.72618,1164.5999
43.09375,42.90625,2776.8652,0.5336939,0.002550931,-4.2026367,-118.20679,-80.989746,82.749626,305.8856,1293.1794
43.09375,42.91875,3187.2493,0.6111391,-0.004617806,23.553467,85.4729,250.76733,126.31706,303.87662,1182.9678
43.09375,42.93125,3596.6516,0.9083358,-0.003535296,60.56543,311.50513,549.88306,129.64568,259.17563,1067.2212
43.09375,42.94375,3801.959,0.664796,-0.011146043,118.01758,408.771,650.7175,117.85584,211.53014,933.5515
43.09375,42.95625,3622.4768,0.5010811,0.0029272141,3.4360352,223.86426,489.14355,60.621777,216.76485,1090.2261
43.09375,42.96875,3386.5107,0.39270177,0.0018649866,-29.614746,10.659912,369.6421,64.74566,230.0826,1122.0745
43.09375,42.98125,3279.1409,0.5694671,0.001348008,-19.929932,-94.75537,389.6289,93.34881,191.32433,1048.6912
43.09375,42.99375,3276.8198,0.13855208,0.00089482527,-10.782471,290.71924,527.718,22.181072,612.3422,1632.3619
43.08125,42.00625,1891.1423,0.36684495,0.0028251628,-27.439331,-151.73438,-275.61572,61.30253,263.95596,1039.648
43.08125,42.01875,2385.2244,0.3471912,-0.0055696946,44.85376,116.55884,161.3899,66.24953,224.32231,1007.47363
43.08125,42.03125,2317.6433,0.19356722,0.004575476,-46.861816,-139.854,15.097412,48.394215,161.96295,788.3104
43.08125,42.04375,2552.0112,0.1922707,0.0029259066,-34.86206,-66.367676,165.52441,36.884956,133.03758,775.6433
43.08125,42.05625,2878.4236,0.53107196,0.00045313066,2.491455,122.0437,423.8379,89.42874,189.31323,955.6614
43.08125,42.06875,2821.7366,0.22307366,-0.00057675684,-2.0234375,-53.082764,324.89038,47.339203,259.2605,1149.2102
43.08125,42.08125,2866.2515,0.23070832,0.0007859149,-8.019043,-95.97412,355.42432,44.277534,273.03845,1089.4727
43.08125,42.09375,2945.9395,0.512359,0.0034666818,-41.98584,-2.6464844,453.2036,72.34639,259.1081,1177.0259
43.08125,42.10625,2882.2598,0.58776784,-0.0011108032,9.761719,61.627197,443.11328,115.55951,278.9991,1092.3027
43.08125,42.11875,2553.4238,0.51911753,0.0005045952,-8.442627,-38.4834,214.5564,90.34102,313.27463,1271.392
43.08125,42.13125,2344.799,0.49642876,-0.0002375417,-1.8161621,-0.829834,175.29028,88.34874,296.69427,1199.2234
43.08125,42.14375,2069.2883,0.44826648,0.0006905054,-8.562988,-84.90723,99.32019,78.70515,293.58728,1206.1598
43.08125,42.15625,1888.1868,0.39132664,-0.0018324223,19.425781,-28.645508,65.226074,64.36226,293.3837,1223.177
43.08125,42.16875,1467.388,0.38813335,-0.00094935007,-1.454834,-73.48584,-266.0443,52.97169,304.20758,1446.7747
43.08125,42.18125,1067.7902,0.2880229,0.0023876058,-20.60791,-167.51111,-632.4877,39.03844,168.25873,832.88385
43.08125,42.19375,1315.8064,0.33142817,-0.0038920187,30.828491,-6.3843994,-397.01575,49.8134,208.11446,851.53876
43.08125,42.20625,1597.3176,0.24690019,0.0035981275,-37.028076,-24.472534,-172.66174,34.154064,171.90114,879.11316
43.08125,42.21875,1820.722,0.6589788,-0.000773388,20.684814,-7.307495,-53.907227,74.14513,148.9463,806.8523
43.08125,42.23125,2037.8627,0.37049785,-0.0018455667,32.846924,44.615112,20.26538,53.01179,157.35548,745.80725
43.08125,42.24375,2159.6733,0.36319885,0.001516587,-3.2810059,-11.838623,-28.237793,48.86717,169.5671,934.7207
43.08125,42.25625,2375.6653,0.098455034,-0.0011797782,15.375732,-2.315918,44.1687,22.660538,229.05676,1150.1033
43.08125,42.26875,2463.9285,0.6608936,0.0012792802,-0.6723633,-120.84253,27.666504,100.89846,251.29066,1037.5701
43.08125,42.28125,2575.9346,0.42700768,-0.0006827597,-1.128418,-159.53271,74.43945,70.35624,201.04602,915.1865
43.08125,42.29375,2733.1643,0.32019576,0.00021698879,-9.140381,-27.283447,223.31323,52.23983,165.333,846.603
43.08125,42.30625,2588.927,0.20636211,-0.00057993183,1.9897461,-87.08667,128.17676,37.202152,220.09315,1016.3928
43.08125,42.31875,2578.428,0.3140586,0.0003580387,5.3867188,-2.6506348,208.33252,63.490158,240.2176,991.4524
43.08125,42.33125,2551.465,0.47829854,-0.0014642563,8.700928,57.0708,299.58887,75.19974,260.51678,963.7859
43.08125,42.34375,2341.433,0.67182547,-0.0019474125,13.472412,27.096436,214.49292,95.02368,282.0443,1157.8507
43.08125,42.35625,1962.5107,0.63954437,-0.002608163,24.745605,-73.25464,-43.290894,110.13401,269.01068,1225.113
43.08125,42.36875,1667.9618,0.28859198,0.00029764965,-0.6916504,-7.407837,-239.56165,74.43453,297.29364,1260.0118
43.08125,42.38125,1277.1677,0.55444556,-0.00033628545,-0.44177246,-117.05005,-558.9967,74.5,177.76038,799.70544
43.08125,42.39375,1406.5726,0.3064671,-0.0010014721,10.419556,-74.92102,-384.98633,44.55474,219.03653,859.23303
43.08125,42.40625,1629.3746,0.33504388,0.00244076,-24.284302,-85.15137,-149.61523,42.17523,151.8807,713.9822
43.08125,42.41875,1895.629,0.27568543,0.0003000263,-0.2866211,78.027954,94.362305,34.394768,157.56824,779.129
43.08125,42.43125,1837.1425,0.6298956,-0.0020270546,17.940186,97.68909,-23.989258,93.882904,220.58049,927.5753
43.08125,42.44375,1468.2843,0.2743642,0.0061540627,-42.848633,-207.20764,-473.90906,49.21636,189.65231,894.14026
43.08125,42.45625,1866.287,0.53717256,0.0006764338,-6.8302,38.588013,-157.01685,68.60211,255.96826,1113.3179
43.08125,42.46875,1719.7098,0.55710834,0.0042731194,-41.74182,-222.34741,-372.36072,65.243774,243.12651,1090.4784
43.08125,42.48125,2105.715,0.675673,-0.00033069038,7.1918945,28.861572,-29.054443,81.75268,275.21173,1152.1447
43.08125,42.49375,2439.0098,0.552097,-0.00026395297,5.8754883,141.69458,244.19507,95.3546,289.17038,1224.7843
43.08125,42.50625,2457.6504,0.5856445,0.0010233491,-10.045654,54.50244,188.20483,77.775314,304.07977,1256.8203
43.08125,42.51875,2187.761,0.5905957,0.003958914,-37.04248,-173.13403,-128.28613,83.6421,307.6012,1258.7236
43.08125,42.53125,2525.642,0.7552792,-0.0010529128,11.6032715,149.85449,198.35693,100.74473,320.4637,1331.5493
43.08125,42.54375,2429.0925,0.47335052,0.00044448397,-7.809082,-69.336426,135.17383,85.67088,307.23688,1155.415
43.08125,42.55625,2639.2517,0.52455646,-0.00020136734,5.154785,81.734375,409.65283,77.49516,289.8767,1159.9084
43.08125,42.56875,2380.2822,0.48925814,-0.0007538859,8.937012,-41.059326,200.2998,82.75868,289.97845,1286.5748
43.08125,42.58125,2065.348,0.47099668,0.00028095834,2.1938477,-8.312012,-118.11279,56.271664,239.8906,1110.5625
43.08125,42.59375,1705.3044,0.49289903,0.00014534096,1.5755615,-68.29553,-489.0398,60.94875,163.82613,696.56396
43.08125,42.60625,1681.8915,0.11646638,-0.00012039821,1.7746582,-21.846436,-516.9254,18.02082,113.4339,516.88477
43.08125,42.61875,2022.7545,0.5225666,-0.0019510542,18.928223,140.3263,-218.09656,66.24953,203.09235,812.03174
43.08125,42.63125,2121.5918,0.7364511,-0.00020839738,-2.7080078,55.11499,-189.0232,107.422066,225.30202,1078.0099
43.08125,42.64375,2058.975,0.70100003,-0.0005418427,-5.1481934,-126.2854,-324.99634,63.655323,219.48804,945.823
43.08125,42.65625,2325.185,0.564004,0.002856931,-30.89038,-101.97681,-127.076904,95.27329,272.88824,1273.6628
43.08125,42.66875,2771.8672,0.6939289,-0.0010747977,19.446045,77.366455,283.07935,78.44743,217.98738,1041.3569
43.08125,42.68125,2472.1177,0.3438846,-0.0012466616,8.986328,-155.58423,15.819336,49.162994,282.25964,1318.9097
43.08125,42.69375,2377.2305,0.5982908,-0.0010978314,15.345703,-73.12109,2.9956055,89.91941,289.2862,1229.009
43.08125,42.70625,2499.2983,0.43794972,-0.001481403,10.198242,59.28711,223.375,86.61986,239.12967,1229.009
43.08125,42.71875,2435.4583,0.57544965,-0.0009843351,20.338623,133.26831,256.15088,59.464275,205.85918,981.4874
43.08125,42.73125,1934.3689,0.73921716,-0.0008005916,3.3112793,-4.6534424,-182.85205,94.873604,266.23297,926.1533
43.08125,42.74375,1515.0178,0.023652943,0.001089652,-10.739624,-185.55005,-586.02954,14.620192,184.09169,830.105
43.08125,42.75625,1749.1757,0.53819805,-0.0030687363,16.98462,-63.218506,-392.29724,74.979996,282.57654,1249.6499
43.08125,42.76875,1955.2434,0.74016565,0.004789963,-44.628296,-163.91797,-255.38647,90.30504,304.47003,1391.4673
43.08125,42.78125,2415.421,0.5466315,-0.0003146113,-4.303955,5.4436035,118.54175,80.19663,304.89752,1307.5109
43.08125,42.79375,2499.313,0.94308305,0.0006645378,-12.266357,-139.54395,97.91846,144.88617,304.61533,1411.6635
43.08125,42.80625,2777.6821,0.38788137,0.00159154,-20.095215,-60.89209,277.07324,59.097378,283.94012,1198.7993
43.08125,42.81875,3163.2466,0.37297216,-0.0068465522,57.771973,213.84326,609.5217,61.554855,342.72293,1422.4021
43.08125,42.83125,2877.3271,0.7070744,0.0020330255,-6.4230957,-120.798096,324.2107,126.22995,363.2203,1422.4021
43.08125,42.84375,3095.7837,0.28496614,0.0012476183,-9.876465,109.80322,534.6299,36.796738,281.757,1151.0857
43.08125,42.85625,2718.9019,0.58621526,0.0013648253,-22.378662,-89.62402,142.84863,64.4748,250.09798,1263.9753
43.08125,42.86875,2371.8757,0.51427746,0.00040361297,-5.473877,-76.80713,-225.1084,83.18654,270.51062,1109.31
43.08125,42.88125,2159.5264,0.7580088,-0.0005601349,1.4182129,-180.93164,-474.4314,83.12641,243.44815,1123.6573
43.08125,42.89375,2668.2969,0.7609877,0.0049054683,-27.87793,-3.482666,-22.885986,108.42048,334.6797,1422.1837
43.08125,42.90625,3324.1262,0.754889,-0.003107056,54.832764,282.28882,551.72,91.58602,257.17114,1229.3049
43.08125,42.91875,3253.3867,1.1244342,0.0036859212,-21.70166,153.75806,370.00806,154.05843,358.90668,1385.2598
43.08125,42.93125,2966.562,0.6771611,0.002624207,-24.93164,-67.35425,-61.15625,118.19898,460.25754,1534.2378
43.08125,42.94375,3070.8713,0.73236823,-0.0028112268,23.249023,25.502686,-94.52197,133.01503,461.03146,1466.147
43.08125,42.95625,2924.3833,0.7868696,-0.0011002175,7.581543,-93.41577,-236.2937,136.27179,389.31607,1350.8921
43.08125,42.96875,2820.3347,0.610642,0.0021425537,-31.873291,-209.4414,-228.67603,92.74697,271.8198,1076.9568
43.08125,42.98125,3319.0955,0.7491504,-0.0039563817,45.892334,125.5918,391.52466,88.039764,209.2845,1023.4158
43.08125,42.99375,3428.8984,0.75307345,0.0020842657,-21.348877,455.4077,635.78516,127.60486,610.47687,1832.6198
43.06875,42.00625,2348.9714,0.54219496,-0.0014177042,16.708984,190.27441,263.18506,84.73783,183.2621,776.3174
43.06875,42.01875,2435.9517,0.47472692,-0.0016134792,8.796875,119.15283,278.9873,68.50182,169.04585,763.97266
43.06875,42.03125,2355.5376,0.46028793,0.00093986996,-21.73169,-93.56445,116.750244,59.39276,135.31815,648.71216
43.06875,42.04375,2514.233,0.26681885,0.0025755516,-28.174805,-34.43872,195.073,39.812057,113.28504,613.8259
43.06875,42.05625,2499.9067,0.4058342,0.0021465465,-18.07129,-55.036133,118.86401,59.736923,149.16266,709.83154
43.06875,42.06875,2572.24,0.27986643,-0.0017516786,8.936035,14.27124,164.03442,32.28777,165.9262,738.9573
43.06875,42.08125,2533.648,0.29593664,0.00046911376,-4.311035,-64.30713,132.52148,47.89572,202.55617,925.3152
43.06875,42.09375,2555.3428,0.260129,0.00200639,-17.1521,-7.5217285,189.67773,45.563145,228.80887,956.56177
43.06875,42.10625,2410.9258,0.40249357,0.00025088474,-10.394531,-21.708008,114.731445,75.49503,229.90106,1017.88196
43.06875,42.11875,2256.5586,0.33070838,-0.002940931,24.71167,20.256592,66.27246,41.976185,202.60182,992.10925
43.06875,42.13125,1957.0934,0.18340148,0.001242891,-7.2506104,-88.00476,-67.95337,23.748684,167.37234,979.6354
43.06875,42.14375,1781.064,0.42035517,-0.00028886757,2.8989258,-53.51001,-57.15869,61.42475,192.39607,1012.41296
43.06875,42.15625,1869.6553,0.113353744,-0.005508543,64.81201,227.82922,158.89929,50.909233,182.73752,897.0106
43.06875,42.16875,1651.236,0.57177377,-0.0036810075,37.737305,250.48706,6.005249,92.69574,243.48126,878.94867
43.06875,42.18125,1009.9266,0.035286736,0.00023086087,-5.270996,-172.8288,-626.7576,12.811128,155.79634,719.2759
43.06875,42.19375,1387.5569,0.6541746,-0.002929829,24.858154,78.5387,-270.30212,67.736626,225.43015,899.6841
43.06875,42.20625,1853.7056,0.59068197,-0.002431434,47.509033,188.92615,133.23401,86.49567,222.36794,943.88696
43.06875,42.21875,2125.9763,0.5760317,0.0021132468,11.310303,168.03308,301.66907,83.15347,217.57758,1000.4746
43.06875,42.23125,2355.1685,0.52713084,-0.00479262,44.315186,169.46094,381.47314,82.846245,222.30946,1018.4115
43.06875,42.24375,2427.3613,0.69275254,0.0012351868,-18.977783,5.335205,290.99634,126.04562,275.59753,1268.9447
43.06875,42.25625,2720.0237,0.66305465,0.0036497598,-26.166992,33.65454,454.41235,110.77906,290.3524,1120.9158
43.06875,42.26875,3089.079,0.2746038,-0.0025591967,43.0,264.0166,745.3479,46.840153,206.45218,878.66504
43.06875,42.28125,2980.673,0.20761973,-0.004073106,49.762695,210.1831,610.5464,43.89761,167.78409,792.55884
43.06875,42.29375,2555.9133,0.5069378,0.0036194276,-43.938965,-46.183838,200.72412,68.50548,195.31258,959.9463
43.06875,42.30625,2317.1577,0.6519845,-0.0017091705,11.445801,-80.74292,25.64795,104.92616,191.88017,822.32996
43.06875,42.31875,2133.47,0.7173378,0.0023528738,-12.910156,-98.7334,-55.198486,124.31211,216.60332,891.542
43.06875,42.33125,2161.7402,0.2812005,-0.0046560704,54.569824,49.02417,97.35693,57.048225,232.07649,1059.4287
43.06875,42.34375,2116.951,0.5585716,-0.0027117718,33.774902,108.6499,162.69275,69.548546,215.18074,1059.4696
43.06875,42.35625,2190.6028,0.2248838,-0.00266176,43.692627,339.0714,331.5974,38.916576,203.75659,892.3424
43.06875,42.36875,1512.053,0.70147705,0.0026419088,-37.21472,-19.408813,-276.74927,83.0542,285.24158,1148.6836
43.06875,42.38125,1151.2932,0.5450683,0.0023342164,-24.973389,-216.396,-599.07495,70.08388,181.21259,755.9492
43.06875,42.39375,1714.0204,0.8246394,0.003835296,-34.70117,220.77588,-7.711792,98.81548,227.40327,1016.64923
43.06875,42.40625,1563.9553,0.68543845,0.001966899,-20.633423,34.656494,-147.68445,114.0581,272.1507,1019.14386
43.06875,42.41875,1576.0092,0.3573413,0.00093691703,2.157959,80.94873,-158.5398,61.290295,273.42505,967.45917
43.06875,42.43125,1438.9958,0.5382621,-0.001546401,15.7248535,-28.140625,-343.9641,84.50074,204.8414,920.8261
43.06875,42.44375,1438.725,0.3375794,0.0029054051,-27.953491,-55.03235,-402.14124,44.379047,151.17209,776.5394
43.06875,42.45625,1732.9216,0.33578765,-0.0024630423,27.514893,143.89465,-156.27429,42.050564,155.12979,804.5249
43.06875,42.46875,1519.1744,0.39239883,0.00046628359,-2.2398682,-129.97595,-407.70544,52.526184,175.72208,810.11096
43.06875,42.48125,1815.0219,0.29957494,-0.00032037013,4.680786,81.242065,-134.255,57.920204,260.75516,1160.9178
43.06875,42.49375,1700.6702,0.4085506,0.0037945602,-30.999878,-160.01697,-302.48828,64.07223,292.08646,1162.9098
43.06875,42.50625,1995.1547,0.3683525,0.0012127404,-7.7547607,55.04944,-84.53894,67.60362,287.18765,1186.5118
43.06875,42.51875,1833.8855,0.53525674,-0.0019207092,14.098877,-94.39661,-299.86743,77.19618,274.28635,1186.5118
43.06875,42.53125,1971.0476,0.56081605,-0.0003577544,8.115234,2.218628,-182.5747,75.36246,231.74393,1070.7736
43.06875,42.54375,2009.7507,0.19972795,-0.00023858986,-1.8620605,-134.56836,-127.431885,34.803017,198.11865,919.9252
43.06875,42.55625,2226.1162,0.41786844,0.0006441745,-21.192383,-82.029785,137.02197,60.45246,155.05806,739.39465
43.06875,42.56875,2347.6577,0.5697752,8.961262e-05,-5.5148926,48.048096,296.31567,77.27872,155.25624,809.119
43.06875,42.58125,2138.1409,0.5308752,-0.002189498,22.296387,28.716064,80.25342,90.59249,179.18565,853.12024
43.06875,42.59375,1805.3926,0.4846276,0.00020598691,-3.3084717,-54.802002,-261.7068,58.420887,215.13774,765.40955
43.06875,42.60625,1563.5706,0.08906173,-0.00034844328,2.4925537,-101.32861,-497.23218,16.77051,145.28421,721.00757
43.06875,42.61875,1614.2992,0.1332502,0.00138449,-22.179077,-108.46863,-462.25427,37.316216,180.10483,780.63306
43.06875,42.63125,1860.5315,0.63795537,0.0015374781,-9.461792,-93.35571,-265.9292,94.006645,220.3032,1032.0231
43.06875,42.64375,2150.5417,0.5321615,0.0009163679,-5.9941406,-0.86206055,-32.693115,94.688965,194.55333,806.2295
43.06875,42.65625,2313.1582,0.6697917,0.0012466643,-2.4819336,-54.256104,67.14087,101.220055,203.2646,875.76025
43.06875,42.66875,2650.9192,0.23395424,0.002436778,-15.9140625,100.190186,361.05054,43.358967,151.43646,681.9519
43.06875,42.68125,2567.2056,0.5276191,-0.0027624858,10.679932,116.7688,295.01855,74.47147,220.81554,959.50464
43.06875,42.69375,2012.1763,0.66120034,-0.0034192868,19.824707,-152.81323,-190.0498,83.78544,230.44305,974.3495
43.06875,42.70625,2243.7356,0.4039328,-0.0024993434,25.95459,95.38989,111.93091,69.39741,226.85347,955.55066
43.06875,42.71875,2311.4626,0.20475055,0.00330303,-14.574951,97.39502,230.19043,27.175356,163.22377,788.2678
43.06875,42.73125,1977.2206,0.4541391,0.0037541005,-42.18799,1.677124,-73.97839,61.012295,233.04668,1000.7167
43.06875,42.74375,1711.0436,0.49919504,-0.002029089,27.570068,55.22473,-337.036,72.44998,179.67053,658.2163
43.06875,42.75625,1511.0078,0.16079573,-0.00082896074,-2.1964111,-99.121826,-574.6128,30.805843,137.62813,598.77686
43.06875,42.76875,1859.8568,0.51533544,-0.0004936581,3.3822021,-6.694824,-278.67224,59.678303,225.91148,985.6792
43.06875,42.78125,1947.235,0.17876907,0.004288509,-51.720947,-155.26062,-258.1703,56.57296,202.42653,912.05774
43.06875,42.79375,2459.8152,0.44243288,-0.005738962,60.073975,228.46606,161.75317,74.32025,276.43625,1106.3839
43.06875,42.80625,2290.367,0.6716454,0.0014708259,-15.247314,-59.189453,-93.51758,114.915184,367.4915,1413.1204
43.06875,42.81875,2415.1084,0.59749,0.0047266153,-25.249268,30.548828,-6.3320312,113.09288,374.59912,1419.9338
43.06875,42.83125,2431.5913,0.62181515,-0.0009985936,10.01001,9.716553,16.995117,89.72458,354.93097,1419.9338
43.06875,42.84375,2487.6514,0.5584674,-0.0013409521,5.4230957,-16.930908,57.40869,100.60069,345.77014,1326.7288
43.06875,42.85625,2593.7292,0.69245404,0.0038863525,-30.355225,66.0188,137.70142,132.55754,312.21948,1218.5724
43.06875,42.86875,2703.8281,0.5747932,-0.0022589886,36.95459,354.26318,210.1919,72.934906,309.3776,1239.7334
43.06875,42.88125,1920.5679,0.43319693,0.00668799,-54.334473,-301.71973,-623.5542,49.08666,205.47627,979.32495
43.06875,42.89375,2508.8943,0.7363534,-0.0015027188,12.330566,28.91211,-106.60327,101.54309,333.55884,1425.1172
43.06875,42.90625,3077.7332,0.44171882,-0.003770255,42.12549,334.81567,369.0974,75.059975,356.80737,1492.7286
43.06875,42.91875,2409.772,0.913616,0.0052184933,-51.931885,-272.14502,-420.87134,112.41663,355.61566,1492.7286
43.06875,42.93125,2459.6587,0.79467887,0.0023134376,-38.97827,-196.10547,-527.49634,118.65496,241.33482,1065.0706
43.06875,42.94375,2527.927,0.401442,0.0026758476,-40.760498,-237.36426,-606.0686,71.48426,206.05219,864.4746
43.06875,42.95625,2674.5208,0.6169384,0.0026670475,-20.273438,-147.36523,-463.2666,82.170555,192.25244,815.86523
43.06875,42.96875,2806.8945,0.20273718,0.0014100205,-22.813477,-112.76489,-227.66455,44.67102,178.81555,790.9927
43.06875,42.98125,2941.9202,0.6089782,0.0027350157,-30.528076,-179.95337,17.393066,66.820656,223.53748,1023.4158
43.06875,42.99375,3454.5303,0.58250237,-0.004459009,39.36499,501.91846,656.5845,70.40597,610.1516,1832.6198
43.05625,42.00625,2147.3735,0.60701203,0.0011999586,-12.879639,-53.515137,107.80029,108.85541,146.47696,581.22095
43.05625,42.01875,2159.1704,0.5388054,0.0052314308,-33.14966,-121.251465,51.5813,81.38489,127.13576,582.89954
43.05625,42.03125,2409.2087,0.45920318,0.0022122737,-23.358643,16.518066,226.94727,65.06535,124.16723,576.4092
43.05625,42.04375,2489.7202,0.57160217,0.00049207953,-8.699707,56.908447,240.0022,69.5018,120.94214,530.5398
43.05625,42.05625,2264.6948,0.4153092,-0.00043944843,-1.2612305,-72.16211,-35.21875,65.81033,168.07736,713.4874
43.05625,42.06875,2278.935,0.34913987,0.00013163652,3.9140625,3.722412,-35.66504,57.074512,187.78445,724.55725
43.05625,42.08125,2266.2317,0.47848815,0.0026270126,-13.473145,-3.878662,-23.466797,62.29366,204.78647,729.60925
43.05625,42.09375,2238.7087,0.25085396,-0.003131598,16.875244,0.67333984,-6.430176,52.49762,176.66069,715.5825
43.05625,42.10625,2249.997,0.5276147,-0.00083066244,13.679199,64.768555,74.38623,57.08765,144.60118,698.1378
43.05625,42.11875,1989.3661,0.18039656,0.0021386594,-31.687622,-80.0719,-90.90076,36.558174,124.83189,615.5426
43.05625,42.13125,1890.1505,0.14100625,0.002444261,-16.534424,-34.083008,-36.381226,39.790073,124.14507,682.77014
43.05625,42.14375,1868.7161,0.87008756,-0.00042281195,14.796143,101.70508,114.451294,93.06046,152.12003,741.2704
43.05625,42.15625,1498.4825,0.5894487,0.0026953132,-20.358765,-108.32263,-139.5686,106.86791,171.54956,765.73914
43.05625,42.16875,1293.3842,0.774851,-0.0016987822,25.16809,-67.18225,-285.96252,80.774376,240.98677,949.12256
43.05625,42.18125,1036.2819,0.11947196,0.00096474704,-5.7244873,-98.14624,-541.19604,16.197994,156.10933,795.49036
43.05625,42.19375,1249.8962,0.55133796,0.0014866827,-2.831665,18.525513,-347.6809,68.90664,212.02359,975.89856
43.05625,42.20625,1540.3497,0.6044226,-0.0017412938,24.11023,-24.62915,-107.75037,61.2107,256.4961,1010.94543
43.05625,42.21875,1790.4918,0.47614262,0.0025896137,-46.525635,-83.77661,60.06555,73.39619,285.84918,1235.941
43.05625,42.23125,2203.14,0.67432165,0.00047214772,5.5932617,72.94385,336.7185,108.05323,283.43958,1317.013
43.05625,42.24375,2317.4717,0.913228,0.0022487852,-21.865967,-130.73022,306.3828,95.32051,320.75693,1521.6432
43.05625,42.25625,3090.5374,0.5911077,-0.002523886,23.831787,343.40063,971.99585,82.77681,246.33006,976.65894
43.05625,42.26875,2928.3481,0.32119387,-0.00075246824,23.245605,174.28467,756.1782,48.187134,265.69156,1235.4362
43.05625,42.28125,2586.4219,0.69654506,0.0010472636,-14.451172,57.53369,405.75342,98.699036,309.97903,1303.8601
43.05625,42.29375,2453.0847,0.8102114,-0.0036806453,35.590332,87.9917,287.8462,99.63684,244.95816,1164.383
43.05625,42.30625,2550.9248,0.6149277,-0.0014600063,44.931885,283.57983,440.6516,78.41875,182.64993,817.35657
43.05625,42.31875,2338.618,0.62785465,-0.0027165816,35.56006,230.49146,325.0879,87.5871,197.4158,1011.95984
43.05625,42.33125,1825.6792,0.665032,-0.0005354477,0.6055908,-62.18286,-68.90027,90.28289,241.85843,1220.9855
43.05625,42.34375,1565.7535,0.6079298,-0.00062889984,-29.296997,-138.17859,-238.27942,76.495094,294.3459,1087.9248
43.05625,42.35625,1564.9387,0.49698195,-0.0022467072,16.604858,-22.116333,-173.93713,106.31909,303.2874,1175.352
43.05625,42.36875,1449.0907,0.66824394,-0.0006166809,11.981323,84.897095,-249.53516,94.30536,282.154,1285.9664
43.05625,42.38125,1366.2604,1.0161197,-0.00023225517,24.912476,94.40662,-316.6781,111.31374,208.01773,845.0908
43.05625,42.39375,1188.9532,0.8407935,0.0011886202,-15.886963,-165.09448,-475.81042,142.82419,242.84769,1047.8257
43.05625,42.40625,983.2135,0.46592695,0.0019639472,-44.68396,-330.7301,-679.9331,61.372837,232.6752,1004.0648
43.05625,42.41875,1037.1871,0.49831232,-1.3835555e-05,-5.6898193,-211.57983,-663.1987,63.825935,186.75786,713.19586
43.05625,42.43125,1205.9897,0.33101544,-0.005405311,57.178833,-37.901855,-541.92786,53.82843,170.6645,683.5475
43.05625,42.44375,1190.7314,0.31076255,0.005392647,-40.563477,-102.38428,-599.7532,64.01953,189.68857,751.5772
43.05625,42.45625,1484.1514,0.5656192,0.0005041316,-8.072754,127.66321,-331.13977,73.84612,193.93652,742.4383
43.05625,42.46875,1370.0332,0.46383414,0.0009277925,-14.284668,-20.22705,-464.1151,51.594574,189.46141,808.43146
43.05625,42.48125,1346.9667,0.46458843,0.0021086147,-21.640015,-64.545654,-488.9225,56.35601,179.682,813.1809
43.05625,42.49375,1507.2806,0.3314501,-0.0016315203,11.078857,22.384644,-356.83008,59.133324,198.45024,866.6096
43.05625,42.50625,1467.9708,0.57009304,0.0020897824,-23.776855,-111.76489,-445.81396,83.58379,199.79552,837.02246
43.05625,42.51875,1556.5216,0.5743232,0.0020340462,-25.595703,-89.18115,-389.42126,83.21058,156.05849,739.9038
43.05625,42.53125,1719.3265,0.13723248,0.0007271275,-15.5008545,-54.32251,-240.8789,39.10882,138.46931,584.46204
43.05625,42.54375,2060.6519,0.42815894,-0.0038389033,22.68164,67.12744,106.02344,44.21821,175.33112,808.7621
43.05625,42.55625,2245.0662,0.61697793,-0.002799586,19.193604,72.1272,324.28174,102.42558,182.53903,786.3639
43.05625,42.56875,2355.3555,0.5970058,-0.0051246397,46.83789,181.4524,467.5581,79.58643,213.01878,950.83594
43.05625,42.58125,2123.7192,0.6065931,0.0020875398,-16.632812,58.734375,233.7622,65.34141,209.17696,1077.2834
43.05625,42.59375,2139.71,0.37424138,-0.0017424487,28.804688,280.5536,242.79651,61.06554,244.75038,947.0337
43.05625,42.60625,1692.1942,0.92071193,-0.0060047815,56.15576,76.13367,-198.35168,100.25094,187.11961,836.3257
43.05625,42.61875,1542.2166,0.4985986,0.00010014382,-12.706177,-134.40161,-362.55334,68.514595,219.47949,1027.7992
43.05625,42.63125,2033.8872,0.6226093,-0.0033806677,38.845703,-28.192139,85.01001,88.34025,282.81885,1046.4415
43.05625,42.64375,2550.782,0.22739209,-0.007394773,54.13623,284.59497,552.35254,45.918407,159.91873,709.5051
43.05625,42.65625,2228.7922,0.56402916,0.0017327017,-17.279297,-100.1897,178.45215,65.37201,180.5547,892.145
43.05625,42.66875,2360.8525,0.3674583,0.00072896475,-13.146484,-32.394775,260.85474,54.359913,174.85852,853.806
43.05625,42.68125,2463.7236,0.6282342,-0.0041104797,31.081299,169.5149,352.85913,55.299187,211.24512,994.97473
43.05625,42.69375,2001.225,0.635243,-0.0017020344,15.120605,0.15649414,-72.982056,76.09369,276.54385,1119.4543
43.05625,42.70625,1797.2781,0.65793204,0.0028405224,-22.02417,-63.521362,-235.48206,91.947,237.37471,970.9249
43.05625,42.71875,1899.3595,0.8656767,-4.4714005e-05,-2.8995361,11.648804,-99.56787,106.33202,292.0505,986.20715
43.05625,42.73125,1847.7096,0.71451783,-0.0031118412,43.0011,114.135376,-129.4906,110.020454,280.0174,948.6588
43.05625,42.74375,1440.4545,0.09573698,0.0014652301,-18.427856,-112.385376,-535.6467,37.070877,157.58966,633.1791
43.05625,42.75625,1455.5139,0.13840601,0.0022306652,-18.395386,-121.50549,-555.0791,29.043072,128.75655,517.6542
43.05625,42.76875,1843.1313,0.33165824,-0.00034172897,3.3411865,113.37598,-202.495,43.860573,161.54411,585.781
43.05625,42.78125,1832.8939,0.63494647,-0.00027343715,-1.0081787,20.805664,-248.276,93.14102,232.24232,1004.87476
43.05625,42.79375,1759.0353,0.30308732,0.00070141215,-4.282959,-71.16528,-389.43494,54.50688,268.10306,1028.9697
43.05625,42.80625,1805.2026,0.29608178,-0.00019827837,8.171997,-38.586548,-414.64404,46.265537,267.1245,1027.6787
43.05625,42.81875,1760.315,0.41086403,0.0013926405,-12.734253,-98.64429,-495.42212,65.01346,271.25726,1006.26807
43.05625,42.83125,1842.1587,0.4810636,0.00037798545,-7.7835693,-57.663696,-411.29492,93.018814,298.02222,1062.906
43.05625,42.84375,1943.0979,0.33555478,0.0012555036,-9.033691,-8.410522,-328.28784,70.115974,319.31918,1062.1478
43.05625,42.85625,1912.3749,0.61187387,0.0030343945,-21.95105,-81.19971,-393.37097,105.64682,357.7408,1329.7526
43.05625,42.86875,1895.36,0.667027,0.00010137387,0.49768066,-76.79846,-466.31653,127.65677,336.09634,1306.8295
43.05625,42.88125,2199.224,0.8980731,-0.0124192,113.74927,197.42163,-235.34106,124.4307,259.02704,1091.8467
43.05625,42.89375,2231.7341,0.9908814,0.0035319272,-11.404541,26.20288,-290.25903,163.72537,313.50757,1383.9963
43.05625,42.90625,2079.062,0.54712087,-0.0016169802,-5.209961,-333.05347,-546.3364,77.98397,306.811,1287.3503
43.05625,42.91875,2269.4976,0.41417783,0.00051434303,-21.253662,-249.49585,-483.68262,75.97368,237.4163,1087.2065
43.05625,42.93125,2701.454,0.73771393,-0.0016752024,21.22754,6.859619,-211.45898,97.539734,240.63354,1040.6995
43.05625,42.94375,3138.4353,0.6034529,-0.002407044,18.245361,169.63501,76.12549,72.73926,256.32596,1226.7742
43.05625,42.95625,3215.2983,0.32740614,0.001064468,-0.04711914,46.98755,140.73096,76.072334,292.26358,1375.1565
43.05625,42.96875,3302.1506,0.7671722,0.0010068377,-7.5441895,66.42798,319.06177,84.569496,292.81564,1236.4951
43.05625,42.98125,3035.4055,0.064477086,0.000413753,-5.3740234,-168.80249,153.44214,21.954498,226.80609,1104.1213
43.05625,42.99375,3129.3774,0.45804203,0.0020840918,-20.116943,256.0896,366.37207,55.163395,547.6331,1642.2648
43.04375,42.00625,2083.5312,0.58510333,-0.0014352311,7.6972656,-59.062256,36.83081,71.60307,177.35135,676.7523
43.04375,42.01875,2309.3516,0.44430253,-0.0012372375,6.315918,123.33765,211.28882,73.52891,186.46849,717.31055
43.04375,42.03125,2128.5728,0.48560658,-0.0006153972,-5.0114746,-130.95068,-18.925781,60.86871,197.03552,794.2643
43.04375,42.04375,2413.3145,0.5285116,-0.0015382483,8.079102,121.26929,221.71387,66.98881,157.59601,741.61755
43.04375,42.05625,2207.1125,0.43965742,0.00306095,-31.441895,-15.125244,-16.945312,63.55706,129.3329,589.73816
43.04375,42.06875,1960.0514,0.32468617,0.0018141171,-21.796143,-128.10168,-266.28552,36.56501,141.6598,726.14343
43.04375,42.08125,1986.8644,0.15977372,-0.0017054724,11.674194,-22.76477,-209.24597,18.841444,132.17508,679.3578
43.04375,42.09375,1919.0048,0.16483492,0.0013155119,-12.699707,-74.48816,-231.39636,38.363396,151.13983,763.7394
43.04375,42.10625,2067.766,0.029106056,-0.0036649576,17.845215,92.101685,-13.75708,30.700163,174.00143,763.7394
43.04375,42.11875,1868.3983,0.5479441,0.0007760254,-3.173706,-34.385498,-125.93945,86.459526,183.22527,863.1737
43.04375,42.13125,1895.6654,0.4198773,0.0005512739,-1.265625,64.837036,30.628906,53.018864,130.85489,718.6019
43.04375,42.14375,1691.808,0.074919194,-0.0007352837,-0.57507324,-97.22864,-25.099365,17.790447,102.05391,515.43677
43.04375,42.15625,1621.0928,0.29301587,0.0019624855,-16.744995,-0.15490723,6.60083,55.919586,172.34413,782.5631
43.04375,42.16875,1363.9333,0.46168903,0.00055584544,-2.0246582,50.322266,-198.15674,50.023743,231.53212,902.0544
43.04375,42.18125,921.51514,0.25305685,0.0016410763,-18.17389,-132.3075,-637.4746,42.32021,139.64777,566.5486
43.04375,42.19375,1183.151,0.5384061,-0.0033950862,27.87561,89.94006,-390.66235,66.89544,166.20657,708.7617
43.04375,42.20625,1277.6232,0.26433328,-0.0002027192,-0.55615234,-50.345093,-339.2804,34.655445,192.7145,982.7105
43.04375,42.21875,1492.2782,0.7678158,0.002813273,-17.654175,-92.44946,-194.31897,112.113785,249.9765,1144.0476
43.04375,42.23125,1812.8506,0.80365855,0.0005560058,1.9018555,-68.462036,14.023315,114.727936,245.98679,1088.2809
43.04375,42.24375,2335.9666,0.3981654,-0.007841156,59.749268,168.49243,419.2025,74.246216,285.4251,1467.7418
43.04375,42.25625,2444.9841,0.76188886,-0.0023483804,17.828857,90.461914,444.94885,101.44703,343.03644,1495.3407
43.04375,42.26875,2311.1543,0.80420446,-0.002600787,22.733643,-6.679199,273.99084,83.89577,367.19205,1478.9504
43.04375,42.28125,2061.6526,0.77740973,0.0028088184,-2.208496,-16.910645,22.812988,115.73893,354.20264,1539.7141
43.04375,42.29375,1817.7452,0.38061157,0.006188235,-37.147217,-169.7124,-207.31104,70.27268,314.81583,1285.1641
43.04375,42.30625,2140.3938,0.4121923,-0.003357067,34.296875,109.99194,158.99231,60.897453,310.43558,1285.1641
43.04375,42.31875,1940.3136,0.72521776,0.0013989683,-4.201538,22.441162,38.654053,105.78043,325.18686,1509.1462
43.04375,42.33125,1576.1249,0.7584637,0.0005944203,-3.545288,-14.319336,-227.8811,111.80563,367.91168,1527.0625
43.04375,42.34375,1179.9991,0.46916664,-0.0014391202,9.960205,-115.66553,-563.0763,81.15186,270.0567,1128.9375
43.04375,42.35625,1129.4982,0.53881526,-0.0035426088,32.271606,-79.46277,-574.27563,97.57817,201.19115,764.7286
43.04375,42.36875,1104.1311,0.62265766,-0.0024140172,22.014404,-96.70093,-575.18896,80.217674,200.7623,902.7291
43.04375,42.38125,962.90924,0.7270243,0.0028305957,-39.22101,-346.62604,-707.253,61.65681,317.4,1505.8021
43.04375,42.39375,1697.6422,0.72855663,-0.004240738,45.526123,152.59961,40.436768,129.21977,450.61096,1648.8763
43.04375,42.40625,1605.1682,0.7191772,0.0019878754,-24.047485,-39.612305,-54.22278,122.61831,462.03787,1605.1155
43.04375,42.41875,1492.6868,0.64348865,0.0005551923,-12.033813,-34.92859,-202.3468,77.273865,400.8672,1493.6775
43.04375,42.43125,1256.9843,0.40565968,0.0016000342,-15.057983,-145.67175,-478.5758,89.337845,323.08417,1240.7441
43.04375,42.44375,1297.0737,0.5840854,-0.0034365132,40.01758,-13.608154,-465.95728,81.748856,237.4105,1075.6074
43.04375,42.45625,1059.4733,0.53768045,0.0027126048,-35.726562,-223.92273,-714.6443,66.730804,162.89183,687.6513
43.04375,42.46875,1110.4299,0.65636814,0.00041606146,-15.078247,-183.79529,-671.5526,76.323326,160.39288,657.205
43.04375,42.48125,1137.4784,0.31422323,0.0024422645,-0.7850342,-122.94568,-635.1776,38.029594,134.0154,630.3096
43.04375,42.49375,1239.5186,0.5585037,0.000119678116,-7.6359863,-55.997192,-545.3351,61.517273,109.682495,513.562
43.04375,42.50625,1410.4462,0.46644324,0.0045859693,-26.467163,15.128296,-402.5409,53.59804,103.01517,650.1128
43.04375,42.51875,1508.3783,0.11017309,-0.000172692,-0.12988281,0.67614746,-322.11096,20.056171,114.479256,640.7562
43.04375,42.53125,1657.2079,0.25808838,0.00038524682,-6.0629883,-14.300537,-183.24902,37.95392,154.2733,725.33386
43.04375,42.54375,1924.0863,0.36341798,0.000609781,-5.5788574,63.190796,83.598755,44.771645,165.25586,865.479
43.04375,42.55625,1795.587,0.340031,0.004168678,-39.52417,-141.6925,-23.255493,46.631535,162.44691,783.8827
43.04375,42.56875,1817.4684,0.64677095,0.0013442418,-16.823486,-15.789185,21.137451,92.798164,236.8792,1083.831
43.04375,42.58125,1620.866,0.66381264,0.005841334,-47.954712,-81.84766,-185.87476,96.97551,282.32074,1085.8578
43.04375,42.59375,1460.5764,0.52667314,0.004340137,-26.555664,-143.17297,-358.9021,86.531784,256.42056,946.5685
43.04375,42.60625,1360.7264,0.29271817,0.003798309,-30.970581,-214.7406,-457.6178,49.426712,181.19395,838.7964
43.04375,42.61875,1742.0404,0.4309621,0.0026086844,-22.059814,-43.286987,-90.30725,64.31563,256.7231,1027.7992
43.04375,42.63125,2377.3848,0.44357246,-0.0037374538,46.40332,291.8152,511.22534,59.38013,223.6191,1022.9839
43.04375,42.64375,2103.0999,0.64800173,-0.00026708256,0.27783203,2.928955,205.69482,106.36964,231.59555,973.2042
43.04375,42.65625,2202.994,0.30056384,-0.006892057,60.027344,141.90552,273.92114,61.17189,221.87158,1027.5013
43.04375,42.66875,2118.0544,0.6446411,0.00041598952,-3.4221191,61.063232,147.90942,100.74473,276.7011,1136.2784
43.04375,42.68125,1894.0343,0.74426603,0.0037425116,-41.724365,-21.337036,-91.399414,119.57842,321.51437,1174.1154
43.04375,42.69375,1752.3605,0.67639333,-0.00016560729,8.644653,46.90271,-211.36914,81.81992,281.4929,1116.421
43.04375,42.70625,1614.1112,0.5858993,-0.004774001,42.46338,35.105957,-322.04163,73.60197,174.39323,703.6234
43.04375,42.71875,1408.8734,0.14864582,-0.00016763058,-4.0880127,-161.98743,-497.37378,30.884867,169.36057,702.65295
43.04375,42.73125,1403.6676,0.11651424,-9.80835e-05,-3.090088,-145.64551,-484.25537,7.7942286,152.60652,639.49
43.04375,42.74375,1488.0967,0.05186714,-0.0011680785,19.879883,-69.9906,-402.43835,23.569048,154.21089,585.5742
43.04375,42.75625,1537.6465,0.8488724,-0.0002777766,-10.804077,-102.823,-384.56006,74.25126,176.22571,765.5254
43.04375,42.76875,1455.1516,0.23461816,0.0043107904,-60.38269,-281.72205,-489.91882,58.779247,197.19914,859.9977
43.04375,42.78125,1512.5651,0.42736146,0.0022178113,-30.761719,-269.75488,-453.39062,79.69473,240.75195,860.3638
43.04375,42.79375,1630.0009,0.6828307,0.001308402,-16.18457,-180.93958,-383.55994,115.034775,259.5968,861.85864
43.04375,42.80625,1576.0203,0.35138422,0.0007887328,-19.531616,-217.29956,-497.65405,75.16981,233.91826,842.2473
43.04375,42.81875,1562.7484,0.39409605,0.00010175111,-12.13562,-171.52588,-548.6056,39.096035,175.24554,794.59863
43.04375,42.83125,1531.5814,0.02448035,0.0015058643,-22.204468,-189.32092,-589.9269,19.026299,148.78592,591.3579
43.04375,42.84375,1573.9484,0.023721987,8.379325e-05,-1.2908936,-167.84131,-574.89246,10.185775,161.38153,607.66833
43.04375,42.85625,1617.0424,0.17438911,0.0016266077,-16.201294,-153.00464,-580.35,30.882843,166.497,635.08264
43.04375,42.86875,1698.1747,0.4236184,0.001673132,-16.994385,-143.57886,-571.8749,59.26424,188.65909,721.3922
43.04375,42.88125,1921.2391,0.25712177,-0.00019521675,-0.2894287,-63.313965,-430.2655,65.16134,229.81297,893.9199
43.04375,42.89375,2036.0627,0.4442113,0.003153625,-11.869751,-130.61841,-405.59717,64.17554,246.80052,1023.40356
43.04375,42.90625,2546.9333,0.5673388,-0.0008020501,10.837891,79.19873,4.8742676,96.23409,345.62552,1451.4626
43.04375,42.91875,3058.6453,0.9877593,-0.0061543644,47.601074,280.65625,396.15308,151.05959,326.43375,1400.7507
43.04375,42.93125,2742.0762,0.8702566,0.0035131117,-49.446777,-191.4148,-67.474365,143.44511,294.80164,1232.7732
43.04375,42.94375,2922.5112,0.40534547,0.002610814,-29.99121,-196.37866,-26.060059,70.68239,250.10997,1164.9961
43.04375,42.95625,3552.287,0.6302503,-0.0050081103,59.131836,171.92944,591.08594,128.30823,206.95169,1009.88745
43.04375,42.96875,3903.0835,0.33001602,-0.004102551,47.991943,311.09888,1024.7019,75.39894,266.4939,1261.4404
43.04375,42.98125,3547.8696,0.6299913,-0.001655493,3.0666504,-107.06445,758.7036,130.31883,423.6756,1727.47
43.04375,42.99375,3424.1787,0.9946293,0.0019993358,-22.713623,253.89307,738.66626,148.44864,836.1483,2714.7861
43.03125,42.00625,1839.2019,0.6229413,0.0020811653,-18.437988,-125.15283,-207.32507,58.794132,135.70187,586.7473
43.03125,42.01875,2185.624,0.10013466,-0.0059742876,46.108643,169.1333,107.71802,39.312847,123.61836,669.96716
43.03125,42.03125,1883.6061,0.4489791,0.00057326304,-4.920044,-139.09143,-221.32971,62.21736,157.48413,745.2438
43.03125,42.04375,1945.7515,0.33244276,0.0015911893,-19.98877,-173.88062,-180.26782,46.634216,175.91902,730.8345
43.03125,42.05625,2400.317,0.38024879,-0.003794646,50.510986,204.00342,263.4048,43.32436,122.97154,538.906
43.03125,42.06875,2063.7153,0.58520955,-0.0007414887,23.845947,4.633789,-60.28369,61.47357,174.64392,743.0803
43.03125,42.08125,1705.878,0.43562615,0.0085836295,-65.75256,-158.93079,-380.83167,62.924557,133.5571,701.9773
43.03125,42.09375,1654.4325,0.51033235,0.0015894816,-10.936401,-93.422,-387.55396,70.432594,187.99867,747.5206
43.03125,42.10625,1753.9576,0.6078176,-0.005658245,43.03784,81.60596,-225.30408,77.55482,210.44893,839.4923
43.03125,42.11875,1623.8317,0.35525516,-0.0017592869,14.849731,4.378296,-285.28345,69.8391,215.48203,844.9319
43.03125,42.13125,1590.7711,0.49594277,0.0018563848,-23.464233,-76.1416,-216.50745,77.13138,199.46053,763.8174
43.03125,42.14375,1846.5469,0.46617234,0.0012735343,-3.862793,121.53113,156.0586,46.722584,146.22499,686.97705
43.03125,42.15625,1692.2773,0.41768858,0.002897608,-30.123413,59.14038,78.948975,61.46544,169.51254,776.6863
43.03125,42.16875,1393.2064,0.61917377,-0.001343437,18.504639,11.222656,-187.35425,106.58154,267.2071,1001.82526
43.03125,42.18125,897.6358,0.23785223,0.0023325584,-21.24414,-143.42792,-692.9299,42.882835,204.3875,871.33606
43.03125,42.19375,894.36395,0.1272719,0.0016165875,-13.021545,-96.767334,-718.29926,35.472702,149.47011,570.9004
43.03125,42.20625,1288.8188,0.68276614,-0.0025475156,43.724854,26.409546,-369.15125,91.36534,239.6985,1051.0646
43.03125,42.21875,1499.645,0.6198655,0.0032808555,-25.591797,-91.895386,-221.71753,103.95071,253.62424,1018.6411
43.03125,42.23125,1975.8701,0.37088853,-0.0061918944,39.668945,184.10425,159.37341,56.276104,236.70552,1075.7377
43.03125,42.24375,1622.7955,0.4494499,0.007827594,-59.63257,-229.56982,-286.32507,66.89357,252.15273,1106.7668
43.03125,42.25625,1924.6936,0.58574337,-0.0024451814,19.51294,27.840454,-46.041138,100.263405,258.91504,1163.3793
43.03125,42.26875,2020.7892,0.4236905,-0.00050904864,-0.66674805,93.367065,30.14624,50.28419,212.6088,1089.6444
43.03125,42.28125,1703.7312,0.5936432,-0.0006705207,4.5460205,-43.170654,-274.40674,83.87341,266.0315,1274.4299
43.03125,42.29375,1404.8292,0.7106973,-0.0016157388,5.815796,-204.8783,-549.15063,67.93931,232.5903,1117.0737
43.03125,42.30625,1893.0562,0.34147248,-0.0062967115,56.694336,291.87793,-14.426514,61.44306,285.62827,1326.8135
43.03125,42.31875,1378.5374,0.7839838,-0.0026480146,16.267578,-65.168945,-453.84705,115.13742,347.06827,1305.8586
43.03125,42.33125,1078.9385,1.20979,0.0012305062,-14.729492,-203.49548,-670.53394,158.79114,287.80484,1134.9646
43.03125,42.34375,1047.1936,1.4158013,0.00411302,-55.52722,-208.87573,-664.1228,188.29366,267.0845,1114.5223
43.03125,42.35625,1022.9377,0.6502787,0.003927959,-28.165466,-195.52057,-668.8349,81.489265,242.88629,1045.6958
43.03125,42.36875,1596.4612,0.57041425,-0.004800644,60.533813,280.80066,-86.014404,102.68763,301.45792,1165.2902
43.03125,42.38125,1786.8228,0.79750097,-0.0008094109,8.938965,165.01599,101.95361,134.41634,353.728,1504.6138
43.03125,42.39375,2410.4385,0.5162956,-0.007047184,81.80322,485.8612,724.249,85.416626,320.84772,1590.6035
43.03125,42.40625,2449.923,0.4656901,-0.0012856985,32.67212,358.33813,753.14417,58.116264,257.73047,1062.9401
43.03125,42.41875,2205.5312,0.55023855,-0.00011946551,2.6030273,132.05347,475.2046,93.752335,336.44836,1419.2238
43.03125,42.43125,2051.0608,0.54773927,-0.002060865,26.269897,114.8999,287.9397,87.97443,372.67245,1419.2238
43.03125,42.44375,1686.9084,0.62809104,-0.0020962355,15.410034,-32.455322,-86.471924,78.6559,353.47665,1585.2955
43.03125,42.45625,1598.2665,0.622894,-0.0019270077,14.978394,-20.465698,-169.67249,92.33769,336.21124,1348.0175
43.03125,42.46875,1659.1488,0.5024238,-0.006442456,53.458252,90.93713,-103.73425,80.221565,312.80026,1216.3789
43.03125,42.48125,1560.3907,0.53230125,-0.0045772325,28.035645,157.84106,-184.9585,83.871925,259.73447,1172.8596
43.03125,42.49375,1074.7539,0.3502294,0.006133513,-57.521362,-227.17688,-668.0204,57.74405,153.34764,666.20557
43.03125,42.50625,1197.8038,0.6258089,5.7574227e-05,-4.517334,-119.15271,-557.7689,92.19612,133.88287,642.8213
43.03125,42.51875,1348.3303,0.38426065,-0.0004694466,12.70874,3.4830322,-414.8037,60.665066,151.11957,597.1575
43.03125,42.53125,1445.0172,0.40959176,-0.003251094,20.958008,-3.4881592,-323.88525,59.428528,215.39441,832.34375
43.03125,42.54375,1702.6929,0.4414338,-0.0023172048,14.899902,86.218994,-73.73242,67.65723,218.24756,906.8469
43.03125,42.55625,1712.6133,0.111044794,-0.0011286921,8.9470215,44.94641,-57.61267,37.85499,186.83081,823.6255
43.03125,42.56875,1576.3871,0.4879309,3.7964073e-05,9.157593,32.874756,-184.22534,73.13173,191.20538,823.6255
43.03125,42.58125,1276.4387,0.1345716,0.0010191357,-16.271606,-179.24023,-500.79773,22.15852,136.74886,595.63
43.03125,42.59375,1466.4382,0.26303518,-0.0006004804,5.7438965,-23.507568,-329.69788,49.751884,125.3176,458.01575
43.03125,42.60625,1635.4695,0.20502315,-0.0001244399,-5.1778564,28.504883,-165.818,32.622845,148.06671,638.2577
43.03125,42.61875,1930.788,0.29589316,-0.0003404454,8.849365,140.08545,114.515625,47.513157,200.31476,1016.6583
43.03125,42.63125,1889.8802,0.76137674,-0.0027451806,22.894165,16.173706,47.14734,80.979935,225.64851,1013.0448
43.03125,42.64375,1745.2045,0.5292794,-0.0017725619,9.452026,-38.395264,-117.23218,86.37129,231.85503,1144.7379
43.03125,42.65625,1813.0693,0.70655125,-0.005001211,31.868164,109.70154,-64.730835,73.87489,254.1289,993.0498
43.03125,42.66875,1545.5084,0.71474886,0.0019985365,-15.81189,-94.1156,-362.86206,80.16234,273.8001,993.0498
43.03125,42.68125,1388.9935,0.34598374,-0.0009013993,-0.5595703,-164.8772,-535.2571,57.105167,195.85007,850.3302
43.03125,42.69375,1347.3026,0.30652747,0.0010372545,-6.5792236,-186.79858,-566.4054,27.32444,156.22499,667.9857
43.03125,42.70625,1481.1238,0.37719098,0.0007586386,-9.392944,-92.84985,-413.59082,69.191765,175.99432,755.15625
43.03125,42.71875,1667.9884,0.48947096,-0.00066553,1.9802246,-2.8897705,-205.3407,77.11193,233.29381,868.91833
43.03125,42.73125,1846.4783,0.345959,-0.0020924225,32.276123,68.32544,-15.415283,59.876957,268.5903,966.499
43.03125,42.74375,1930.9811,0.10656109,-0.00056222,11.567871,59.30078,68.74109,47.2414,289.0013,967.4552
43.03125,42.75625,1977.0096,0.5962311,0.0020924944,-9.039185,31.029175,86.66321,99.26606,309.37033,1002.5325
43.03125,42.76875,2184.0796,0.5660663,-0.002863678,23.422607,186.42749,280.40112,104.27608,295.89102,989.422
43.03125,42.78125,2311.0713,0.4032592,-0.0030828991,39.49707,308.8838,405.25085,63.97265,239.6946,986.6609
43.03125,42.79375,2200.4136,0.28261024,0.00078645785,4.8632812,169.87683,272.77466,37.01351,200.72743,826.13684
43.03125,42.80625,2286.1558,0.31347734,-0.00022308237,11.3186035,273.30457,318.27307,34.94281,196.861,779.0569
43.03125,42.81875,2020.9165,0.21639259,9.774132e-05,3.5405273,133.73816,21.951782,35.305805,170.5777,772.34204
43.03125,42.83125,1936.9932,0.06577865,5.733957e-05,1.6307373,119.7218,-75.64087,27.290108,147.48474,591.3579
43.03125,42.84375,2066.5337,0.42377833,-0.002184048,50.158203,241.68945,24.352295,55.605755,169.37016,630.0387
43.03125,42.85625,2139.2498,0.3188755,-0.0024469586,31.133057,244.40955,48.84546,56.484512,184.43631,685.2844
43.03125,42.86875,2183.8518,0.3314028,0.00081973127,3.2177734,147.23987,22.893066,61.12692,185.18234,772.4911
43.03125,42.88125,2293.0142,0.48087105,-0.0002502371,-8.110596,68.136475,51.8916,47.565742,196.7727,922.4342
43.03125,42.89375,2487.495,0.2550209,0.0010002549,-6.637207,69.17114,159.27539,60.7536,190.39433,849.24133
43.03125,42.90625,2694.8928,0.46651968,0.0010977909,-13.682617,21.132324,271.5515,64.88837,236.66327,1207.0083
43.03125,42.91875,3128.314,0.23190461,-0.0027008858,44.161377,180.38696,594.50586,42.68489,187.70721,844.344
43.03125,42.93125,3252.215,0.6338127,-0.0010926283,18.60498,173.70557,586.95264,75.76939,175.2113,830.0503
43.03125,42.94375,3481.076,0.123813614,-0.007920206,90.269775,309.25244,686.5642,61.975803,189.96053,897.87134
43.03125,42.95625,3372.6504,0.5580413,0.004956832,-41.958984,-7.85791,559.3677,89.54887,211.72151,1009.88745
43.03125,42.96875,3633.5486,0.17146136,0.001016382,-9.730469,-47.31665,884.63477,36.013885,248.33043,1170.802
43.03125,42.98125,4009.1648,0.28733042,0.0052818763,-52.708252,34.217285,1328.5054,73.232506,296.51813,1486.9988
43.03125,42.99375,4754.2793,0.43213218,-0.0075890403,95.20752,1239.2546,2154.9885,82.740555,979.6714,2719.8086
43.01875,42.00625,1982.1819,0.3299995,-0.0030278622,35.627563,145.3114,-34.339233,43.116123,162.85345,688.85815
43.01875,42.01875,2064.1904,0.22377129,-0.0018938471,19.18982,147.64453,25.611816,33.988968,141.90225,676.053
43.01875,42.03125,1717.648,0.48768964,0.0021455516,-26.379028,-147.8628,-337.636,43.387787,139.0036,665.0227
43.01875,42.04375,1909.5764,0.52012223,0.00028057158,1.4708252,17.324585,-155.1482,69.03803,199.2994,883.33264
43.01875,42.05625,2149.9836,0.49498743,0.0007939786,-1.3850098,110.0199,84.24365,75.967094,204.90242,904.20764
43.01875,42.06875,2166.0334,0.45206833,0.0011932802,-11.943848,92.289795,115.97705,69.31089,165.8056,732.25073
43.01875,42.08125,1852.3601,0.67178756,0.005030712,-46.21521,-98.66577,-164.656,98.035706,196.38419,875.82715
43.01875,42.09375,1714.4551,0.54475784,0.0037561124,-24.183228,-40.938232,-266.01843,88.72006,220.82573,846.3898
43.01875,42.10625,1378.5629,0.3774943,0.0028581554,-21.072266,-206.03589,-552.13696,60.32516,181.18637,855.59143
43.01875,42.11875,1237.965,0.16130188,0.0042661536,-54.354614,-209.13904,-638.4536,44.82187,153.43892,782.5979
43.01875,42.13125,1332.499,0.47251672,0.0018056284,-17.745972,-82.35779,-465.13953,82.930695,208.79056,890.8967
43.01875,42.14375,1452.7706,0.68963015,6.1474995e-05,-0.31237793,-21.867188,-253.68408,96.4715,254.42288,921.4605
43.01875,42.15625,1658.5552,0.79845184,0.000105643594,-23.396606,95.316895,10.760498,88.492935,216.93605,908.55646
43.01875,42.16875,1620.88,0.66856384,-0.0017302972,23.858887,183.26099,-5.557617,82.46363,258.24747,1005.8358
43.01875,42.18125,1058.859,0.58087647,-0.0012897343,11.716797,12.951538,-581.8871,79.73942,242.42653,911.07245
43.01875,42.19375,838.21594,0.19483505,-0.0012110907,4.755371,-132.71393,-823.0215,37.052326,174.21234,710.39984
43.01875,42.20625,1311.9688,0.69430685,-0.002062421,12.235962,-8.581909,-386.97314,67.34055,284.07086,1057.2539
43.01875,42.21875,1842.3359,0.6217651,-0.0011369621,3.874878,142.58301,95.34265,89.49162,211.13089,880.5205
43.01875,42.23125,1755.2179,0.5440398,0.000403288,-16.416138,18.060791,-62.822266,63.31074,181.97389,778.5293
43.01875,42.24375,1345.9603,0.37752315,0.0039586825,-35.103394,-229.77563,-538.9563,48.505154,192.65059,916.07227
43.01875,42.25625,1419.6952,0.09790303,0.007104956,-44.87329,-115.24426,-509.92712,56.962708,225.19658,965.4531
43.01875,42.26875,1705.266,0.65268326,-0.0006805201,9.907471,78.84485,-233.95703,93.32738,260.45874,1151.531
43.01875,42.28125,1596.9851,0.6644451,0.0014938769,-23.739868,117.78369,-323.48767,96.514244,347.8922,1300.9833
43.01875,42.29375,1094.5964,0.79748327,0.0041460404,-40.137573,-184.7732,-800.21484,83.70185,272.68045,1101.4991
43.01875,42.30625,1351.1259,0.7228698,-0.0035984654,31.701904,112.09668,-502.2257,118.47943,271.52853,1091.3463
43.01875,42.31875,866.8055,0.5105456,0.0050704875,-63.347046,-358.01752,-924.9738,68.05007,280.58777,1197.4028
43.01875,42.33125,1545.928,0.5075899,-0.00877829,79.48352,113.644165,-185.33301,106.61144,375.39728,1269.6187
43.01875,42.34375,1913.1487,0.65624005,-0.0031430987,37.986206,336.31677,197.64514,81.21576,298.74487,1249.1765
43.01875,42.35625,1311.613,0.6927708,-0.0013662777,15.22876,-117.115234,-398.42908,89.98125,232.16428,1060.8483
43.01875,42.36875,1279.5084,0.8281378,-0.0002748375,2.6396484,-130.21094,-431.79138,110.216835,239.28278,1082.3433
43.01875,42.38125,1642.3849,0.7067564,0.0005856679,-12.129517,36.88965,-81.22266,69.14116,280.10846,1294.5161
43.01875,42.39375,1661.1526,0.51140636,0.004903933,-39.04187,-93.226074,-75.193115,79.24014,320.5191,1294.5415
43.01875,42.40625,1791.5226,0.67261726,0.0006595559,-16.256104,-136.52454,38.792847,93.00672,331.52188,1255.8193
43.01875,42.41875,2213.9653,0.6634837,0.0022824446,-15.893555,42.721924,427.36853,106.06366,284.7007,1274.9412
43.01875,42.43125,2609.1348,0.78816676,-0.0008551254,29.867432,306.0896,796.2617,98.460655,244.6845,1077.263
43.01875,42.44375,2371.8567,0.8843811,-0.0018992434,7.0861816,134.72974,560.5304,165.50377,333.3699,1300.415
43.01875,42.45625,2176.4573,0.594308,-0.00032098882,-9.607178,-16.421875,377.47205,93.93881,361.25546,1319.3838
43.01875,42.46875,2205.831,0.7657328,-0.0028334677,23.985107,131.5625,419.14722,99.7547,351.3837,1402.4429
43.01875,42.48125,1605.496,0.5983782,0.007967629,-49.97766,-187.00952,-158.52368,106.30381,328.96466,1531.1583
43.01875,42.49375,1694.6617,0.42850465,-0.0033380073,30.60669,134.50049,-55.516113,66.38524,289.8836,1192.1708
43.01875,42.50625,1462.8656,0.78611565,-0.0026015416,19.38562,-16.251587,-289.73315,93.19737,266.40524,1109.278
43.01875,42.51875,1393.3365,0.7118147,0.0011398613,-9.963745,-3.369995,-357.1621,83.87565,235.03723,991.68774
43.01875,42.53125,1156.0621,0.13968967,-0.0006320869,5.1881104,-161.98438,-595.1294,30.85855,155.42361,666.76953
43.01875,42.54375,1251.2504,0.36907756,0.002085684,-7.689209,-100.5387,-510.46692,73.12746,178.45203,681.63745
43.01875,42.55625,1382.4373,0.3074975,0.0008362496,-5.612671,-0.44921875,-380.6831,62.922573,183.77126,649.7937
43.01875,42.56875,1310.4304,0.5383683,0.0020920406,-19.819092,-61.224976,-451.1858,83.09859,149.68634,577.82605
43.01875,42.58125,1605.3342,0.18803659,-0.00096835365,13.765625,186.07446,-174.93555,39.271492,141.82384,554.166
43.01875,42.59375,1650.15,0.5863484,-0.0021344898,29.682617,184.53284,-153.73145,79.181755,155.06209,557.85535
43.01875,42.60625,1481.9867,0.38691908,-0.0020473676,10.418945,-4.0998535,-329.44763,77.12814,197.35754,739.54724
43.01875,42.61875,1449.316,0.46725777,0.0021830152,-20.109985,-74.973755,-375.71606,80.48136,228.00165,845.23303
43.01875,42.63125,1448.3389,0.5110473,0.0025094298,-21.386719,-70.83655,-394.32385,84.89552,221.01866,828.5156
43.01875,42.64375,1398.9232,0.4210347,-0.0017366646,2.4108887,-96.25757,-457.91675,64.35546,174.92355,716.90625
43.01875,42.65625,1262.6288,0.2035778,0.004850017,-57.99939,-239.69836,-601.18555,50.867474,148.388,600.7246
43.01875,42.66875,1535.0155,0.6599699,-0.0021155842,26.999146,-0.73217773,-348.43884,99.80731,164.38446,643.4144
43.01875,42.68125,1629.8983,0.45017126,-0.000112020265,3.5495605,43.948242,-264.8861,73.59178,192.87108,702.921
43.01875,42.69375,1740.1744,0.2938531,0.0015351855,-19.26831,124.98889,-145.88269,43.330128,183.62393,679.3434
43.01875,42.70625,1861.31,0.11278639,-0.0020235654,29.188965,172.61572,-14.200073,28.905016,174.36313,758.0232
43.01875,42.71875,2067.2734,0.3252304,-0.001559395,24.818481,175.00696,202.50696,52.12245,193.96907,916.00415
43.01875,42.73125,2197.3293,0.33981138,0.000752935,-4.7226562,169.8352,335.60693,54.401287,161.97531,770.0072
43.01875,42.74375,2307.004,0.4808355,-0.0030862382,39.13623,294.08655,445.0376,69.19899,223.30585,958.74646
43.01875,42.75625,2197.849,0.6401071,-0.0033451046,26.504639,203.5509,314.02808,109.73149,274.4162,1028.1193
43.01875,42.76875,2136.7297,0.539839,-0.0029795466,18.78833,161.31946,245.32263,91.416626,302.5508,997.59534
43.01875,42.78125,1811.9443,0.57696915,-0.0025045513,19.787964,-67.028564,-75.24426,99.47236,293.18082,997.2706
43.01875,42.79375,1883.2751,0.67650867,0.00039535458,-3.6950684,6.309326,-10.944824,98.27131,260.76904,879.7622
43.01875,42.80625,1908.7023,0.19475085,0.0007400835,-11.327026,3.758789,-5.805664,39.306488,237.52473,851.9564
43.01875,42.81875,1925.1237,0.21129692,-0.0042794524,41.45923,113.33972,-5.7092285,56.703175,192.47208,788.42017
43.01875,42.83125,1760.7632,0.33211875,0.0021856476,-8.144165,-38.998047,-182.31555,44.718563,158.90721,643.57153
43.01875,42.84375,1708.5378,0.79186517,0.0005782075,-15.594238,-184.84778,-264.34998,99.46482,173.9461,671.5825
43.01875,42.85625,1671.1672,0.4902336,0.0021389863,-41.2959,-272.2921,-344.6963,57.79922,175.18275,651.0498
43.01875,42.86875,1919.9884,0.58120793,0.0025841594,-19.321167,-81.33716,-160.94641,69.47842,191.40598,745.2622
43.01875,42.88125,2077.888,0.48137993,0.004513813,-46.931152,-113.68115,-83.17505,70.91192,221.64273,885.93835
43.01875,42.89375,2422.0994,0.4830239,0.0019876673,-20.285645,13.249268,171.77979,60.872818,185.76868,928.635
43.01875,42.90625,2601.812,0.3554964,0.00016887333,6.5668945,15.422119,253.6167,51.841103,188.8187,1028.1775
43.01875,42.91875,2750.1558,0.3249352,-0.001387636,13.598633,9.852051,291.28223,52.41183,202.19545,922.0469
43.01875,42.93125,2896.5847,0.22047909,5.6205557e-05,2.7832031,17.157227,316.75903,45.63442,212.42763,1090.8367
43.01875,42.94375,3088.974,0.34418118,-0.0033124448,42.74292,54.999268,397.74048,44.56456,228.51259,961.7727
43.01875,42.95625,3124.7659,0.24269024,-0.0011869988,10.283936,-88.12427,412.02295,39.20459,251.47565,914.72705
43.01875,42.96875,3277.3132,0.47830123,0.0034626746,-49.06299,-125.17651,612.03516,91.618774,307.07004,1327.4558
43.01875,42.98125,3749.262,1.2006035,-0.004728388,20.050049,139.49438,1142.4817,180.48268,463.00107,2096.6409
43.01875,42.99375,3847.2473,1.0966139,-0.0076906513,53.086914,604.89307,1312.9451,157.20686,904.1189,2719.8086
43.00625,42.00625,1554.0916,0.32802847,0.0001491322,-2.4925537,-231.10632,-443.56177,60.93849,218.16852,684.02563
43.00625,42.01875,1658.9451,0.505403,-0.00012148803,-7.4243164,-190.99231,-354.98657,81.84437,189.79265,713.28784
43.00625,42.03125,1844.6803,0.57403684,0.001113424,9.024414,-4.475342,-178.91174,60.76183,165.79655,637.96265
43.00625,42.04375,1560.4552,0.5948943,0.0023543823,-19.478394,-269.92896,-466.5509,52.780205,175.36249,699.97156
43.00625,42.05625,1752.7253,0.56476617,0.0019055222,-24.24292,-183.09534,-270.51416,81.11566,180.22902,842.40784
43.00625,42.06875,2136.6533,0.8071595,-0.00041770062,15.813232,81.29492,129.02637,67.15281,116.98077,638.51587
43.00625,42.08125,1926.8817,0.45566365,0.0043089036,-29.594604,-122.51135,-51.016357,52.03364,108.18965,625.4282
43.00625,42.09375,2030.8241,0.387251,-0.0021248139,31.937134,72.763916,80.36914,50.30656,157.72444,818.5709
43.00625,42.10625,1908.4019,0.8159102,-0.00023577204,-9.1102295,74.74988,-6.6450195,107.99421,238.22678,959.1688
43.00625,42.11875,1627.3728,0.7585347,0.00051737594,-14.723999,-50.749146,-247.03406,114.221275,310.156,990.62744
43.00625,42.13125,1312.4886,0.5407963,0.0039112302,-34.507446,-239.12427,-502.6029,89.85265,352.8353,1004.3784
43.00625,42.14375,1070.6644,0.6622035,0.0052137338,-50.80371,-422.86035,-673.1599,89.61306,378.64627,1095.8296
43.00625,42.15625,1284.1721,0.5027077,-0.002247339,21.94629,-274.9773,-414.1991,88.25177,364.96884,1095.8296
43.00625,42.16875,1484.5305,0.41303492,-0.004316747,49.93921,-57.676636,-196.51562,64.86235,379.5998,1213.8186
43.00625,42.18125,893.62524,0.6278102,6.56042e-05,0.14642334,-423.07434,-799.1356,73.30544,504.48996,1317.0104
43.00625,42.19375,1016.3154,0.7403877,-0.0049630273,46.564697,-289.50293,-688.23303,87.09908,506.39163,1317.0104
43.00625,42.20625,1280.116,0.62143844,0.0017660437,-28.284424,-281.47107,-443.97266,87.965195,375.88528,1219.4895
43.00625,42.21875,1733.8964,0.3389117,-0.004449603,21.32251,-36.39856,-15.38855,50.869934,238.07825,856.62036
43.00625,42.23125,1778.9183,0.45714578,-0.004763103,49.30017,3.7659912,-17.10608,75.04332,233.14265,754.62915
43.00625,42.24375,1333.7958,0.8299181,0.0013553455,-1.1682129,-286.48022,-505.2998,91.73944,316.00436,1008.4557
43.00625,42.25625,1369.1313,0.48090515,-0.003624815,25.554443,-155.97229,-501.2461,72.47068,352.23465,1032.368
43.00625,42.26875,1336.8049,0.58297575,-0.0015811981,18.085083,-213.23657,-539.0946,72.96746,369.638,1276.6952
43.00625,42.28125,941.00934,0.8642194,-0.0012478158,-4.0825806,-512.0463,-919.8941,111.85454,455.8336,1276.6952
43.00625,42.29375,820.88715,0.1466108,0.0044892253,-58.22003,-516.72626,-1022.34796,55.764572,481.80338,1267.9773
43.00625,42.30625,825.3893,0.4504748,0.0045925975,-54.137817,-529.2516,-988.8729,71.988716,467.4178,1242.7937
43.00625,42.31875,1464.8113,0.89661074,-0.0026910058,23.702515,-57.802124,-307.18164,102.93384,429.43887,1241.3401
43.00625,42.33125,1997.0275,0.19222534,-0.0044724788,75.17859,184.66101,260.78345,65.45227,280.20752,1245.74
43.00625,42.34375,2027.8888,0.5850961,-0.0034361605,34.131226,162.07861,289.885,68.62762,202.52716,824.578
43.00625,42.35625,1562.5736,0.80058306,0.0002240837,-19.761963,-142.19543,-183.6781,115.98599,302.13242,1012.5176
43.00625,42.36875,1409.5591,0.4550175,0.0046791253,-34.328003,-190.3335,-352.16174,77.24474,329.96515,983.37366
43.00625,42.38125,1495.6638,0.7538973,0.0002583247,-1.5396729,-129.71948,-288.24207,128.96706,303.96753,928.5812
43.00625,42.39375,1426.258,0.5281265,-0.000106718595,-1.6223145,-249.39136,-379.1294,106.02181,269.5691,820.90857
43.00625,42.40625,1433.1414,0.32303727,-0.0011620844,-9.122314,-332.8009,-394.78528,64.86043,246.15036,944.94165
43.00625,42.41875,2014.8608,0.6747004,-0.0035202529,49.724487,28.386475,148.67053,83.927055,251.31404,1357.4866
43.00625,42.43125,2099.7856,0.55843663,0.005573066,-44.56372,-121.47388,212.09558,92.10592,246.29555,1087.3971
43.00625,42.44375,2239.6233,0.6022126,-0.0023113762,4.2226562,-70.673096,354.27905,105.468,239.35121,807.13916
43.00625,42.45625,2591.817,0.5144675,-0.0020309477,18.995117,235.12305,722.38354,87.07181,255.61006,807.22363
43.00625,42.46875,2592.841,0.45882887,0.0021272541,-4.755371,300.15674,743.4158,77.304596,274.5387,1177.6442
43.00625,42.48125,2135.611,0.5779942,-0.00022906066,-9.274658,39.701904,314.7738,93.25503,234.28935,1247.9524
43.00625,42.49375,2179.491,0.6595291,-0.0077815517,88.74585,241.45825,380.98743,126.8641,237.40314,1120.8013
43.00625,42.50625,2031.8804,0.75647885,0.0010002131,4.3204346,170.93054,241.38269,110.95269,220.95305,1016.7666
43.00625,42.51875,1731.7185,0.62308866,0.001047171,3.493164,-8.755737,-42.875977,62.225395,277.62878,1130.2905
43.00625,42.53125,1494.595,0.6435913,-0.002708547,20.327515,-83.52258,-269.35583,78.97943,329.87082,943.64246
43.00625,42.54375,1290.8792,0.17657474,-4.4548924e-05,-1.4207764,-212.255,-475.0183,36.74915,360.9813,943.64246
43.00625,42.55625,1205.475,0.23716435,0.001603024,-7.319702,-280.8225,-561.3043,35.69839,362.968,920.91724
43.00625,42.56875,1211.7456,0.4082092,0.0010868274,-20.087524,-316.8518,-556.9601,61.223972,345.00433,900.1261
43.00625,42.58125,1193.2053,0.28927875,0.0016848469,-39.042236,-395.4746,-593.2743,39.954662,315.80057,883.01855
43.00625,42.59375,1423.7457,0.6022859,-0.002055,26.360596,-152.43555,-381.1892,99.1514,321.49457,875.30896
43.00625,42.60625,1376.1143,0.5061051,-0.0044187717,35.765625,-166.87793,-433.61536,52.31037,330.56128,853.2628
43.00625,42.61875,1207.9581,0.21263926,0.0030830945,-39.531494,-326.43982,-613.2543,33.470135,332.13327,853.2628
43.00625,42.63125,1248.3634,0.31214386,0.004705428,-27.865845,-278.20898,-587.1134,31.07853,335.01306,848.1759
43.00625,42.64375,1329.0885,0.08077926,-8.441174e-05,0.9844971,-228.9596,-517.693,12.108881,322.41202,815.32605
43.00625,42.65625,1617.8296,0.37006247,0.00043884796,0.07324219,-14.877441,-234.47363,52.90794,291.22284,799.2717
43.00625,42.66875,1482.8486,0.51007867,-0.002189863,16.061035,-235.71008,-379.17346,87.32411,244.16183,783.09045
43.00625,42.68125,1769.2805,0.6203914,-0.0007893936,10.540405,-9.776611,-98.34473,76.980515,217.51265,768.6133
43.00625,42.69375,1346.242,0.29066285,0.010106333,-79.34558,-414.0415,-519.3207,64.41176,235.69153,701.12866
43.00625,42.70625,1365.1414,0.18586351,0.0078306375,-64.97595,-394.62976,-503.2417,56.22166,242.4634,724.45447
43.00625,42.71875,1834.6779,0.45865038,-0.005839484,44.775513,-76.15503,-36.348145,85.624176,222.41852,917.6095
43.00625,42.73125,1905.0562,0.55007666,-8.3510604e-05,6.755615,-81.25708,27.91211,101.80496,204.0294,944.7163
43.00625,42.74375,1568.6788,0.7499718,0.0006567045,-15.299438,-321.3285,-312.76575,101.87002,253.12645,945.6998
43.00625,42.75625,1486.2947,0.63152313,0.00051560445,-9.85144,-324.13647,-414.47876,70.48759,242.00723,914.0177
43.00625,42.76875,1445.3411,0.21283416,0.0062577003,-62.259888,-352.23474,-464.03503,57.23635,222.54944,786.01965
43.00625,42.78125,1659.9099,0.6113139,0.003981196,-25.011353,-118.60437,-245.57117,72.87489,212.09608,698.52014
43.00625,42.79375,1510.7854,0.29837745,0.0018786163,-28.684692,-272.3152,-395.18298,56.628174,202.99939,585.56384
43.00625,42.80625,1547.1472,0.4183575,-0.0017769666,8.435181,-247.97229,-367.261,35.33058,198.81398,569.1926
43.00625,42.81875,1668.7949,0.086501405,-0.002222231,15.618042,-106.02551,-250.48645,48.510307,199.92686,546.76794
43.00625,42.83125,1612.2349,0.38404125,-0.0013683512,3.512329,-208.22546,-316.35803,69.15743,193.62012,643.57153
43.00625,42.84375,2036.5436,0.39170533,0.0006858113,-2.775879,88.558105,80.98706,59.331696,178.4811,728.4741
43.00625,42.85625,2196.708,0.54970646,-0.00095878105,23.219238,200.39453,206.50085,81.62414,161.38077,697.92883
43.00625,42.86875,1962.4664,0.64296347,0.00032221465,-0.73742676,-2.6252441,-86.90076,106.56688,147.67955,691.44434
43.00625,42.88125,1841.8455,0.31062406,0.001262429,-16.592773,-197.41943,-281.57935,51.485435,153.33052,740.9376
43.00625,42.89375,2103.2852,0.48471507,0.005068685,-36.588135,-76.66992,-99.853516,75.98026,179.68723,820.4689
43.00625,42.90625,2358.9456,0.2920053,-0.00020053705,4.4277344,55.172363,67.72949,45.667274,208.4922,741.1168
43.00625,42.91875,2526.7397,0.31148955,-0.004098251,29.710205,128.8313,134.07935,67.16398,258.48502,874.05554
43.00625,42.93125,2640.917,0.3074694,-0.0050724354,41.164062,150.26318,140.85596,39.9875,314.45428,1048.2526
43.00625,42.94375,2802.8535,0.2740952,-0.0018984227,25.888672,205.07495,205.42651,42.97092,374.27396,1094.163
43.00625,42.95625,2923.4802,0.51517487,-0.00020013133,-1.4799805,218.59473,304.73682,79.85612,442.0588,1373.9852
43.00625,42.96875,3008.5947,0.66699743,0.003599455,-23.401123,213.19263,430.4065,62.609905,501.1442,1704.7584
43.00625,42.98125,3076.8635,0.3950427,-0.00699314,49.25415,254.89941,550.6553,54.763126,546.5954,1802.7438
43.00625,42.99375,2667.6711,0.6046113,0.003640293,-36.40332,89.201904,201.76562,95.15776,590.3609,1835.5463
